equipment_category,equipment_id,first_seen_date,last_seen_date,n_records,n_valid_liter_records,id_variants,has_possible_variant,is_new_after_january
BUS,B 7697 TK,2025-01-01,2025-11-30,332,332,[],False,False
BUS,B 7963 TAA,2025-01-01,2026-07-20,557,557,[],False,False
BUS,B 7985 TAA,2025-12-01,2026-07-21,231,231,[],False,True
BUS,B 7987 TAA,2025-01-01,2026-07-20,563,563,[],False,False
COMPRESSOR,Compresor 06,2026-01-01,2026-06-24,91,91,[],False,False
ELF,B 7156 TAB,2025-01-01,2025-11-30,332,332,[],False,False
ELF,B 7157 TAB,2025-01-01,2025-11-30,332,332,[],False,False
ELF,B 7161 TAB,2025-01-01,2025-11-30,332,332,[],False,False
ELF,B 7941 TAA,2025-12-01,2026-03-29,60,60,[],False,True
ELF,B 7943 TAA,2025-12-01,2026-02-28,59,59,[],False,True
ELF,B 7962 TAA,2025-12-01,2026-03-29,59,58,[],False,True
HEAD_TRUCK,103,2025-08-11,2025-08-26,16,0,[],False,True
HEAD_TRUCK,104,2025-01-01,2026-04-08,375,375,[],False,False
HEAD_TRUCK,109,2025-01-06,2025-08-26,22,6,[],False,False
HEAD_TRUCK,118,2025-01-05,2026-06-17,44,44,[],False,False
HEAD_TRUCK,123,2025-08-11,2025-08-26,16,0,[],False,True
HEAD_TRUCK,128,2025-01-02,2026-07-20,499,499,[],False,False
HEAD_TRUCK,129,2025-03-22,2025-08-26,17,1,[],False,True
HEAD_TRUCK,131,2025-01-01,2026-07-20,513,513,[],False,False
HEAD_TRUCK,132,2025-01-01,2026-07-20,471,471,[],False,False
HEAD_TRUCK,133,2025-01-01,2026-07-20,510,510,[],False,False
HEAD_TRUCK,134,2025-01-01,2026-07-20,533,533,[],False,False
HEAD_TRUCK,135,2025-01-01,2026-07-20,505,505,[],False,False
HEAD_TRUCK,136,2025-01-01,2026-07-20,544,544,[],False,False
HEAD_TRUCK,137,2025-01-01,2026-07-20,527,527,[],False,False
HEAD_TRUCK,138,2025-01-01,2026-07-20,511,511,[],False,False
HEAD_TRUCK,139,2025-01-01,2026-07-20,528,528,[],False,False
HEAD_TRUCK,140,2025-01-01,2026-07-20,527,527,[],False,False
HEAD_TRUCK,141,2025-01-01,2026-07-20,526,526,[],False,False
HEAD_TRUCK,142,2025-01-01,2026-07-20,538,538,[],False,False
HEAD_TRUCK,143,2025-01-01,2026-07-20,511,511,[],False,False
HEAD_TRUCK,144,2025-01-01,2026-07-20,499,499,[],False,False
HEAD_TRUCK,145,2025-01-01,2026-07-20,517,517,[],False,False
HEAD_TRUCK,146,2025-01-01,2025-08-26,78,62,[],False,False
HEAD_TRUCK,147,2025-01-03,2026-07-14,506,506,[],False,False
HEAD_TRUCK,148,2025-01-01,2026-07-20,463,463,[],False,False
HEAD_TRUCK,149,2025-01-01,2026-07-20,493,493,[],False,False
HEAD_TRUCK,150,2025-01-01,2026-07-20,508,508,[],False,False
HEAD_TRUCK,151,2025-01-01,2026-07-20,509,509,[],False,False
HEAD_TRUCK,152,2025-01-01,2026-07-20,366,366,[],False,False
HEAD_TRUCK,153,2025-01-01,2026-07-20,547,547,[],False,False
HEAD_TRUCK,154,2025-01-01,2026-07-20,492,492,[],False,False
HEAD_TRUCK,155,2025-01-01,2026-07-20,460,460,[],False,False
HEAD_TRUCK,156,2025-01-01,2026-07-20,511,511,[],False,False
HEAD_TRUCK,157,2025-01-01,2026-07-20,516,516,[],False,False
HEAD_TRUCK,158,2025-01-01,2026-07-20,532,532,[],False,False
HEAD_TRUCK,159,2025-01-02,2026-07-20,499,499,[],False,False
HEAD_TRUCK,161,2025-01-01,2026-07-20,527,527,[],False,False
HEAD_TRUCK,162,2025-01-01,2026-07-20,536,536,[],False,False
HEAD_TRUCK,163,2025-01-01,2026-07-20,509,509,[],False,False
HEAD_TRUCK,164,2025-01-01,2026-07-20,531,531,[],False,False
HEAD_TRUCK,165,2025-01-01,2026-07-20,539,539,[],False,False
HEAD_TRUCK,166,2025-01-01,2026-07-20,537,537,[],False,False
HEAD_TRUCK,167,2025-01-01,2026-07-20,512,512,[],False,False
HEAD_TRUCK,168,2025-01-01,2026-07-20,548,548,[],False,False
HEAD_TRUCK,169,2025-01-01,2026-07-20,521,521,[],False,False
HEAD_TRUCK,170,2025-01-24,2026-07-20,498,498,[],False,False
HEAD_TRUCK,171,2025-01-01,2026-07-20,527,527,[],False,False
HEAD_TRUCK,172,2025-01-03,2026-07-13,102,102,[],False,False
HEAD_TRUCK,173,2025-01-13,2026-07-20,64,64,[],False,False
HEAD_TRUCK,174,2025-01-02,2026-07-20,398,398,[],False,False
HEAD_TRUCK,175,2025-01-01,2026-07-20,540,540,[],False,False
HEAD_TRUCK,176,2025-01-01,2026-04-01,265,265,[],False,False
HEAD_TRUCK,177,2025-01-31,2026-07-20,377,377,[],False,False
HEAD_TRUCK,178,2025-01-03,2026-07-20,394,394,[],False,False
HEAD_TRUCK,179,2025-01-04,2026-07-18,496,496,[],False,False
HEAD_TRUCK,180,2025-01-01,2026-07-20,171,171,[],False,False
HEAD_TRUCK,181,2025-01-15,2026-07-20,408,408,[],False,False
HEAD_TRUCK,182,2025-01-02,2026-07-20,457,457,[],False,False
HEAD_TRUCK,183,2025-01-01,2026-07-20,450,450,[],False,False
HEAD_TRUCK,184,2025-01-01,2026-07-20,495,495,[],False,False
HEAD_TRUCK,185,2025-01-01,2026-07-19,460,460,[],False,False
HEAD_TRUCK,186,2025-01-09,2026-07-20,465,465,[],False,False
HEAD_TRUCK,187,2025-01-01,2026-02-03,22,6,[],False,False
HEAD_TRUCK,188,2025-01-01,2026-07-19,406,406,[],False,False
HEAD_TRUCK,189,2025-01-01,2026-07-20,516,516,[],False,False
HEAD_TRUCK,190,2025-01-01,2026-07-19,428,428,[],False,False
HEAD_TRUCK,191,2025-01-01,2026-07-20,499,499,[],False,False
HEAD_TRUCK,192,2025-01-01,2026-07-20,506,506,[],False,False
HEAD_TRUCK,193,2025-01-01,2026-07-20,516,516,[],False,False
HEAD_TRUCK,194,2025-01-01,2026-07-20,506,506,[],False,False
HEAD_TRUCK,195,2025-01-01,2026-07-20,537,537,[],False,False
HEAD_TRUCK,196,2025-01-01,2026-07-20,506,506,[],False,False
HEAD_TRUCK,197,2025-01-01,2026-07-20,541,541,[],False,False
HEAD_TRUCK,198,2025-01-01,2026-07-20,505,505,[],False,False
HEAD_TRUCK,199,2025-01-01,2026-07-20,506,506,[],False,False
HEAD_TRUCK,200,2025-01-01,2025-11-01,226,226,[],False,False
HEAD_TRUCK,201,2025-01-01,2026-07-20,535,535,[],False,False
HEAD_TRUCK,202,2025-01-01,2026-07-18,519,519,[],False,False
HEAD_TRUCK,203,2025-01-01,2026-07-20,525,525,[],False,False
HEAD_TRUCK,204,2025-01-01,2026-07-20,553,553,[],False,False
HEAD_TRUCK,205,2025-01-01,2026-07-20,545,545,[],False,False
HEAD_TRUCK,206,2025-01-01,2026-07-20,552,552,[],False,False
HEAD_TRUCK,207,2025-01-01,2026-07-20,555,555,[],False,False
HEAD_TRUCK,208,2025-01-01,2026-07-20,503,503,[],False,False
HEAD_TRUCK,209,2025-01-01,2026-07-20,548,548,[],False,False
HEAD_TRUCK,210,2025-01-01,2026-07-19,500,500,[],False,False
HEAD_TRUCK,211,2025-01-01,2026-07-20,551,551,[],False,False
HEAD_TRUCK,212,2025-01-01,2026-07-20,529,529,[],False,False
HEAD_TRUCK,213,2025-01-01,2026-07-20,534,534,[],False,False
HEAD_TRUCK,214,2025-01-01,2026-07-20,531,531,[],False,False
HEAD_TRUCK,215,2025-01-01,2026-07-20,531,531,[],False,False
HEAD_TRUCK,216,2025-01-01,2026-07-20,543,543,[],False,False
HEAD_TRUCK,23,2025-01-01,2026-07-21,358,358,[],False,False
HEAD_TRUCK,67,2025-08-11,2025-08-26,16,0,[],False,True
HEAD_TRUCK,82,2025-01-01,2025-08-26,21,5,[],False,False
HEAD_TRUCK,83,2025-01-06,2026-05-03,385,385,[],False,False
HEAD_TRUCK,90,2025-01-01,2025-12-01,253,253,[],False,False
HEAD_TRUCK,93,2025-01-01,2026-04-20,208,208,[],False,False
HEAD_TRUCK,94,2025-08-11,2025-08-26,16,0,[],False,True
HEAD_TRUCK,95,2025-01-01,2026-07-19,491,491,[],False,False
HEAD_TRUCK,97,2025-08-11,2025-08-26,16,0,[],False,True
HEAD_TRUCK,98,2025-01-16,2025-08-26,105,89,[],False,False
HEAD_TRUCK,99,2025-01-01,2025-08-26,168,152,[],False,False
KEND_OPS,1050.38,2025-01-02,2025-06-28,30,30,[],False,False
KEND_OPS,AD 8130 OA,2026-04-12,2026-04-29,4,4,[],False,True
KEND_OPS,AD 8137 OA,2026-05-05,2026-05-28,6,6,[],False,True
KEND_OPS,AD 8137 OH,2026-06-03,2026-07-20,10,10,[],False,True
KEND_OPS,B 1127 UKV,2025-10-12,2025-10-15,2,2,[],False,True
KEND_OPS,B 1133 RYD,2025-11-30,2026-07-06,14,14,[],False,True
KEND_OPS,B 1146 UIX,2025-03-04,2026-02-11,6,6,[],False,True
KEND_OPS,B 1146 ULX,2025-10-14,2025-10-14,1,1,[],False,True
KEND_OPS,B 1557 CZQ,2025-02-02,2025-07-31,46,46,[],False,True
KEND_OPS,B 1975 HKN,2025-01-03,2025-11-30,115,115,[],False,False
KEND_OPS,B 1975 HKN DM,2026-03-30,2026-03-30,1,1,[],False,True
KEND_OPS,B 8934 CY,2025-04-03,2025-04-15,2,2,[],False,True
KEND_OPS,B 8935 CY,2025-01-03,2025-09-29,11,11,[],False,False
KEND_OPS,B 8940 CY,2025-01-01,2025-07-14,147,147,[],False,False
KEND_OPS,B 8964 CY,2025-03-03,2025-10-17,8,8,[],False,True
KEND_OPS,B 8968 CY,2025-01-27,2025-01-27,1,1,[],False,False
KEND_OPS,B 8984 CY,2025-01-09,2025-08-11,38,38,[],False,False
KEND_OPS,B 8994 CY,2025-02-07,2025-02-07,1,1,[],False,True
KEND_OPS,B 9008 UAU,2025-01-02,2025-02-11,11,11,[],False,False
KEND_OPS,B 9015 RFP,2025-01-05,2025-11-29,58,58,[],False,False
KEND_OPS,B 9015 RFP STOP,2025-12-15,2025-12-31,4,4,[],False,True
KEND_OPS,B 9015 UBE,2025-01-04,2026-07-20,215,215,[],False,False
KEND_OPS,B 9080 VE,2025-08-15,2026-07-16,44,44,[],False,True
KEND_OPS,B 9118 SO,2025-01-25,2025-11-30,12,12,[],False,False
KEND_OPS,B 9118 SQ,2025-07-12,2026-06-13,11,11,[],False,True
KEND_OPS,B 9131 J,2025-02-27,2025-12-29,6,6,[],False,True
KEND_OPS,B 9150 TBD,2025-12-15,2026-07-18,10,10,[],False,True
KEND_OPS,B 9172 CBA,2025-07-01,2025-12-27,22,22,[],False,True
KEND_OPS,B 9254 BBF,2026-06-23,2026-06-23,1,1,[],False,True
KEND_OPS,B 9265 UAM,2025-09-01,2025-09-25,3,3,[],False,True
KEND_OPS,B 9269 UWM,2025-01-02,2026-07-20,70,70,[],False,False
KEND_OPS,B 9289 UWM,2025-06-11,2025-06-26,2,2,[],False,True
KEND_OPS,B 9301 UAU,2025-10-27,2025-11-29,5,5,[],False,True
KEND_OPS,B 9301 UAV,2025-12-02,2026-07-16,36,36,[],False,True
KEND_OPS,B 9337 BBF,2026-06-18,2026-06-22,2,2,[],False,True
KEND_OPS,B 9362 J,2025-02-05,2026-05-14,4,4,[],False,True
KEND_OPS,B 9422 TVC,2025-11-30,2026-07-16,49,49,[],False,True
KEND_OPS,B 9424 TVC,2025-11-15,2026-07-17,78,78,[],False,True
KEND_OPS,B 9426 TVC,2025-11-14,2026-07-16,45,45,[],False,True
KEND_OPS,B 9428 UAT,2025-01-05,2026-07-20,314,314,[],False,False
KEND_OPS,B 9456 TVC,2025-11-29,2026-07-19,19,19,[],False,True
KEND_OPS,B 9458 TVC,2025-12-01,2026-07-19,62,62,[],False,True
KEND_OPS,B 9478 BAY,2025-06-20,2025-06-20,1,1,[],False,True
KEND_OPS,B 9498 BAY,2025-01-01,2025-11-09,54,54,[],False,False
KEND_OPS,B 9516 UAS,2025-10-26,2026-05-08,3,3,[],False,True
KEND_OPS,B 9516 UAT,2025-07-04,2025-07-04,1,1,[],False,True
KEND_OPS,B 9516 UAU,2026-02-16,2026-02-16,1,1,[],False,True
KEND_OPS,B 9537 BAY,2025-01-29,2025-11-07,31,31,[],False,False
KEND_OPS,B 9561 UAS,2026-07-12,2026-07-12,1,1,[],False,True
KEND_OPS,B 9578 BAY,2025-01-02,2026-03-13,56,56,[],False,False
KEND_OPS,B 9580 BAY,2025-01-02,2025-11-26,35,35,[],False,False
KEND_OPS,B 9582 BAY,2025-10-04,2026-07-03,7,7,[],False,True
KEND_OPS,B 9584 BAY,2025-01-06,2025-11-18,34,34,[],False,False
KEND_OPS,B 9586 BAY,2025-01-03,2025-11-26,75,75,[],False,False
KEND_OPS,B 9594 BAY,2025-01-08,2025-11-26,81,81,[],False,False
KEND_OPS,B 9596 BAY,2025-01-01,2025-11-19,82,82,[],False,False
KEND_OPS,B 9609 TVC,2025-12-05,2026-07-20,29,29,[],False,True
KEND_OPS,B 9611 TVC,2025-11-16,2026-07-19,58,58,[],False,True
KEND_OPS,B 9613 TVC,2025-12-05,2026-07-14,33,33,[],False,True
KEND_OPS,B 9615 TVC,2025-12-13,2026-07-13,14,14,[],False,True
KEND_OPS,B 9617 TVC,2025-11-15,2026-07-19,49,49,[],False,True
KEND_OPS,B 9618 TVC,2025-10-12,2025-11-01,6,6,[],False,True
KEND_OPS,B 9619 TVC,2025-12-08,2026-07-20,17,17,[],False,True
KEND_OPS,B 9621 TVC,2025-11-14,2026-07-21,124,124,[],False,True
KEND_OPS,B 9623 BAY,2025-01-22,2025-11-18,51,51,[],False,False
KEND_OPS,B 9625 BAY,2025-01-02,2025-11-28,26,26,[],False,False
KEND_OPS,B 9626 BAY,2025-01-01,2025-06-13,8,8,[],False,False
KEND_OPS,B 9627 BAY,2025-01-13,2025-11-28,20,20,[],False,False
KEND_OPS,B 9628 BAY,2025-09-30,2025-09-30,1,1,[],False,True
KEND_OPS,B 9629 BAY,2025-01-08,2025-11-19,47,47,[],False,False
KEND_OPS,B 9631 BAY,2025-01-02,2026-03-10,64,64,[],False,False
KEND_OPS,B 9631 CAJ,2026-05-24,2026-05-24,1,1,[],False,True
KEND_OPS,B 9656 UAU,2025-01-08,2026-07-20,248,248,[],False,False
KEND_OPS,B 9661 TVC,2025-12-02,2026-06-30,21,21,[],False,True
KEND_OPS,B 9682 BAY,2025-01-03,2025-11-21,34,34,[],False,False
KEND_OPS,B 9684 BAY,2025-09-25,2025-09-25,1,1,[],False,True
KEND_OPS,B 9693 CAI,2025-12-19,2025-12-19,1,1,[],False,True
KEND_OPS,B 9706 XDY,2025-09-22,2025-09-22,1,1,[],False,True
KEND_OPS,B 9710 XDY,2025-09-02,2025-09-20,2,2,[],False,True
KEND_OPS,B 9786 BAZ,2025-01-04,2026-07-19,115,115,[],False,False
KEND_OPS,B 9794 BAZ,2025-12-03,2025-12-10,4,4,[],False,True
KEND_OPS,B 9799 BAZ,2025-01-09,2026-07-14,67,67,[],False,False
KEND_OPS,B 9801 BAZ,2025-02-04,2026-07-11,51,51,[],False,True
KEND_OPS,B 9802 SBX,2025-01-03,2025-01-04,2,2,[],False,False
KEND_OPS,B 9809 VE,2026-01-13,2026-01-13,1,1,[],False,False
KEND_OPS,B 9823 BAY,2025-04-12,2025-04-12,1,1,[],False,True
KEND_OPS,B 9827 CAJ,2025-05-27,2025-06-03,2,2,[],False,True
KEND_OPS,B 9851 BAZ,2025-01-06,2025-01-16,2,2,[],False,False
KEND_OPS,B 9864 CY,2025-01-18,2025-04-02,12,12,[],False,False
KEND_OPS,B 9870 BAY,2025-06-17,2025-06-30,4,4,[],False,True
KEND_OPS,B 9870 CAJ,2025-01-05,2026-07-15,50,50,[],False,False
KEND_OPS,B 9872 CAJ,2025-01-01,2026-07-16,171,171,[],False,False
KEND_OPS,B 9876 CAJ,2025-01-03,2025-04-30,9,9,[],False,False
KEND_OPS,B 9884 CY,2025-01-04,2025-01-07,2,2,[],False,False
KEND_OPS,B 9934 PQ Damkar,2026-06-26,2026-07-17,2,2,[],False,True
KEND_OPS,B 9963 CAJ,2025-01-10,2025-12-29,115,115,[],False,False
KEND_OPS,B 9970 CAI,2025-12-03,2026-05-25,4,4,[],False,True
KEND_OPS,B 9980 BAY,2025-09-22,2025-09-22,1,1,[],False,True
KEND_OPS,B 9986 BAY,2025-04-20,2025-04-30,5,5,[],False,True
KEND_OPS,D M,2026-07-19,2026-07-19,1,1,['DM'],True,True
KEND_OPS,DM,2026-06-14,2026-06-27,2,2,['D M'],True,True
KEND_OPS,E 9080 VE,2025-04-17,2025-04-17,1,1,[],False,True
KEND_OPS,E 9080 VG,2025-07-04,2025-07-25,2,2,[],False,True
KEND_OPS,F 8379 HT,2025-07-04,2025-07-04,1,1,[],False,True
KEND_OPS,GALMON 04,2025-03-13,2025-07-28,13,13,[],False,True
KEND_OPS,GALMON 05,2025-08-11,2026-04-01,8,8,['Galmon 05'],True,True
KEND_OPS,GALMON 06,2025-05-21,2025-05-21,1,1,[],False,True
KEND_OPS,GALMON 08,2025-09-19,2026-07-06,16,16,[],False,True
KEND_OPS,GALMON 5,2025-01-10,2025-02-20,5,5,[],False,False
KEND_OPS,Galmon 05,2025-09-02,2025-11-21,8,8,['GALMON 05'],True,True
KEND_OPS,KT 8934 CY,2025-01-25,2025-05-14,17,17,[],False,False
KEND_OPS,KT 8935 CY,2025-10-02,2025-10-25,4,4,[],False,True
KEND_OPS,KT 8984 CY,2025-08-07,2025-08-19,3,3,[],False,True
KEND_OPS,POL 1050.38,2025-07-08,2026-07-20,56,56,[],False,True
MODUL,Compresor 06,2025-12-01,2025-12-20,18,18,[],False,True
MODUL,MODUL 1,2026-01-01,2026-05-31,120,120,[],False,False
MODUL,MODUL 2,2025-12-16,2026-05-06,3,3,[],False,True
MODUL,MODUL 20,2025-07-22,2025-08-21,2,2,[],False,True
MODUL,MODUL 3,2025-12-16,2026-05-06,4,4,[],False,True
MODUL,MODUL 4,2025-12-19,2025-12-19,1,1,[],False,True
MODUL,MODUL 5,2026-01-07,2026-07-20,5,5,[],False,False
MODUL,Modul ST 18,2025-01-01,2025-11-20,288,288,[],False,False
RTGC,1,2025-01-01,2026-07-21,566,534,[],False,False
RTGC,10,2025-01-01,2026-07-20,564,543,[],False,False
RTGC,11,2025-01-01,2026-07-20,564,498,[],False,False
RTGC,12,2025-01-01,2026-07-21,565,0,[],False,False
RTGC,13,2025-01-01,2026-07-20,564,555,[],False,False
RTGC,14,2025-01-01,2026-07-20,564,519,[],False,False
RTGC,15,2025-01-01,2026-07-20,564,555,[],False,False
RTGC,16,2025-01-01,2026-05-31,490,0,[],False,False
RTGC,17,2025-01-01,2026-07-20,564,375,[],False,False
RTGC,18,2025-01-01,2026-07-21,565,2,[],False,False
RTGC,19,2025-01-01,2026-07-21,565,94,[],False,False
RTGC,2,2025-01-01,2026-07-20,564,544,[],False,False
RTGC,20,2025-01-01,2026-07-20,564,449,[],False,False
RTGC,21,2025-01-01,2026-05-31,413,0,[],False,False
RTGC,22,2025-01-01,2026-07-21,565,1,[],False,False
RTGC,23,2025-01-01,2026-05-31,413,0,[],False,False
RTGC,24,2025-01-01,2026-05-31,413,0,[],False,False
RTGC,25,2025-01-01,2026-05-31,413,0,[],False,False
RTGC,26,2025-01-01,2026-05-31,501,0,[],False,False
RTGC,27,2025-01-01,2026-07-20,564,484,[],False,False
RTGC,28,2025-01-01,2026-07-20,564,539,[],False,False
RTGC,29,2025-01-01,2026-05-31,514,0,[],False,False
RTGC,3,2025-01-01,2026-07-21,565,395,[],False,False
RTGC,30,2025-01-01,2026-07-20,564,502,[],False,False
RTGC,31,2025-01-01,2026-07-20,564,530,[],False,False
RTGC,32,2025-01-01,2026-07-20,564,529,[],False,False
RTGC,33,2025-01-01,2026-07-20,564,524,[],False,False
RTGC,34,2025-01-01,2026-07-20,564,521,[],False,False
RTGC,35,2025-01-01,2026-07-21,565,153,[],False,False
RTGC,36,2025-01-01,2026-05-31,514,0,[],False,False
RTGC,37,2025-01-01,2026-07-21,565,293,[],False,False
RTGC,38,2025-01-01,2026-07-21,565,45,[],False,False
RTGC,39,2025-01-01,2026-07-21,565,359,[],False,False
RTGC,4,2025-01-01,2026-07-20,564,450,[],False,False
RTGC,40,2025-01-01,2026-07-20,564,373,[],False,False
RTGC,41,2025-01-01,2026-07-20,564,517,[],False,False
RTGC,42,2025-01-01,2026-05-31,514,0,[],False,False
RTGC,43,2025-01-01,2026-07-21,565,321,[],False,False
RTGC,44,2025-01-01,2026-07-21,565,5,[],False,False
RTGC,45,2025-01-01,2026-07-20,564,483,[],False,False
RTGC,46,2025-01-01,2026-07-20,564,534,[],False,False
RTGC,47,2025-01-01,2026-07-20,564,525,[],False,False
RTGC,48,2025-01-01,2026-07-20,564,488,[],False,False
RTGC,49,2025-01-01,2026-07-20,564,547,[],False,False
RTGC,5,2025-01-01,2026-07-21,565,272,[],False,False
RTGC,50,2025-01-01,2026-07-20,564,519,[],False,False
RTGC,51,2025-01-01,2026-07-20,564,555,[],False,False
RTGC,52,2025-01-01,2026-07-21,565,517,[],False,False
RTGC,53,2025-01-01,2026-07-20,564,529,[],False,False
RTGC,54,2025-01-01,2026-07-20,564,544,[],False,False
RTGC,55,2025-01-01,2026-07-20,564,533,[],False,False
RTGC,56,2025-01-01,2026-07-20,564,541,[],False,False
RTGC,57,2025-01-01,2026-07-20,564,502,[],False,False
RTGC,58,2025-01-01,2026-07-20,564,520,[],False,False
RTGC,59,2025-01-01,2026-07-20,564,504,[],False,False
RTGC,6,2025-01-01,2026-07-20,564,545,[],False,False
RTGC,60,2025-01-01,2026-07-20,564,540,[],False,False
RTGC,61,2025-01-01,2026-07-21,565,481,[],False,False
RTGC,62,2025-01-01,2026-07-20,564,504,[],False,False
RTGC,63,2025-01-01,2026-05-31,514,0,[],False,False
RTGC,7,2025-01-01,2026-05-31,514,0,[],False,False
RTGC,8,2025-01-01,2026-07-20,564,549,[],False,False
RTGC,9,2025-01-01,2026-07-21,565,26,[],False,False
SUPPORT,FRK 05 A,2025-01-20,2025-04-24,3,3,['FRK 05A'],True,False
SUPPORT,FRK 05A,2025-11-25,2026-01-20,2,2,['FRK 05 A'],True,True
SUPPORT,FRK 11,2026-07-02,2026-07-02,1,1,[],False,True
SUPPORT,FRK 11 A,2025-09-11,2026-03-16,3,3,['FRK 11A'],True,True
SUPPORT,FRK 11A,2025-01-03,2026-06-18,9,9,['FRK 11 A'],True,False
SUPPORT,FRK 17,2025-01-14,2026-07-21,143,143,[],False,False
SUPPORT,FRK 18,2025-02-06,2026-03-12,46,46,[],False,True
SUPPORT,FRK 19,2025-01-04,2026-07-07,29,29,[],False,False
SUPPORT,FRK 20,2025-01-10,2026-04-08,35,35,[],False,False
SUPPORT,FRK 22,2025-01-03,2026-07-16,25,25,[],False,False
SUPPORT,FRK 23,2026-01-14,2026-01-14,1,1,[],False,False
SUPPORT,FRK 26,2025-01-02,2026-07-19,171,171,[],False,False
SUPPORT,FRK 28,2025-01-06,2026-07-17,177,177,[],False,False
SUPPORT,FRK 29,2025-01-01,2025-09-09,57,57,[],False,False
SUPPORT,FRK 30,2025-04-14,2026-07-20,37,37,[],False,True
SUPPORT,FRK 31,2025-01-04,2026-07-15,15,15,[],False,False
SUPPORT,FRK 32,2025-01-07,2026-02-24,52,52,[],False,False
SUPPORT,FRK terex 01,2025-12-29,2025-12-29,1,1,[],False,True
SUPPORT,RS 01,2025-01-01,2026-01-26,30,30,[],False,False
SUPPORT,RS 02,2025-01-02,2026-03-31,194,194,[],False,False
SUPPORT,RS 06,2025-01-06,2026-01-24,138,138,[],False,False
SUPPORT,RS 25,2025-01-14,2025-11-18,107,107,[],False,False
SUPPORT,SL 03,2025-01-01,2026-03-31,310,310,[],False,False
SUPPORT,SL 04,2025-01-03,2025-10-17,40,40,[],False,False
SUPPORT,SL 05,2025-01-07,2026-01-26,65,65,[],False,False
SUPPORT,SL 10,2025-01-01,2026-07-07,223,223,[],False,False
SUPPORT,SL 11,2025-01-08,2026-07-09,213,213,[],False,False
SUPPORT,SL 24,2025-01-04,2026-01-20,142,142,[],False,False
