equipment_id,equipment_category,average_daily_fuel,median_daily_fuel,fuel_volatility,trend_percentage,anomaly_count,critical_anomaly_count,last_change_point,data_completeness,n_observations,anomaly_penalty,volatility_penalty,trend_penalty,change_point_penalty,missing_data_penalty,reconciliation_penalty,forecast_error_penalty,repeated_critical_penalty,health_score,health_status,recommended_action
SL 03,SUPPORT,31.919872881355932,0.0,1.3081422885739438,46.26954963908357,39,26,2025-10-02,0.0,236,12.711864406779661,100.0,92.53909927816714,100.0,100.0,15.0,84.26666666666667,100.0,27.9,CRITICAL,Koordinasikan inspeksi alat (anomali kritis berulang)
B 9621 TVC,KEND_OPS,10.251774193548387,0.0,1.4957747365686247,133.9164696611506,20,17,2026-06-19,100.0,124,14.717741935483872,97.84946236559139,100.0,100.0,0.0,7.368421052631579,84.26666666666667,100.0,37.4,CRITICAL,Koordinasikan inspeksi alat (anomali kritis berulang)
177,HEAD_TRUCK,63.95594164456233,65.05,0.34874095370014857,22.592017367239862,60,5,2026-01-10,0.0,377,7.427055702917771,91.75257731958763,45.184034734479724,60.0,100.0,6.315789473684211,84.26666666666667,100.0,44.1,CRITICAL,Koordinasikan inspeksi alat (anomali kritis berulang)
181,HEAD_TRUCK,74.17495098039215,76.305,0.3437542563464482,18.091030224502003,72,11,2025-08-30,59.5,408,8.272058823529411,90.72164948453609,36.182060449004005,100.0,40.476190476190474,6.315789473684211,84.26666666666667,100.0,45.4,CRITICAL,Koordinasikan inspeksi alat (anomali kritis berulang)
178,HEAD_TRUCK,72.20578680203045,73.955,0.33273943670443634,21.031368045833045,57,6,2025-08-27,23.8,394,6.472081218274112,89.69072164948454,42.06273609166609,60.0,76.19047619047619,6.315789473684211,84.26666666666667,100.0,47.5,CRITICAL,Koordinasikan inspeksi alat (anomali kritis berulang)
184,HEAD_TRUCK,77.09270707070706,77.55,0.29320880501808066,5.807470207237957,77,3,2026-02-14,38.1,495,5.909090909090909,79.38144329896907,11.614940414475914,84.0,61.904761904761905,6.315789473684211,84.26666666666667,100.0,51.5,REVIEW,Koordinasikan inspeksi alat (anomali kritis berulang)
B 9080 VE,KEND_OPS,51.79954545454545,60.0,0.4255070545951005,36.30199477460289,10,5,,50.0,44,16.477272727272727,94.6236559139785,72.60398954920578,0.0,50.0,7.368421052631579,84.26666666666667,100.0,51.7,REVIEW,Koordinasikan inspeksi alat (anomali kritis berulang)
104,HEAD_TRUCK,95.34042666666667,100.65,0.2931248762420397,14.681067399160034,56,3,2025-03-09,100.0,375,7.000000000000001,78.35051546391753,29.362134798320067,100.0,0.0,6.315789473684211,84.26666666666667,100.0,52.6,REVIEW,Koordinasikan inspeksi alat (anomali kritis berulang)
192,HEAD_TRUCK,69.98387351778655,71.17,0.303778012644955,6.865038820959766,82,9,2026-04-22,100.0,506,8.053359683794467,85.56701030927834,13.730077641919532,100.0,0.0,6.315789473684211,84.26666666666667,100.0,53.6,REVIEW,Koordinasikan inspeksi alat (anomali kritis berulang)
B 9801 BAZ,KEND_OPS,31.03686274509804,31.66,0.19966529202038266,32.91812639363887,3,0,2025-08-11,0.0,51,2.450980392156863,38.70967741935484,65.83625278727774,100.0,100.0,7.368421052631579,84.26666666666667,0.0,53.9,REVIEW,Bandingkan dengan hour meter dan log operasi (perubahan pola menetap terdeteksi)
B 9586 BAY,KEND_OPS,26.2948,24.58,0.2756412646220202,17.324375058845693,12,0,2025-09-01,0.0,75,5.0,65.59139784946237,34.648750117691385,100.0,100.0,7.368421052631579,84.26666666666667,0.0,54.0,REVIEW,Bandingkan dengan hour meter dan log operasi (perubahan pola menetap terdeteksi)
83,HEAD_TRUCK,94.49028571428572,96.09,0.2972979241301601,16.74222350989799,50,3,2025-06-27,66.7,385,5.51948051948052,81.44329896907216,33.48444701979598,60.0,33.33333333333333,6.315789473684211,84.26666666666667,100.0,54.5,REVIEW,Koordinasikan inspeksi alat (anomali kritis berulang)
FRK 11A,SUPPORT,45.78875,52.385,0.6350623167853596,67.4967138892946,0,0,,0.0,8,0.0,95.83333333333334,100.0,0.0,100.0,15.0,84.26666666666667,0.0,54.9,INSUFFICIENT_DATA,Kumpulkan lebih banyak data sebelum dievaluasi
179,HEAD_TRUCK,74.8655241935484,77.29499999999999,0.3145464336603493,20.5827667281685,81,11,2025-10-31,100.0,496,7.913306451612903,87.62886597938144,41.165533456337,60.0,0.0,6.315789473684211,84.26666666666667,100.0,55.3,REVIEW,Koordinasikan inspeksi alat (anomali kritis berulang)
109,HEAD_TRUCK,54.419999999999995,58.595,0.4020813632445368,68.56390853758842,0,0,,0.0,6,0.0,95.87628865979381,100.0,0.0,100.0,6.315789473684211,84.26666666666667,0.0,55.8,INSUFFICIENT_DATA,Kumpulkan lebih banyak data sebelum dievaluasi
B 9428 UAT,KEND_OPS,23.568057324840765,21.685000000000002,0.3322875961046453,18.930960319268173,46,4,2026-04-09,100.0,314,7.643312101910828,78.49462365591397,37.86192063853635,66.0,0.0,7.368421052631579,84.26666666666667,100.0,56.2,REVIEW,Koordinasikan inspeksi alat (anomali kritis berulang)
93,HEAD_TRUCK,72.67408653846154,73.405,0.44998253205131455,7.903839620837968,36,3,,0.0,208,9.014423076923077,97.9381443298969,15.807679241675936,0.0,100.0,6.315789473684211,84.26666666666667,100.0,56.3,REVIEW,Koordinasikan inspeksi alat (anomali kritis berulang)
49,RTGC,269.4876965265082,275.1,0.2485036041211122,10.65945834004389,61,11,2026-03-22,100.0,547,5.393053016453382,74.0,21.31891668008778,90.0,0.0,6.315789473684211,84.26666666666667,100.0,56.3,REVIEW,Koordinasikan inspeksi alat (anomali kritis berulang)
183,HEAD_TRUCK,66.7192,70.41499999999999,0.3600401320762481,12.359943952825308,63,7,2026-02-14,100.0,450,6.5,94.84536082474226,24.719887905650616,60.0,0.0,6.315789473684211,84.26666666666667,100.0,56.9,REVIEW,Koordinasikan inspeksi alat (anomali kritis berulang)
172,HEAD_TRUCK,72.51137254901961,65.645,0.6123984615748373,20.477492167494905,19,3,,50.0,102,10.784313725490197,98.96907216494846,40.95498433498981,0.0,50.0,6.315789473684211,84.26666666666667,100.0,57.0,REVIEW,Koordinasikan inspeksi alat (anomali kritis berulang)
B 8964 CY,KEND_OPS,34.95375,32.855000000000004,0.3619003900953034,57.65226204736017,0,0,,0.0,8,0.0,86.02150537634408,100.0,0.0,100.0,7.368421052631579,84.26666666666667,0.0,57.1,INSUFFICIENT_DATA,Kumpulkan lebih banyak data sebelum dievaluasi
45,RTGC,305.29166252587993,321.0,0.2668645902419025,3.760951242624888,61,11,2025-12-15,100.0,483,6.055900621118012,84.0,7.521902485249776,84.0,0.0,6.315789473684211,84.26666666666667,100.0,57.6,REVIEW,Koordinasikan inspeksi alat (anomali kritis berulang)
150,HEAD_TRUCK,84.26938976377953,85.58500000000001,0.23648354087295861,7.712346819552772,59,5,2026-03-25,28.6,508,4.625984251968504,24.742268041237114,15.424693639105543,84.0,71.42857142857143,6.315789473684211,84.26666666666667,100.0,58.5,REVIEW,Koordinasikan inspeksi alat (anomali kritis berulang)
159,HEAD_TRUCK,74.13128256513026,75.0,0.25241552541411516,15.476585701584852,60,3,2025-12-03,61.9,499,4.509018036072145,51.546391752577314,30.953171403169705,60.0,38.095238095238095,6.315789473684211,84.26666666666667,100.0,59.1,REVIEW,Koordinasikan inspeksi alat (anomali kritis berulang)
23,HEAD_TRUCK,4.662793296089386,0.0,4.124901165171214,-44.35762836710147,8,8,,0.0,358,2.2346368715083798,100.0,0.0,0.0,100.0,6.315789473684211,84.26666666666667,100.0,59.7,REVIEW,Koordinasikan inspeksi alat (anomali kritis berulang)
195,HEAD_TRUCK,80.03227188081937,80.12,0.26098312666174245,15.317626030026346,64,8,2026-02-14,100.0,537,5.679702048417132,59.79381443298969,30.635252060052693,72.0,0.0,6.315789473684211,84.26666666666667,100.0,59.7,REVIEW,Koordinasikan inspeksi alat (anomali kritis berulang)
167,HEAD_TRUCK,79.53609375,80.0,0.2882998848976689,11.62428375882537,82,3,2025-05-03,100.0,512,5.859375,77.31958762886599,23.24856751765074,60.0,0.0,6.315789473684211,84.26666666666667,100.0,59.9,REVIEW,Koordinasikan inspeksi alat (anomali kritis berulang)
193,HEAD_TRUCK,72.95709302325581,72.685,0.2707531338019467,16.717709827689077,63,9,2025-12-15,100.0,516,6.395348837209303,64.94845360824742,33.435419655378155,60.0,0.0,6.315789473684211,84.26666666666667,100.0,60.1,REVIEW,Koordinasikan inspeksi alat (anomali kritis berulang)
50,RTGC,263.14244701348747,257.8,0.29640056442942864,8.251346008400045,77,7,2025-07-18,100.0,519,6.358381502890173,92.0,16.50269201680009,48.0,0.0,6.315789473684211,84.26666666666667,100.0,60.4,REVIEW,Koordinasikan inspeksi alat (anomali kritis berulang)
176,HEAD_TRUCK,87.17158490566038,88.12,0.2670941234663155,9.212990341341161,41,4,2025-05-20,0.0,265,6.415094339622642,63.91752577319587,18.425980682682322,6.0,100.0,6.315789473684211,84.26666666666667,100.0,60.6,REVIEW,Koordinasikan inspeksi alat (anomali kritis berulang)
B 1975 HKN,KEND_OPS,6.9659130434782615,0.0,1.9236722005905178,-79.34058554998784,4,4,2025-08-04,47.6,115,3.4782608695652173,98.9247311827957,0.0,24.0,52.38095238095239,7.368421052631579,84.26666666666667,100.0,60.7,REVIEW,Koordinasikan inspeksi alat (anomali kritis berulang)
62,RTGC,240.29215476190475,231.6,0.25375660146255014,7.222133627179907,74,2,2026-03-20,100.0,504,6.597222222222222,78.0,14.444267254359813,84.0,0.0,6.315789473684211,84.26666666666667,66.66666666666666,60.7,REVIEW,Bandingkan dengan hour meter dan log operasi (perubahan pola menetap terdeteksi)
149,HEAD_TRUCK,81.11271805273833,80.0,0.23861806521589432,9.551428862476882,54,2,2026-04-06,0.0,493,4.36105476673428,26.804123711340207,19.102857724953765,66.0,100.0,6.315789473684211,84.26666666666667,66.66666666666666,60.8,REVIEW,Bandingkan dengan hour meter dan log operasi (perubahan pola menetap terdeteksi)
B 9594 BAY,KEND_OPS,29.26691358024691,28.8,0.2668517887275357,16.049191377091844,11,0,2025-09-01,0.0,81,4.938271604938271,62.365591397849464,32.09838275418369,60.0,100.0,7.368421052631579,84.26666666666667,0.0,60.9,REVIEW,Bandingkan dengan hour meter dan log operasi (perubahan pola menetap terdeteksi)
200,HEAD_TRUCK,79.55230088495576,81.69,0.24685527249318157,9.867207672445565,26,3,2025-03-29,0.0,226,4.867256637168142,43.29896907216495,19.73441534489113,24.0,100.0,6.315789473684211,84.26666666666667,100.0,61.1,REVIEW,Koordinasikan inspeksi alat (anomali kritis berulang)
174,HEAD_TRUCK,67.46743718592965,69.27000000000001,0.2857123560344336,2.64788209430675,57,4,,0.0,398,6.721105527638191,74.22680412371135,5.2957641886135,0.0,100.0,6.315789473684211,84.26666666666667,100.0,61.9,REVIEW,Koordinasikan inspeksi alat (anomali kritis berulang)
191,HEAD_TRUCK,73.50368737474949,74.84,0.288095533690218,15.778296282015663,70,2,2025-11-22,100.0,499,5.3607214428857715,76.28865979381443,31.556592564031327,60.0,0.0,6.315789473684211,84.26666666666667,66.66666666666666,62.2,REVIEW,Bandingkan dengan hour meter dan log operasi (perubahan pola menetap terdeteksi)
148,HEAD_TRUCK,78.46000000000001,79.42,0.3012026663852071,3.0958382617694387,81,3,,23.8,463,7.127429805615551,84.5360824742268,6.191676523538877,0.0,76.19047619047619,6.315789473684211,84.26666666666667,100.0,62.5,REVIEW,Koordinasikan inspeksi alat (anomali kritis berulang)
144,HEAD_TRUCK,74.20623246492987,74.92,0.2482411875476447,10.154120686782052,62,6,2025-07-06,54.8,499,5.460921843687375,44.329896907216494,20.308241373564105,48.0,45.23809523809524,6.315789473684211,84.26666666666667,100.0,62.6,REVIEW,Koordinasikan inspeksi alat (anomali kritis berulang)
208,HEAD_TRUCK,69.12656063618292,69.46,0.27164278927685337,4.028522161820356,69,3,2025-10-20,9.5,503,5.019880715705765,67.0103092783505,8.057044323640712,6.0,90.47619047619048,6.315789473684211,84.26666666666667,100.0,62.9,REVIEW,Koordinasikan inspeksi alat (anomali kritis berulang)
39,RTGC,316.81050139275766,350.0,0.26048786680637354,-6.760263950573956,52,4,2026-03-20,100.0,359,5.919220055710307,82.0,0.0,57.0,0.0,6.315789473684211,84.26666666666667,100.0,63.1,REVIEW,Koordinasikan inspeksi alat (anomali kritis berulang)
B 8940 CY,KEND_OPS,4.88891156462585,0.0,2.518302046753112,-72.20475929031458,16,16,,54.8,147,10.884353741496598,100.0,0.0,0.0,45.23809523809524,7.368421052631579,84.26666666666667,100.0,63.3,REVIEW,Koordinasikan inspeksi alat (anomali kritis berulang)
37,RTGC,305.98638225255974,341.4,0.30672889385138896,-7.583721397949607,41,6,2026-03-19,100.0,293,7.337883959044368,94.0,0.0,42.0,0.0,6.315789473684211,84.26666666666667,100.0,63.3,REVIEW,Koordinasikan inspeksi alat (anomali kritis berulang)
52,RTGC,229.6787814313346,215.0,0.2954810690767609,2.310781974722989,92,1,2026-03-17,100.0,517,8.220502901353965,90.0,4.621563949445978,84.0,0.0,6.315789473684211,84.26666666666667,33.33333333333333,63.4,REVIEW,Bandingkan dengan hour meter dan log operasi (perubahan pola menetap terdeteksi)
B 9118 SO,KEND_OPS,62.39666666666667,66.03999999999999,0.3239306267520428,34.26569050747761,0,0,,0.0,12,0.0,75.26881720430107,68.53138101495522,0.0,100.0,7.368421052631579,84.26666666666667,0.0,63.5,REVIEW,Cek kemungkinan duplikasi transaksi / konfirmasi status alat
B 9582 BAY,KEND_OPS,28.002857142857142,31.31,0.31402264159420196,35.26172768878721,0,0,,0.0,7,0.0,73.11827956989248,70.52345537757442,0.0,100.0,7.368421052631579,84.26666666666667,0.0,63.5,INSUFFICIENT_DATA,Kumpulkan lebih banyak data sebelum dievaluasi
47,RTGC,318.5158285714286,327.97,0.2085368770792241,-10.1692399326434,48,7,2026-03-24,100.0,525,3.9047619047619047,38.0,0.0,100.0,0.0,6.315789473684211,84.26666666666667,100.0,63.7,REVIEW,Koordinasikan inspeksi alat (anomali kritis berulang)
SL 24,SUPPORT,74.77271428571429,69.93,0.5468188885263698,-1.639459198271847,23,5,,45.2,140,9.464285714285714,87.5,0.0,0.0,54.761904761904766,15.0,84.26666666666667,100.0,63.8,REVIEW,Koordinasikan inspeksi alat (anomali kritis berulang)
188,HEAD_TRUCK,74.65751231527094,77.20500000000001,0.26180777934245814,2.7084233376892173,60,3,,0.0,406,6.342364532019705,60.824742268041234,5.416846675378435,0.0,100.0,6.315789473684211,84.26666666666667,100.0,64.0,REVIEW,Koordinasikan inspeksi alat (anomali kritis berulang)
151,HEAD_TRUCK,78.52744597249509,79.2,0.24834964833103568,12.242554018881044,72,6,2025-05-05,100.0,509,5.893909626719057,46.391752577319586,24.48510803776209,60.0,0.0,6.315789473684211,84.26666666666667,100.0,64.3,REVIEW,Koordinasikan inspeksi alat (anomali kritis berulang)
152,HEAD_TRUCK,78.85948087431694,79.625,0.2506944383402025,7.744524339069918,52,4,,0.0,366,5.46448087431694,48.45360824742268,15.489048678139836,0.0,100.0,6.315789473684211,84.26666666666667,100.0,64.5,REVIEW,Koordinasikan inspeksi alat (anomali kritis berulang)
194,HEAD_TRUCK,71.24778656126482,72.2,0.2570162645177661,13.74458470216531,65,9,2025-12-03,47.6,506,5.8300395256917,55.670103092783506,27.48916940433062,12.0,52.38095238095239,6.315789473684211,84.26666666666667,100.0,64.5,REVIEW,Koordinasikan inspeksi alat (anomali kritis berulang)
31,RTGC,325.64816981132077,349.0,0.2024791401798095,-5.874452525188915,49,6,2026-03-20,100.0,530,3.6792452830188678,32.0,0.0,100.0,0.0,6.315789473684211,84.26666666666667,100.0,64.6,REVIEW,Koordinasikan inspeksi alat (anomali kritis berulang)
B 9015 UBE,KEND_OPS,32.119441860465116,30.64,0.22818883808141593,19.23144147842777,30,2,2026-03-11,100.0,215,5.6976744186046515,45.16129032258064,38.46288295685554,66.0,0.0,7.368421052631579,84.26666666666667,66.66666666666666,64.8,REVIEW,Bandingkan dengan hour meter dan log operasi (perubahan pola menetap terdeteksi)
180,HEAD_TRUCK,67.74695906432748,64.81,0.42758166197615316,-8.09439942154705,33,4,,61.9,171,9.502923976608187,96.90721649484536,0.0,0.0,38.095238095238095,6.315789473684211,84.26666666666667,100.0,64.9,REVIEW,Koordinasikan inspeksi alat (anomali kritis berulang)
48,RTGC,287.8011475409836,298.0,0.21841006632584622,10.467654414971182,52,5,2026-03-26,100.0,488,4.456967213114754,46.0,20.935308829942365,60.0,0.0,6.315789473684211,84.26666666666667,100.0,65.2,REVIEW,Koordinasikan inspeksi alat (anomali kritis berulang)
GALMON 04,KEND_OPS,57.815384615384616,60.19,0.36129277683207883,43.613840239214,0,0,,59.5,13,0.0,84.94623655913979,87.227680478428,0.0,40.476190476190474,7.368421052631579,84.26666666666667,0.0,65.2,REVIEW,Tidak ada tindakan
145,HEAD_TRUCK,79.22226305609286,80.0,0.2718460742273951,10.0986812651986,84,6,,47.6,517,6.8181818181818175,68.04123711340206,20.1973625303972,0.0,52.38095238095239,6.315789473684211,84.26666666666667,100.0,65.3,REVIEW,Koordinasikan inspeksi alat (anomali kritis berulang)
190,HEAD_TRUCK,72.88329439252337,75.265,0.30073915941535634,-1.9820175533258904,58,2,,7.1,428,5.7827102803738315,83.50515463917526,0.0,0.0,92.85714285714286,6.315789473684211,84.26666666666667,66.66666666666666,65.5,REVIEW,Periksa log operasi
173,HEAD_TRUCK,111.1646875,119.975,0.3540348108873585,17.8651812700386,12,1,,50.0,64,9.765625,92.78350515463917,35.7303625400772,0.0,50.0,6.315789473684211,84.26666666666667,33.33333333333333,65.6,REVIEW,Periksa log operasi
28,RTGC,289.125306122449,299.55,0.2452544750385926,7.263588263588243,72,1,2026-03-23,100.0,539,4.452690166975881,70.0,14.527176527176486,84.0,0.0,6.315789473684211,84.26666666666667,33.33333333333333,65.7,REVIEW,Bandingkan dengan hour meter dan log operasi (perubahan pola menetap terdeteksi)
4,RTGC,388.9723777777778,400.0,0.17551815026696815,4.655761050792858,26,4,2026-04-01,100.0,450,2.833333333333333,16.0,9.311522101585716,100.0,0.0,6.315789473684211,84.26666666666667,100.0,65.8,REVIEW,Koordinasikan inspeksi alat (anomali kritis berulang)
27,RTGC,290.54311983471075,300.0,0.2437748824809884,0.10995719538714271,61,1,2026-03-24,100.0,484,4.648760330578512,64.0,0.21991439077428543,100.0,0.0,6.315789473684211,84.26666666666667,33.33333333333333,66.3,REVIEW,Bandingkan dengan hour meter dan log operasi (perubahan pola menetap terdeteksi)
118,HEAD_TRUCK,82.67795454545454,89.19,0.35715032448632406,-11.928469508034025,8,1,,0.0,44,7.386363636363637,93.81443298969072,0.0,0.0,100.0,6.315789473684211,84.26666666666667,33.33333333333333,66.3,REVIEW,Periksa log operasi
95,HEAD_TRUCK,89.4512016293279,92.93,0.2845506675765369,6.336204084823853,72,5,,59.5,491,6.670061099796334,73.19587628865979,12.672408169647706,0.0,40.476190476190474,6.315789473684211,84.26666666666667,100.0,66.9,REVIEW,Koordinasikan inspeksi alat (anomali kritis berulang)
RS 02,SUPPORT,140.97481481481483,137.535,0.37101212819262186,27.440213080298033,14,1,,19.0,108,6.712962962962964,41.66666666666667,54.880426160596066,0.0,80.95238095238095,15.0,84.26666666666667,33.33333333333333,67.0,REVIEW,Periksa log operasi
B 9870 CAJ,KEND_OPS,28.53,28.12,0.29341235889083084,20.540490399183724,8,0,,0.0,50,5.5,69.89247311827957,41.08098079836745,0.0,100.0,7.368421052631579,84.26666666666667,0.0,67.3,REVIEW,Periksa log operasi
186,HEAD_TRUCK,72.39230107526882,73.25,0.24262598172432148,4.291654674683344,63,7,,0.0,465,6.021505376344086,35.051546391752574,8.583309349366688,0.0,100.0,6.315789473684211,84.26666666666667,100.0,67.4,REVIEW,Koordinasikan inspeksi alat (anomali kritis berulang)
20,RTGC,362.82069042316255,399.9,0.24030407715866092,12.835518281969389,56,6,2026-03-28,100.0,449,5.846325167037862,60.0,25.671036563938777,24.0,0.0,6.315789473684211,84.26666666666667,100.0,67.5,REVIEW,Koordinasikan inspeksi alat (anomali kritis berulang)
182,HEAD_TRUCK,76.46958424507659,78.35,0.2363125542182713,3.8671504261766696,60,4,2025-05-03,0.0,457,5.196936542669584,23.711340206185564,7.734300852353339,12.0,100.0,6.315789473684211,84.26666666666667,100.0,67.6,REVIEW,Koordinasikan inspeksi alat (anomali kritis berulang)
185,HEAD_TRUCK,65.3125652173913,69.035,0.3313262137975998,2.909534940421417,84,7,2026-01-07,100.0,460,7.934782608695652,88.65979381443299,5.819069880842834,12.0,0.0,6.315789473684211,84.26666666666667,100.0,67.6,REVIEW,Koordinasikan inspeksi alat (anomali kritis berulang)
98,HEAD_TRUCK,84.9385393258427,91.96,0.30644604335041725,-12.518708631033942,11,1,,0.0,89,5.8988764044943816,86.5979381443299,0.0,0.0,100.0,6.315789473684211,84.26666666666667,33.33333333333333,67.7,REVIEW,Periksa log operasi
B 9498 BAY,KEND_OPS,26.144814814814815,26.64,0.27863050065985434,20.01246688483716,9,0,,0.0,54,4.62962962962963,67.74193548387096,40.02493376967432,0.0,100.0,7.368421052631579,84.26666666666667,0.0,68.0,REVIEW,Periksa log operasi
SL 04,SUPPORT,78.615,70.75,0.45764449200703045,4.253163241445609,7,1,,0.0,40,8.125,66.66666666666666,8.506326482891218,0.0,100.0,15.0,84.26666666666667,33.33333333333333,68.1,REVIEW,Periksa log operasi
199,HEAD_TRUCK,69.25650197628458,70.41,0.27861095435430505,-3.4766404196531395,80,9,,50.0,506,7.16403162055336,71.1340206185567,0.0,0.0,50.0,6.315789473684211,84.26666666666667,100.0,68.1,REVIEW,Koordinasikan inspeksi alat (anomali kritis berulang)
147,HEAD_TRUCK,85.7899209486166,85.99000000000001,0.2968976507804581,11.128766091931407,80,8,,100.0,506,7.065217391304348,80.41237113402062,22.257532183862814,0.0,0.0,6.315789473684211,84.26666666666667,100.0,68.3,REVIEW,Koordinasikan inspeksi alat (anomali kritis berulang)
33,RTGC,319.0441030534351,302.0,0.21494414039159862,-0.4589182853555345,60,3,2026-03-23,100.0,524,3.959923664122137,42.0,0.0,63.0,0.0,6.315789473684211,84.26666666666667,100.0,68.6,REVIEW,Koordinasikan inspeksi alat (anomali kritis berulang)
46,RTGC,301.14747191011236,300.0,0.20603820533644612,9.425142307947741,48,6,2026-04-16,100.0,534,3.7921348314606744,36.0,18.850284615895482,48.0,0.0,6.315789473684211,84.26666666666667,100.0,69.0,REVIEW,Koordinasikan inspeksi alat (anomali kritis berulang)
134,HEAD_TRUCK,84.32298311444653,84.61,0.23728719057314107,7.650801857367206,61,6,2026-01-09,100.0,533,4.73733583489681,25.773195876288657,15.301603714734412,60.0,0.0,6.315789473684211,84.26666666666667,100.0,69.0,REVIEW,Koordinasikan inspeksi alat (anomali kritis berulang)
B 1557 CZQ,KEND_OPS,25.26608695652174,22.765,0.4194122574403901,0.8953727550861523,10,0,,0.0,46,9.782608695652174,91.39784946236558,1.7907455101723047,0.0,100.0,7.368421052631579,84.26666666666667,0.0,69.1,REVIEW,Periksa log operasi
FRK 20,SUPPORT,30.103571428571428,27.34,0.5362433120283041,9.572352063649927,2,0,,0.0,28,1.7857142857142856,79.16666666666666,19.144704127299853,0.0,100.0,15.0,84.26666666666667,0.0,69.2,REVIEW,Cek kemungkinan duplikasi transaksi / konfirmasi status alat
43,RTGC,340.8080996884735,350.9,0.24008264810595362,0.7781593622648658,43,1,2026-06-10,100.0,321,4.906542056074766,57.99999999999999,1.5563187245297316,84.0,0.0,6.315789473684211,84.26666666666667,33.33333333333333,69.3,REVIEW,Bandingkan dengan hour meter dan log operasi (perubahan pola menetap terdeteksi)
132,HEAD_TRUCK,79.46244161358811,80.5,0.23929589736428805,6.914862192218529,61,6,,16.7,471,5.3078556263269645,28.865979381443296,13.829724384437059,0.0,83.33333333333334,6.315789473684211,84.26666666666667,100.0,69.4,REVIEW,Koordinasikan inspeksi alat (anomali kritis berulang)
SL 05,SUPPORT,74.33259259259259,63.705,0.5941477742098017,-11.437859370889553,9,0,,0.0,54,5.555555555555555,91.66666666666666,0.0,0.0,100.0,15.0,84.26666666666667,0.0,69.4,REVIEW,Periksa log operasi
135,HEAD_TRUCK,83.18770297029702,85.04,0.25980047818467816,8.306937135350795,64,4,,66.7,505,5.346534653465347,57.73195876288659,16.61387427070159,0.0,33.33333333333333,6.315789473684211,84.26666666666667,100.0,69.6,REVIEW,Koordinasikan inspeksi alat (anomali kritis berulang)
99,HEAD_TRUCK,76.16269736842105,76.13,0.30044473440386327,-8.655100087765847,28,1,2025-02-16,52.4,152,7.565789473684211,82.4742268041237,0.0,24.0,47.61904761904761,6.315789473684211,84.26666666666667,33.33333333333333,69.6,REVIEW,Periksa log operasi
B 9623 BAY,KEND_OPS,29.129019607843137,27.75,0.23699330825048653,11.47160010152208,6,1,,0.0,51,5.392156862745098,49.46236559139785,22.94320020304416,0.0,100.0,7.368421052631579,84.26666666666667,33.33333333333333,69.8,REVIEW,Periksa log operasi
B 8984 CY,KEND_OPS,40.03631578947369,39.870000000000005,0.32959805848514856,7.035545152686286,6,0,,0.0,38,8.552631578947368,76.34408602150538,14.071090305372572,0.0,100.0,7.368421052631579,84.26666666666667,0.0,69.8,REVIEW,Periksa log operasi
RS 25,SUPPORT,160.84738317757007,154.0,0.35118815381066104,-2.6244867470586115,22,9,,31.0,107,13.084112149532709,33.33333333333333,0.0,0.0,69.04761904761905,15.0,84.26666666666667,100.0,69.8,REVIEW,Koordinasikan inspeksi alat (anomali kritis berulang)
SL 10,SUPPORT,76.79442105263158,73.655,0.4563813757226976,-9.787677277805525,39,1,,0.0,190,8.552631578947368,62.5,0.0,0.0,100.0,15.0,84.26666666666667,33.33333333333333,69.9,REVIEW,Periksa log operasi
GALMON 05,KEND_OPS,41.61125,38.745000000000005,0.3731988013293926,6.738293379704381,0,0,,0.0,8,0.0,87.09677419354838,13.476586759408763,0.0,100.0,7.368421052631579,84.26666666666667,0.0,70.0,INSUFFICIENT_DATA,Kumpulkan lebih banyak data sebelum dievaluasi
15,RTGC,377.4938738738739,400.0,0.21855653873164108,-3.962548007436283,39,6,2026-03-20,100.0,555,3.783783783783784,48.0,0.0,48.0,0.0,6.315789473684211,84.26666666666667,100.0,70.0,MONITOR,Koordinasikan inspeksi alat (anomali kritis berulang)
55,RTGC,229.4337148217636,226.4,0.2735089185857807,1.8082956682114077,84,3,,100.0,533,7.0356472795497185,86.0,3.6165913364228155,0.0,0.0,6.315789473684211,84.26666666666667,100.0,70.3,MONITOR,Koordinasikan inspeksi alat (anomali kritis berulang)
212,HEAD_TRUCK,80.78818525519848,80.0,0.2715927478484483,9.314260750709728,74,4,2025-08-20,100.0,529,6.143667296786389,65.97938144329896,18.628521501419456,6.0,0.0,6.315789473684211,84.26666666666667,100.0,70.3,MONITOR,Koordinasikan inspeksi alat (anomali kritis berulang)
B 1146 UIX,KEND_OPS,32.656666666666666,31.16,0.4145754965245074,3.9554491516602446,0,0,,0.0,6,0.0,90.32258064516128,7.910898303320489,0.0,100.0,7.368421052631579,84.26666666666667,0.0,70.3,INSUFFICIENT_DATA,Kumpulkan lebih banyak data sebelum dievaluasi
B 9580 BAY,KEND_OPS,32.48085714285714,32.53,0.23988125358723603,20.535187891974626,6,0,,7.1,35,7.142857142857142,51.61290322580645,41.07037578394925,0.0,92.85714285714286,7.368421052631579,84.26666666666667,0.0,70.4,MONITOR,Periksa log operasi
RS 01,SUPPORT,147.72863636363638,133.79000000000002,0.5405349175570054,-25.516734132906688,6,1,,45.2,22,12.5,83.33333333333334,0.0,0.0,54.761904761904766,15.0,84.26666666666667,33.33333333333333,70.5,MONITOR,Periksa log operasi
214,HEAD_TRUCK,83.765065913371,81.49,0.2828951553621782,8.348340886275404,80,6,,100.0,531,5.885122410546139,72.16494845360825,16.696681772550807,0.0,0.0,6.315789473684211,84.26666666666667,100.0,70.6,MONITOR,Koordinasikan inspeksi alat (anomali kritis berulang)
187,HEAD_TRUCK,72.05166666666666,75.995,0.28773679852063,10.749280943791755,0,0,,0.0,6,0.0,75.25773195876289,21.49856188758351,0.0,100.0,6.315789473684211,84.26666666666667,0.0,70.6,INSUFFICIENT_DATA,Kumpulkan lebih banyak data sebelum dievaluasi
RS 06,SUPPORT,146.55943548387097,141.365,0.3592491313039317,-3.269749753997475,18,2,,0.0,124,7.056451612903227,37.5,0.0,0.0,100.0,15.0,84.26666666666667,66.66666666666666,70.6,MONITOR,Periksa log operasi
3,RTGC,371.56605063291136,399.9,0.15118689674271846,-0.837223706998019,27,3,2026-01-18,100.0,395,3.1645569620253164,6.0,0.0,84.0,0.0,6.315789473684211,84.26666666666667,100.0,71.0,MONITOR,Koordinasikan inspeksi alat (anomali kritis berulang)
B 9516 UAS,KEND_OPS,39.06333333333333,38.47,0.4213164102553633,,0,0,,0.0,3,0.0,92.47311827956989,0.0,0.0,100.0,7.368421052631579,84.26666666666667,0.0,71.2,INSUFFICIENT_DATA,Kumpulkan lebih banyak data sebelum dievaluasi
11,RTGC,406.9345180722891,400.0,0.1717981749971815,13.718223589920992,26,2,2026-04-21,100.0,498,2.610441767068273,14.000000000000002,27.436447179841984,69.0,0.0,6.315789473684211,84.26666666666667,66.66666666666666,71.4,MONITOR,Bandingkan dengan hour meter dan log operasi (perubahan pola menetap terdeteksi)
162,HEAD_TRUCK,75.0061380597015,74.96000000000001,0.23461946773389233,7.447316821465442,65,6,2025-05-11,100.0,536,5.083955223880597,20.618556701030926,14.894633642930884,48.0,0.0,6.315789473684211,84.26666666666667,100.0,71.6,MONITOR,Koordinasikan inspeksi alat (anomali kritis berulang)
58,RTGC,235.00125,227.15,0.2530923846748038,2.7233968430395126,76,4,,100.0,520,6.105769230769231,76.0,5.446793686079025,0.0,0.0,6.315789473684211,84.26666666666667,100.0,71.7,MONITOR,Koordinasikan inspeksi alat (anomali kritis berulang)
128,HEAD_TRUCK,79.24064128256514,79.67,0.2571704381764294,10.496113616346396,56,4,2025-11-12,100.0,499,4.609218436873747,56.70103092783505,20.99222723269279,6.0,0.0,6.315789473684211,84.26666666666667,100.0,71.7,MONITOR,Koordinasikan inspeksi alat (anomali kritis berulang)
60,RTGC,242.55892592592593,238.3,0.2451806921419868,6.760621630794238,67,3,,100.0,540,5.555555555555555,68.0,13.521243261588475,0.0,0.0,6.315789473684211,84.26666666666667,100.0,71.8,MONITOR,Koordinasikan inspeksi alat (anomali kritis berulang)
38,RTGC,277.32444444444445,299.0,0.3535940603691184,-31.668759130888724,7,2,,100.0,45,10.0,98.0,0.0,0.0,0.0,6.315789473684211,84.26666666666667,66.66666666666666,71.8,MONITOR,Periksa log operasi
FRK 17,SUPPORT,31.20529411764706,31.285,0.5240267011719613,-0.5076714801444082,8,0,,9.5,34,10.294117647058822,75.0,0.0,0.0,90.47619047619048,15.0,84.26666666666667,0.0,71.9,MONITOR,Periksa log operasi
210,HEAD_TRUCK,77.68668,78.69,0.24445802242539855,-0.9559850268640381,73,4,,33.3,500,5.35,37.11340206185567,0.0,0.0,66.66666666666666,6.315789473684211,84.26666666666667,100.0,71.9,MONITOR,Koordinasikan inspeksi alat (anomali kritis berulang)
171,HEAD_TRUCK,79.06366223908918,79.95,0.2742580202739175,5.396883266212442,74,4,,100.0,527,5.3605313092979125,70.10309278350515,10.793766532424884,0.0,0.0,6.315789473684211,84.26666666666667,100.0,71.9,MONITOR,Koordinasikan inspeksi alat (anomali kritis berulang)
131,HEAD_TRUCK,76.78228070175439,76.56,0.24048229818627018,9.732526388121968,68,4,2025-06-17,66.7,513,5.214424951267056,32.98969072164948,19.465052776243937,6.0,33.33333333333333,6.315789473684211,84.26666666666667,100.0,72.0,MONITOR,Koordinasikan inspeksi alat (anomali kritis berulang)
FRK 32,SUPPORT,32.02717391304348,34.695,0.3813179386985272,12.734466376907852,8,0,,0.0,46,8.152173913043478,45.83333333333333,25.468932753815704,0.0,100.0,15.0,84.26666666666667,0.0,72.0,MONITOR,Periksa log operasi
B 9656 UAU,KEND_OPS,27.924112903225808,27.275,0.2798964244785239,8.437825440492189,41,0,2026-04-07,100.0,248,5.745967741935484,68.81720430107528,16.875650880984377,60.0,0.0,7.368421052631579,84.26666666666667,0.0,72.0,MONITOR,Bandingkan dengan hour meter dan log operasi (perubahan pola menetap terdeteksi)
59,RTGC,233.7293650793651,232.7,0.2464517676403427,3.5361502509654157,62,3,,100.0,504,5.307539682539683,72.0,7.072300501930831,0.0,0.0,6.315789473684211,84.26666666666667,100.0,72.2,MONITOR,Koordinasikan inspeksi alat (anomali kritis berulang)
40,RTGC,309.56820697319034,320.0,0.29206968329080035,6.858701311686737,51,2,,100.0,373,5.093833780160858,88.0,13.717402623373474,0.0,0.0,6.315789473684211,84.26666666666667,66.66666666666666,72.2,MONITOR,Periksa log operasi
163,HEAD_TRUCK,81.86467583497054,81.35,0.2736078393806165,4.411180057127878,75,5,,100.0,509,6.434184675834971,69.0721649484536,8.822360114255757,0.0,0.0,6.315789473684211,84.26666666666667,100.0,72.2,MONITOR,Koordinasikan inspeksi alat (anomali kritis berulang)
156,HEAD_TRUCK,77.60681017612525,78.31,0.25417053390321453,11.035833331333631,65,4,,100.0,511,5.47945205479452,54.63917525773196,22.071666662667262,0.0,0.0,6.315789473684211,84.26666666666667,100.0,72.6,MONITOR,Koordinasikan inspeksi alat (anomali kritis berulang)
198,HEAD_TRUCK,85.90776237623761,88.84,0.2457198873940501,5.930738287027692,61,2,,31.0,505,4.9504950495049505,41.23711340206185,11.861476574055384,0.0,69.04761904761905,6.315789473684211,84.26666666666667,66.66666666666666,72.6,MONITOR,Periksa log operasi
196,HEAD_TRUCK,78.22343873517787,80.0,0.26514170260542963,5.534536458814732,85,5,,100.0,506,6.91699604743083,62.88659793814433,11.069072917629464,0.0,0.0,6.315789473684211,84.26666666666667,100.0,72.7,MONITOR,Koordinasikan inspeksi alat (anomali kritis berulang)
61,RTGC,237.602474012474,233.8,0.24434975021555824,5.0118758933176295,54,6,,100.0,481,5.301455301455301,66.0,10.023751786635259,0.0,0.0,6.315789473684211,84.26666666666667,100.0,72.7,MONITOR,Koordinasikan inspeksi alat (anomali kritis berulang)
139,HEAD_TRUCK,74.17657196969698,76.13,0.24113241904168423,9.415207523824751,58,5,,64.3,528,4.8768939393939394,34.02061855670103,18.830415047649502,0.0,35.714285714285715,6.315789473684211,84.26666666666667,100.0,72.7,MONITOR,Koordinasikan inspeksi alat (anomali kritis berulang)
13,RTGC,391.9477837837838,400.0,0.18379631771805055,5.139289797131509,37,6,2026-03-22,100.0,555,3.3783783783783785,20.0,10.278579594263018,48.0,0.0,6.315789473684211,84.26666666666667,100.0,72.7,MONITOR,Koordinasikan inspeksi alat (anomali kritis berulang)
B 9629 BAY,KEND_OPS,27.1368085106383,26.94,0.26243930634830553,11.513200676290799,10,0,,16.7,47,7.446808510638298,59.13978494623656,23.026401352581598,0.0,83.33333333333334,7.368421052631579,84.26666666666667,0.0,72.9,MONITOR,Periksa log operasi
B 9269 UWM,KEND_OPS,30.014857142857142,28.975,0.301567541579338,15.843272618937544,13,0,,47.6,70,7.5,70.96774193548387,31.686545237875087,0.0,52.38095238095239,7.368421052631579,84.26666666666667,0.0,72.9,MONITOR,Periksa log operasi
SL 11,SUPPORT,78.45616216216216,76.38,0.45543343629730093,-3.4002422773490983,34,2,,57.1,185,7.7027027027027035,58.333333333333336,0.0,0.0,42.857142857142854,15.0,84.26666666666667,66.66666666666666,73.0,MONITOR,Periksa log operasi
B 9131 J,KEND_OPS,42.54333333333333,43.230000000000004,0.33670146099646453,-37.53818737270876,0,0,,0.0,6,0.0,79.56989247311827,0.0,0.0,100.0,7.368421052631579,84.26666666666667,0.0,73.1,INSUFFICIENT_DATA,Kumpulkan lebih banyak data sebelum dievaluasi
154,HEAD_TRUCK,80.4950406504065,81.39500000000001,0.22122501345725235,4.29739105763405,61,4,,14.3,492,4.878048780487805,8.24742268041237,8.5947821152681,0.0,85.71428571428571,6.315789473684211,84.26666666666667,100.0,73.1,MONITOR,Koordinasikan inspeksi alat (anomali kritis berulang)
B 9172 CBA,KEND_OPS,37.97181818181818,38.92,0.266695562344465,7.362359132204754,2,0,,2.4,22,3.4090909090909087,61.29032258064516,14.724718264409509,0.0,97.61904761904762,7.368421052631579,84.26666666666667,0.0,73.2,MONITOR,Cek kemungkinan duplikasi transaksi / konfirmasi status alat
GALMON 08,KEND_OPS,65.89875,66.045,0.21094841427914746,16.981869816640263,1,0,,0.0,16,3.125,39.784946236559136,33.963739633280525,0.0,100.0,7.368421052631579,84.26666666666667,0.0,73.4,MONITOR,Cek kemungkinan duplikasi transaksi / konfirmasi status alat
56,RTGC,232.95016635859517,229.0,0.24209526666377298,4.237206871421673,63,4,,100.0,541,5.545286506469501,62.0,8.474413742843346,0.0,0.0,6.315789473684211,84.26666666666667,100.0,73.5,MONITOR,Koordinasikan inspeksi alat (anomali kritis berulang)
FRK 22,SUPPORT,29.31,27.87,0.4765049328877762,-11.007351480230474,0,0,,0.0,13,0.0,70.83333333333334,0.0,0.0,100.0,15.0,84.26666666666667,0.0,73.7,MONITOR,Cek kemungkinan duplikasi transaksi / konfirmasi status alat
B 9625 BAY,KEND_OPS,28.48,29.05,0.22624839531871802,13.10616743891557,3,0,,0.0,26,3.8461538461538463,43.01075268817204,26.21233487783114,0.0,100.0,7.368421052631579,84.26666666666667,0.0,73.9,MONITOR,Cek kemungkinan duplikasi transaksi / konfirmasi status alat
35,RTGC,285.2640522875817,299.9,0.3258345430062955,6.5882588411335705,30,1,,100.0,153,7.18954248366013,96.0,13.176517682267141,0.0,0.0,6.315789473684211,84.26666666666667,33.33333333333333,74.0,MONITOR,Periksa log operasi
141,HEAD_TRUCK,81.03332699619772,83.005,0.24609873694104428,9.295701200379854,58,3,2026-04-04,100.0,526,5.038022813688213,42.2680412371134,18.59140240075971,6.0,0.0,6.315789473684211,84.26666666666667,100.0,74.1,MONITOR,Koordinasikan inspeksi alat (anomali kritis berulang)
161,HEAD_TRUCK,74.57326375711575,75.93,0.25089317980859593,8.275896936970659,67,6,,100.0,527,5.170777988614801,49.48453608247423,16.551793873941318,0.0,0.0,6.315789473684211,84.26666666666667,100.0,74.2,MONITOR,Koordinasikan inspeksi alat (anomali kritis berulang)
B 7963 TAA,BUS,48.577182320441985,50.0,0.08502722560574393,1.9931745946051527,6,1,2025-07-12,100.0,362,1.0359116022099446,100.0,3.9863491892103053,6.0,0.0,15.0,84.26666666666667,33.33333333333333,74.2,MONITOR,Periksa log operasi
B 9626 BAY,KEND_OPS,26.1475,30.335,0.31289522937861497,-10.491030983873888,0,0,,0.0,8,0.0,72.04301075268818,0.0,0.0,100.0,7.368421052631579,84.26666666666667,0.0,74.2,INSUFFICIENT_DATA,Kumpulkan lebih banyak data sebelum dievaluasi
157,HEAD_TRUCK,72.41244186046512,72.5,0.2446942792740532,7.660205910549781,68,4,2026-01-23,100.0,516,5.232558139534884,38.144329896907216,15.320411821099562,12.0,0.0,6.315789473684211,84.26666666666667,100.0,74.3,MONITOR,Koordinasikan inspeksi alat (anomali kritis berulang)
KT 8934 CY,KEND_OPS,44.09117647058823,48.93,0.33919041878364947,-32.53597624094889,2,0,,31.0,17,8.823529411764707,80.64516129032258,0.0,0.0,69.04761904761905,7.368421052631579,84.26666666666667,0.0,74.3,MONITOR,Cek kemungkinan duplikasi transaksi / konfirmasi status alat
133,HEAD_TRUCK,77.51035294117646,77.055,0.23998650480696251,4.627139174457268,70,6,2025-05-16,100.0,510,5.588235294117648,29.896907216494846,9.254278348914536,24.0,0.0,6.315789473684211,84.26666666666667,100.0,74.6,MONITOR,Koordinasikan inspeksi alat (anomali kritis berulang)
B 9631 BAY,KEND_OPS,28.20078125,28.54,0.24219253780768873,5.045329576696731,8,0,,0.0,64,4.6875,52.68817204301075,10.090659153393462,0.0,100.0,7.368421052631579,84.26666666666667,0.0,74.7,MONITOR,Periksa log operasi
1,RTGC,323.9885580524344,342.985,0.23515133115303843,4.4173964620088935,60,6,,100.0,534,4.681647940074907,54.0,8.834792924017787,0.0,0.0,6.315789473684211,84.26666666666667,100.0,74.8,MONITOR,Koordinasikan inspeksi alat (anomali kritis berulang)
B 9456 TVC,KEND_OPS,35.66421052631579,38.37,0.197985054510351,15.070109956622616,0,0,,0.0,19,0.0,36.55913978494624,30.140219913245232,0.0,100.0,7.368421052631579,84.26666666666667,0.0,75.0,MONITOR,Cek kemungkinan duplikasi transaksi / konfirmasi status alat
32,RTGC,323.48028355387527,349.0,0.21770368219788475,-0.3826328687542064,55,4,2026-04-22,100.0,529,3.9697542533081283,44.0,0.0,18.0,0.0,6.315789473684211,84.26666666666667,100.0,75.1,MONITOR,Koordinasikan inspeksi alat (anomali kritis berulang)
B 9578 BAY,KEND_OPS,31.383928571428573,31.509999999999998,0.19476826962710378,13.050962517577469,8,0,,0.0,56,4.017857142857143,34.40860215053764,26.101925035154938,0.0,100.0,7.368421052631579,84.26666666666667,0.0,75.2,MONITOR,Periksa log operasi
202,HEAD_TRUCK,68.5952408477842,68.53,0.25988650946065045,-1.5429195776855582,63,6,,100.0,519,5.539499036608863,58.76288659793815,0.0,0.0,0.0,6.315789473684211,84.26666666666667,100.0,75.2,MONITOR,Koordinasikan inspeksi alat (anomali kritis berulang)
201,HEAD_TRUCK,71.97,72.86,0.21188983310380605,10.407735825507032,50,5,2025-10-19,66.7,535,3.7383177570093453,4.123711340206185,20.815471651014064,12.0,33.33333333333333,6.315789473684211,84.26666666666667,100.0,75.5,MONITOR,Koordinasikan inspeksi alat (anomali kritis berulang)
138,HEAD_TRUCK,79.51268101761254,80.49,0.21974082009147103,6.337590820289138,60,6,,42.9,511,4.990215264187866,7.216494845360824,12.675181640578275,0.0,57.14285714285714,6.315789473684211,84.26666666666667,100.0,75.5,MONITOR,Koordinasikan inspeksi alat (anomali kritis berulang)
B 9872 CAJ,KEND_OPS,30.29549707602339,30.73,0.2297111522977286,12.740703512276061,22,0,,21.4,171,4.093567251461988,47.31182795698925,25.481407024552123,0.0,78.57142857142857,7.368421052631579,84.26666666666667,0.0,75.5,MONITOR,Periksa log operasi
90,HEAD_TRUCK,91.20770750988142,95.29,0.2625943836413847,7.929223753303388,42,1,,66.7,253,5.928853754940711,61.855670103092784,15.858447506606776,0.0,33.33333333333333,6.315789473684211,84.26666666666667,33.33333333333333,75.6,MONITOR,Periksa log operasi
B 1133 RYD,KEND_OPS,37.653571428571425,36.875,0.32083740328403665,-18.580720652510603,0,0,,16.7,14,0.0,74.19354838709677,0.0,0.0,83.33333333333334,7.368421052631579,84.26666666666667,0.0,75.6,MONITOR,Cek kemungkinan duplikasi transaksi / konfirmasi status alat
MODUL 2,MODUL,557.5633333333334,273.69,0.9984893084484541,,0,0,,0.0,3,0.0,66.66666666666666,0.0,0.0,100.0,0.0,84.26666666666667,0.0,75.8,INSUFFICIENT_DATA,Kumpulkan lebih banyak data sebelum dievaluasi
158,HEAD_TRUCK,76.80586466165414,76.99000000000001,0.22581165387548818,15.939271717210133,48,5,2026-04-15,100.0,532,4.276315789473684,12.371134020618557,31.878543434420266,12.0,0.0,6.315789473684211,84.26666666666667,100.0,75.9,MONITOR,Koordinasikan inspeksi alat (anomali kritis berulang)
206,HEAD_TRUCK,76.38813405797102,76.645,0.25142594568183235,10.544698665116776,71,2,2025-10-07,100.0,552,4.755434782608696,50.51546391752577,21.089397330233552,6.0,0.0,6.315789473684211,84.26666666666667,66.66666666666666,75.9,MONITOR,Periksa log operasi
203,HEAD_TRUCK,80.66081904761904,80.73,0.24997812608615538,0.24347535519863064,73,5,2026-03-11,100.0,525,5.428571428571429,47.42268041237113,0.4869507103972613,6.0,0.0,6.315789473684211,84.26666666666667,100.0,76.0,MONITOR,Koordinasikan inspeksi alat (anomali kritis berulang)
1050.38,KEND_OPS,22.819333333333336,21.35,0.2571759000898351,19.128709068211656,4,0,,66.7,30,6.666666666666667,56.98924731182796,38.25741813642331,0.0,33.33333333333333,7.368421052631579,84.26666666666667,0.0,76.1,MONITOR,Monitor tujuh hari berikutnya
166,HEAD_TRUCK,71.14888268156425,72.62,0.24044647201622038,7.0300895907904515,63,5,2025-05-06,100.0,537,4.795158286778398,31.958762886597935,14.060179181580903,6.0,0.0,6.315789473684211,84.26666666666667,100.0,76.4,MONITOR,Koordinasikan inspeksi alat (anomali kritis berulang)
B 9362 J,KEND_OPS,38.2125,35.730000000000004,0.25497560639785843,,0,0,,0.0,4,0.0,55.91397849462365,0.0,0.0,100.0,7.368421052631579,84.26666666666667,0.0,76.7,INSUFFICIENT_DATA,Kumpulkan lebih banyak data sebelum dievaluasi
155,HEAD_TRUCK,85.46245652173914,85.41499999999999,0.22647912760213065,4.078006268824372,53,3,,59.5,460,4.565217391304348,14.432989690721648,8.156012537648744,0.0,40.476190476190474,6.315789473684211,84.26666666666667,100.0,76.8,MONITOR,Koordinasikan inspeksi alat (anomali kritis berulang)
B 9876 CAJ,KEND_OPS,29.057777777777776,28.6,0.2533485318751363,-5.55157175018761,0,0,,0.0,9,0.0,54.83870967741935,0.0,0.0,100.0,7.368421052631579,84.26666666666667,0.0,76.8,INSUFFICIENT_DATA,Kumpulkan lebih banyak data sebelum dievaluasi
41,RTGC,345.4489361702128,350.7,0.19626310840191097,0.9947068043295173,50,2,2026-03-30,100.0,517,3.9168278529980656,28.000000000000004,1.9894136086590346,42.0,0.0,6.315789473684211,84.26666666666667,66.66666666666666,76.9,MONITOR,Periksa log operasi
B 9864 CY,KEND_OPS,23.816666666666666,24.05,0.41119081623945014,-39.302783244307,0,0,,54.8,12,0.0,89.24731182795699,0.0,0.0,45.23809523809524,7.368421052631579,84.26666666666667,0.0,77.1,MONITOR,Monitor tujuh hari berikutnya
165,HEAD_TRUCK,75.35471243042672,74.86,0.23346837787002012,10.68601028737182,63,6,2025-10-22,100.0,539,4.823747680890538,19.587628865979383,21.37202057474364,6.0,0.0,6.315789473684211,84.26666666666667,100.0,77.1,MONITOR,Koordinasikan inspeksi alat (anomali kritis berulang)
34,RTGC,287.1371593090211,300.0,0.25934309115291215,-1.3964348576852839,67,0,2026-03-23,100.0,521,4.0786948176583495,80.0,0.0,33.0,0.0,6.315789473684211,84.26666666666667,0.0,77.4,MONITOR,Periksa log operasi
209,HEAD_TRUCK,86.3668795620438,85.405,0.22884225111227144,10.899860437012187,69,3,2025-10-25,100.0,548,4.835766423357665,16.49484536082474,21.799720874024374,6.0,0.0,6.315789473684211,84.26666666666667,100.0,77.5,MONITOR,Koordinasikan inspeksi alat (anomali kritis berulang)
168,HEAD_TRUCK,73.29430656934306,73.465,0.23225019308961234,9.473136880731237,57,7,2025-11-08,100.0,548,4.47080291970803,18.556701030927837,18.946273761462475,6.0,0.0,6.315789473684211,84.26666666666667,100.0,77.7,MONITOR,Koordinasikan inspeksi alat (anomali kritis berulang)
211,HEAD_TRUCK,78.33406533575318,78.67,0.2400305041802183,5.729063417254477,67,4,,100.0,551,4.900181488203267,30.927835051546392,11.458126834508954,0.0,0.0,6.315789473684211,84.26666666666667,100.0,77.8,MONITOR,Koordinasikan inspeksi alat (anomali kritis berulang)
B 7156 TAB,ELF,36.33265060240964,36.55,0.1221385811210941,4.344577917292769,12,2,2025-03-02,100.0,332,2.108433734939759,50.0,8.689155834585538,6.0,0.0,11.666666666666666,84.26666666666667,66.66666666666666,77.8,MONITOR,Periksa log operasi
FRK 29,SUPPORT,30.793684210526315,30.38,0.30874745456398794,4.682540462456145,10,0,,0.0,57,6.578947368421052,25.0,9.36508092491229,0.0,100.0,15.0,84.26666666666667,0.0,77.8,MONITOR,Periksa log operasi
B 9934 PQ Damkar,KEND_OPS,34.045,34.045,0.3532937684823961,,0,0,,52.4,2,0.0,82.79569892473118,0.0,0.0,47.61904761904761,7.368421052631579,84.26666666666667,0.0,77.9,INSUFFICIENT_DATA,Kumpulkan lebih banyak data sebelum dievaluasi
140,HEAD_TRUCK,73.71925996204934,73.84,0.2313071139563881,9.583941831453586,59,5,2025-05-12,100.0,527,4.3168880455407965,17.525773195876287,19.167883662907172,6.0,0.0,6.315789473684211,84.26666666666667,100.0,77.9,MONITOR,Koordinasikan inspeksi alat (anomali kritis berulang)
164,HEAD_TRUCK,74.62894538606403,74.59,0.21386666766947462,7.3244753901831,55,4,,64.3,531,3.766478342749529,5.154639175257731,14.6489507803662,0.0,35.714285714285715,6.315789473684211,84.26666666666667,100.0,77.9,MONITOR,Koordinasikan inspeksi alat (anomali kritis berulang)
B 9786 BAZ,KEND_OPS,28.031913043478262,26.97,0.2272474512299758,-8.497175461006748,17,0,2025-08-08,23.8,115,5.217391304347826,44.086021505376344,0.0,12.0,76.19047619047619,7.368421052631579,84.26666666666667,0.0,78.0,MONITOR,Periksa log operasi
B 7962 TAA,ELF,34.25533333333333,33.974999999999994,0.13992535452423355,3.823955254963387,1,0,,100.0,30,1.6666666666666667,100.0,7.647910509926774,0.0,0.0,11.666666666666666,84.26666666666667,0.0,78.1,MONITOR,Monitor tujuh hari berikutnya
B 9584 BAY,KEND_OPS,35.84205882352941,36.545,0.12874992144198508,13.629829605216992,0,0,,0.0,34,0.0,18.27956989247312,27.259659210433984,0.0,100.0,7.368421052631579,84.26666666666667,0.0,78.2,MONITOR,Cek kemungkinan duplikasi transaksi / konfirmasi status alat
MODUL 3,MODUL,1230.0875,1243.5,0.5472591152322663,,0,0,,0.0,4,0.0,50.0,0.0,0.0,100.0,0.0,84.26666666666667,0.0,78.3,INSUFFICIENT_DATA,Kumpulkan lebih banyak data sebelum dievaluasi
204,HEAD_TRUCK,73.39390596745028,73.68,0.2530168847595959,-0.06947595463940008,67,2,2025-10-31,100.0,553,4.520795660036167,52.57731958762887,0.0,9.0,0.0,6.315789473684211,84.26666666666667,66.66666666666666,78.3,MONITOR,Periksa log operasi
143,HEAD_TRUCK,82.13387475538161,83.43,0.22576191767271053,10.874012905910842,56,3,2025-07-07,100.0,511,4.060665362035225,11.34020618556701,21.748025811821684,6.0,0.0,6.315789473684211,84.26666666666667,100.0,78.5,MONITOR,Koordinasikan inspeksi alat (anomali kritis berulang)
B 9596 BAY,KEND_OPS,23.323048780487806,23.505000000000003,0.2782989306892196,19.05847316877613,9,0,,100.0,82,3.6585365853658534,66.66666666666666,38.11694633755226,0.0,0.0,7.368421052631579,84.26666666666667,0.0,78.6,MONITOR,Periksa log operasi
170,HEAD_TRUCK,84.14489959839358,86.13,0.24558480196219218,9.556424592180685,68,2,,100.0,498,4.919678714859438,40.20618556701031,19.11284918436137,0.0,0.0,6.315789473684211,84.26666666666667,66.66666666666666,78.6,MONITOR,Periksa log operasi
B 9963 CAJ,KEND_OPS,27.85904347826087,27.57,0.26303362170319583,5.09533775142426,11,0,,50.0,115,4.130434782608695,60.215053763440864,10.19067550284852,0.0,50.0,7.368421052631579,84.26666666666667,0.0,78.7,MONITOR,Periksa log operasi
53,RTGC,253.7126275992439,250.43,0.23481493999867661,-1.0337580733064693,60,2,2026-03-28,100.0,529,4.300567107750473,52.0,0.0,6.0,0.0,6.315789473684211,84.26666666666667,66.66666666666666,78.9,MONITOR,Periksa log operasi
B 9799 BAZ,KEND_OPS,35.41746268656716,36.5,0.1599705654576169,5.830275626313942,3,1,,35.7,67,2.6119402985074625,25.806451612903224,11.660551252627885,0.0,64.28571428571429,7.368421052631579,84.26666666666667,33.33333333333333,79.1,MONITOR,Cek kemungkinan duplikasi transaksi / konfirmasi status alat
B 7697 TK,BUS,49.03078313253012,50.03,0.07001477820046442,0.4445232518907443,5,0,2025-08-21,100.0,332,0.9036144578313252,75.0,0.8890465037814886,24.0,0.0,15.0,84.26666666666667,0.0,79.1,MONITOR,Periksa log operasi
B 9627 BAY,KEND_OPS,34.368,35.86,0.16470051675180958,4.243180602602994,2,0,,0.0,20,2.5,26.881720430107524,8.486361205205988,0.0,100.0,7.368421052631579,84.26666666666667,0.0,79.2,MONITOR,Cek kemungkinan duplikasi transaksi / konfirmasi status alat
51,RTGC,303.716,300.2,0.201476448424792,1.9203444605124669,61,4,,100.0,555,4.009009009009009,30.0,3.8406889210249338,0.0,0.0,6.315789473684211,84.26666666666667,100.0,79.3,MONITOR,Koordinasikan inspeksi alat (anomali kritis berulang)
205,HEAD_TRUCK,83.0085504587156,82.43,0.23583244811227028,6.194688039172692,51,3,,100.0,545,3.5321100917431196,21.649484536082475,12.389376078345384,0.0,0.0,6.315789473684211,84.26666666666667,100.0,79.3,MONITOR,Koordinasikan inspeksi alat (anomali kritis berulang)
B 9537 BAY,KEND_OPS,32.47870967741935,32.8,0.19963710118265632,0.3827999670930793,4,0,,9.5,31,4.032258064516129,37.634408602150536,0.7655999341861586,0.0,90.47619047619048,7.368421052631579,84.26666666666667,0.0,79.4,MONITOR,Cek kemungkinan duplikasi transaksi / konfirmasi status alat
54,RTGC,253.92636029411764,247.0,0.226776873554929,2.311906934373365,70,2,,100.0,544,4.641544117647059,50.0,4.62381386874673,0.0,0.0,6.315789473684211,84.26666666666667,66.66666666666666,79.4,MONITOR,Periksa log operasi
189,HEAD_TRUCK,71.84906976744186,71.88,0.24541762015557167,7.10341059791321,66,2,,100.0,516,5.087209302325581,39.175257731958766,14.20682119582642,0.0,0.0,6.315789473684211,84.26666666666667,66.66666666666666,79.5,MONITOR,Periksa log operasi
FRK 18,SUPPORT,32.52945945945946,32.49,0.4316182033334738,-16.73794142077903,9,0,,54.8,37,10.81081081081081,54.166666666666664,0.0,0.0,45.23809523809524,15.0,84.26666666666667,0.0,79.5,MONITOR,Periksa log operasi
30,RTGC,309.3508764940239,307.9,0.20443251049654426,-1.8808127148073128,46,0,2026-03-25,100.0,502,2.888446215139442,34.0,0.0,66.0,0.0,6.315789473684211,84.26666666666667,0.0,79.6,MONITOR,Bandingkan dengan hour meter dan log operasi (perubahan pola menetap terdeteksi)
10,RTGC,389.9145856353591,400.0,0.15078918460520627,1.8977863496691199,25,2,2026-03-22,100.0,543,2.3020257826887662,4.0,3.7955726993382397,48.0,0.0,6.315789473684211,84.26666666666667,66.66666666666666,79.7,MONITOR,Periksa log operasi
B 9265 UAM,KEND_OPS,39.19,40.42,0.33041306412716437,,0,0,,64.3,3,0.0,77.41935483870968,0.0,0.0,35.714285714285715,7.368421052631579,84.26666666666667,0.0,79.9,INSUFFICIENT_DATA,Kumpulkan lebih banyak data sebelum dievaluasi
B 8935 CY,KEND_OPS,46.777272727272724,49.41,0.19352812587319596,-9.39545134945103,0,0,,0.0,11,0.0,33.33333333333333,0.0,0.0,100.0,7.368421052631579,84.26666666666667,0.0,80.0,MONITOR,Cek kemungkinan duplikasi transaksi / konfirmasi status alat
14,RTGC,386.6614065510597,400.0,0.1835382679117257,4.537449443361429,47,2,2026-03-30,100.0,519,3.901734104046243,18.0,9.074898886722858,24.0,0.0,6.315789473684211,84.26666666666667,66.66666666666666,80.0,MONITOR,Periksa log operasi
FRK 19,SUPPORT,29.002105263157894,26.18,0.39961118003124213,-23.59527564339161,2,0,,42.9,19,5.263157894736842,50.0,0.0,0.0,57.14285714285714,15.0,84.26666666666667,0.0,80.0,MONITOR,Cek kemungkinan duplikasi transaksi / konfirmasi status alat
B 9118 SQ,KEND_OPS,64.7009090909091,66.29,0.18846430582358958,-23.059946854028738,0,0,,0.0,11,0.0,32.25806451612903,0.0,0.0,100.0,7.368421052631579,84.26666666666667,0.0,80.2,MONITOR,Cek kemungkinan duplikasi transaksi / konfirmasi status alat
18,RTGC,171.20000000000002,171.20000000000002,1.1102237312087848,,0,0,,100.0,2,0.0,100.0,0.0,0.0,0.0,6.315789473684211,84.26666666666667,0.0,80.2,INSUFFICIENT_DATA,Kumpulkan lebih banyak data sebelum dievaluasi
B 9015 RFP STOP,KEND_OPS,23.052500000000002,22.525,0.4941718198350694,,0,0,,100.0,4,0.0,96.7741935483871,0.0,0.0,0.0,7.368421052631579,84.26666666666667,0.0,80.5,INSUFFICIENT_DATA,Kumpulkan lebih banyak data sebelum dievaluasi
FRK 30,SUPPORT,31.887647058823532,32.9,0.2545025392145061,-13.76976627739819,2,0,,0.0,17,5.88235294117647,16.666666666666664,0.0,0.0,100.0,15.0,84.26666666666667,0.0,80.6,MONITOR,Cek kemungkinan duplikasi transaksi / konfirmasi status alat
FRK 31,SUPPORT,40.793,44.44,0.23389100489899028,6.1085286984640055,0,0,,0.0,10,0.0,12.5,12.217057396928011,0.0,100.0,15.0,84.26666666666667,0.0,80.6,MONITOR,Cek kemungkinan duplikasi transaksi / konfirmasi status alat
B 9870 BAY,KEND_OPS,27.245,29.82,0.47353064075698986,,0,0,,100.0,4,0.0,95.6989247311828,0.0,0.0,0.0,7.368421052631579,84.26666666666667,0.0,80.7,INSUFFICIENT_DATA,Kumpulkan lebih banyak data sebelum dievaluasi
MODUL 5,MODUL,1833.3333333333333,2000.0,0.41659779045053097,,0,0,,0.0,3,0.0,33.33333333333333,0.0,0.0,100.0,0.0,84.26666666666667,0.0,80.8,INSUFFICIENT_DATA,Kumpulkan lebih banyak data sebelum dievaluasi
B 9301 UAV,KEND_OPS,34.340555555555554,35.91,0.1870623054254503,4.293221403311658,2,0,,21.4,36,2.083333333333333,31.182795698924732,8.586442806623316,0.0,78.57142857142857,7.368421052631579,84.26666666666667,0.0,80.8,MONITOR,Cek kemungkinan duplikasi transaksi / konfirmasi status alat
6,RTGC,333.35598165137617,350.0,0.1905535696162777,-3.506840906132943,51,0,2026-03-23,100.0,545,2.889908256880734,26.0,0.0,66.0,0.0,6.315789473684211,84.26666666666667,0.0,80.8,MONITOR,Bandingkan dengan hour meter dan log operasi (perubahan pola menetap terdeteksi)
Modul ST 18,MODUL,24.616041666666668,0.0,9.092342758667526,-89.75355025721092,0,0,,100.0,288,0.0,100.0,0.0,0.0,0.0,0.0,84.26666666666667,0.0,80.8,MONITOR,Monitor tujuh hari berikutnya
146,HEAD_TRUCK,71.99483870967742,70.64,0.23608979637467353,-8.885083062168171,7,0,,0.0,62,4.435483870967742,22.68041237113402,0.0,0.0,100.0,6.315789473684211,84.26666666666667,0.0,80.9,MONITOR,Periksa log operasi
B 1127 UKV,KEND_OPS,34.62,34.62,0.42401897104080677,,0,0,,100.0,2,0.0,93.54838709677419,0.0,0.0,0.0,7.368421052631579,84.26666666666667,0.0,81.0,INSUFFICIENT_DATA,Kumpulkan lebih banyak data sebelum dievaluasi
197,HEAD_TRUCK,69.84101663585952,70.54,0.22235604947220372,1.2880042053862004,68,6,2025-06-06,100.0,541,5.22181146025878,10.309278350515463,2.576008410772401,6.0,0.0,6.315789473684211,84.26666666666667,100.0,81.3,MONITOR,Koordinasikan inspeksi alat (anomali kritis berulang)
136,HEAD_TRUCK,72.7727205882353,74.235,0.22581528325185943,2.398514080802237,62,7,,100.0,544,5.193014705882353,13.402061855670103,4.797028161604474,0.0,0.0,6.315789473684211,84.26666666666667,100.0,81.4,MONITOR,Koordinasikan inspeksi alat (anomali kritis berulang)
FRK 26,SUPPORT,28.024367816091953,26.95,0.2993114083962384,-10.14051942121759,9,0,,11.9,87,4.597701149425287,20.833333333333336,0.0,0.0,88.09523809523809,15.0,84.26666666666667,0.0,81.4,MONITOR,Periksa log operasi
216,HEAD_TRUCK,73.31340699815838,73.39,0.24399309408372113,1.749000049160538,70,2,,100.0,543,4.6040515653775325,36.08247422680412,3.498000098321076,0.0,0.0,6.315789473684211,84.26666666666667,66.66666666666666,81.6,MONITOR,Periksa log operasi
215,HEAD_TRUCK,78.87329566854991,78.8,0.25411596059491154,3.767185292737281,65,1,,100.0,531,4.80225988700565,53.608247422680414,7.534370585474562,0.0,0.0,6.315789473684211,84.26666666666667,33.33333333333333,81.7,MONITOR,Periksa log operasi
175,HEAD_TRUCK,68.45903703703704,69.095,0.22673096720229596,-0.4430774014330742,67,4,,100.0,540,4.953703703703704,15.463917525773196,0.0,0.0,0.0,6.315789473684211,84.26666666666667,100.0,81.8,MONITOR,Koordinasikan inspeksi alat (anomali kritis berulang)
Galmon 05,KEND_OPS,50.82625,45.685,0.39438670876827986,-4.542614046051045,0,0,,100.0,8,0.0,88.17204301075269,0.0,0.0,0.0,7.368421052631579,84.26666666666667,0.0,81.8,INSUFFICIENT_DATA,Kumpulkan lebih banyak data sebelum dievaluasi
B 9426 TVC,KEND_OPS,30.077111111111112,31.53,0.27082103219239695,8.47306113746967,5,0,,100.0,45,4.444444444444445,64.51612903225806,16.94612227493934,0.0,0.0,7.368421052631579,84.26666666666667,0.0,81.9,MONITOR,Periksa log operasi
207,HEAD_TRUCK,77.84828828828829,78.72,0.24834691659330937,2.320679238097666,65,1,2025-09-15,100.0,555,4.324324324324325,45.36082474226804,4.641358476195332,9.0,0.0,6.315789473684211,84.26666666666667,33.33333333333333,82.1,MONITOR,Periksa log operasi
B 7943 TAA,ELF,34.400000000000006,35.54,0.1350355417295628,-6.137404293649612,0,0,,100.0,31,0.0,83.33333333333334,0.0,0.0,0.0,11.666666666666666,84.26666666666667,0.0,82.1,MONITOR,Monitor tujuh hari berikutnya
17,RTGC,384.02248,400.0,0.1657669665569577,1.775586043043859,23,2,2026-04-01,100.0,375,2.8000000000000003,10.0,3.551172086087718,24.0,0.0,6.315789473684211,84.26666666666667,66.66666666666666,82.3,MONITOR,Periksa log operasi
137,HEAD_TRUCK,84.07309297912713,84.09,0.21080735616840646,4.527430776097577,55,4,,100.0,527,4.459203036053131,3.0927835051546393,9.054861552195154,0.0,0.0,6.315789473684211,84.26666666666667,100.0,82.4,MONITOR,Koordinasikan inspeksi alat (anomali kritis berulang)
B 9884 CY,KEND_OPS,34.8,34.8,0.358023605876637,,0,0,,100.0,2,0.0,83.87096774193549,0.0,0.0,0.0,7.368421052631579,84.26666666666667,0.0,82.5,INSUFFICIENT_DATA,Kumpulkan lebih banyak data sebelum dievaluasi
B 9802 SBX,KEND_OPS,34.415,34.415,0.349084533266292,,0,0,,100.0,2,0.0,81.72043010752688,0.0,0.0,0.0,7.368421052631579,84.26666666666667,0.0,82.8,INSUFFICIENT_DATA,Kumpulkan lebih banyak data sebelum dievaluasi
FRK 05 A,SUPPORT,152.79,160.61,0.13801352245253629,,0,0,,0.0,3,0.0,8.333333333333332,0.0,0.0,100.0,15.0,84.26666666666667,0.0,83.0,INSUFFICIENT_DATA,Kumpulkan lebih banyak data sebelum dievaluasi
B 9970 CAI,KEND_OPS,37.3275,38.69,0.10003708297346418,,0,0,,0.0,4,0.0,13.978494623655912,0.0,0.0,100.0,7.368421052631579,84.26666666666667,0.0,83.0,INSUFFICIENT_DATA,Kumpulkan lebih banyak data sebelum dievaluasi
B 9619 TVC,KEND_OPS,35.23176470588235,35.05,0.1395764985075045,12.362759675075417,0,0,,50.0,17,0.0,21.50537634408602,24.725519350150833,0.0,50.0,7.368421052631579,84.26666666666667,0.0,83.1,MONITOR,Cek kemungkinan duplikasi transaksi / konfirmasi status alat
B 7941 TAA,ELF,34.10516129032258,34.71,0.1265172939080136,3.7436737865625265,1,0,,100.0,31,1.6129032258064515,66.66666666666666,7.487347573125053,0.0,0.0,11.666666666666666,84.26666666666667,0.0,83.2,MONITOR,Monitor tujuh hari berikutnya
FRK 28,SUPPORT,29.459074074074074,29.490000000000002,0.34353118384479153,-7.509453368424232,19,0,,47.6,108,6.944444444444445,29.166666666666668,0.0,0.0,52.38095238095239,15.0,84.26666666666667,0.0,83.3,MONITOR,Periksa log operasi
POL 1050.38,KEND_OPS,25.760892857142856,25.61,0.22326322356587366,1.403082593399241,3,0,,54.8,56,2.6785714285714284,41.935483870967744,2.806165186798482,0.0,45.23809523809524,7.368421052631579,84.26666666666667,0.0,83.3,MONITOR,Monitor tujuh hari berikutnya
Compresor 06,MODUL,2.7777777777777777,0.0,4.242640687119286,-100.0,0,0,,100.0,18,0.0,83.33333333333334,0.0,0.0,0.0,0.0,84.26666666666667,0.0,83.3,MONITOR,Monitor tujuh hari berikutnya
B 9015 RFP,KEND_OPS,49.749310344827585,50.385,0.05559810284213954,-2.5131922058189535,0,0,,0.0,58,0.0,9.67741935483871,0.0,0.0,100.0,7.368421052631579,84.26666666666667,0.0,83.6,MONITOR,Cek kemungkinan duplikasi transaksi / konfirmasi status alat
FRK 11 A,SUPPORT,97.00999999999999,97.00999999999999,0.04358827493552791,,0,0,,0.0,2,0.0,4.166666666666666,0.0,0.0,100.0,15.0,84.26666666666667,0.0,83.7,INSUFFICIENT_DATA,Kumpulkan lebih banyak data sebelum dievaluasi
57,RTGC,248.80197211155377,250.0,0.21060857165974947,3.8255501230473934,51,1,,100.0,502,4.233067729083665,40.0,7.651100246094787,0.0,0.0,6.315789473684211,84.26666666666667,33.33333333333333,83.8,MONITOR,Periksa log operasi
B 9615 TVC,KEND_OPS,38.72714285714285,40.0,0.12223608239131817,6.773197055795004,0,0,,33.3,14,0.0,16.129032258064516,13.546394111590008,0.0,66.66666666666666,7.368421052631579,84.26666666666667,0.0,83.9,MONITOR,Cek kemungkinan duplikasi transaksi / konfirmasi status alat
2,RTGC,344.79301470588234,350.0,0.1706937197101711,3.104684986298335,38,1,2026-03-31,100.0,544,2.34375,12.0,6.20936997259667,30.0,0.0,6.315789473684211,84.26666666666667,33.33333333333333,84.1,REVIEW,Periksa log operasi
B 9150 TBD,KEND_OPS,42.095,40.0,0.09809867952557065,-9.48178320887078,0,0,,9.5,10,0.0,12.903225806451612,0.0,0.0,90.47619047619048,7.368421052631579,84.26666666666667,0.0,84.1,REVIEW,Cek kemungkinan duplikasi transaksi / konfirmasi status alat
B 9682 BAY,KEND_OPS,31.70941176470588,31.4,0.16786319746747896,-9.212691783609682,3,0,,42.9,34,2.2058823529411766,29.03225806451613,0.0,0.0,57.14285714285714,7.368421052631579,84.26666666666667,0.0,84.5,REVIEW,Cek kemungkinan duplikasi transaksi / konfirmasi status alat
B 7987 TAA,BUS,48.84316804407713,50.0,0.06520144197117374,2.047972197479244,4,0,2025-07-22,100.0,363,0.6198347107438017,50.0,4.095944394958488,9.0,0.0,15.0,84.26666666666667,0.0,84.7,REVIEW,Tidak ada tindakan
82,HEAD_TRUCK,107.19000000000001,120.13,0.17473837938430728,,0,0,,0.0,5,0.0,1.0309278350515463,0.0,0.0,100.0,6.315789473684211,84.26666666666667,0.0,85.0,INSUFFICIENT_DATA,Kumpulkan lebih banyak data sebelum dievaluasi
153,HEAD_TRUCK,74.09420475319926,74.76,0.21448350273173022,6.134284855309884,56,2,,100.0,547,3.8391224862888484,6.185567010309279,12.268569710619769,0.0,0.0,6.315789473684211,84.26666666666667,66.66666666666666,85.0,HEALTHY,Periksa log operasi
213,HEAD_TRUCK,79.85930711610487,80.015,0.19992668854506693,6.8838763980895346,55,1,,64.3,534,3.7921348314606744,2.0618556701030926,13.767752796179069,0.0,35.714285714285715,6.315789473684211,84.26666666666667,33.33333333333333,85.1,HEALTHY,Periksa log operasi
129,HEAD_TRUCK,50.36,50.36,,,0,0,,0.0,1,0.0,0.0,0.0,0.0,100.0,6.315789473684211,84.26666666666667,0.0,85.2,INSUFFICIENT_DATA,Kumpulkan lebih banyak data sebelum dievaluasi
GALMON 5,KEND_OPS,54.379999999999995,50.39,0.26785620430185597,,0,0,,100.0,5,0.0,63.44086021505376,0.0,0.0,0.0,7.368421052631579,84.26666666666667,0.0,85.5,INSUFFICIENT_DATA,Kumpulkan lebih banyak data sebelum dievaluasi
B 9424 TVC,KEND_OPS,32.16166666666667,32.18,0.2282916760417939,5.930979001461149,9,0,,100.0,78,3.205128205128205,46.236559139784944,11.861958002922298,0.0,0.0,7.368421052631579,84.26666666666667,0.0,85.7,HEALTHY,Periksa log operasi
B 7161 TAB,ELF,36.25689759036144,36.535,0.11874469910285788,6.571091726887223,7,0,2025-06-12,100.0,332,0.8283132530120483,33.33333333333333,13.142183453774447,12.0,0.0,11.666666666666666,84.26666666666667,0.0,85.7,HEALTHY,Periksa log operasi
169,HEAD_TRUCK,75.27781190019194,75.93,0.22192867629373506,-3.628416058505931,66,2,,100.0,521,4.654510556621881,9.278350515463918,0.0,0.0,0.0,6.315789473684211,84.26666666666667,66.66666666666666,86.2,HEALTHY,Periksa log operasi
B 9827 CAJ,KEND_OPS,30.130000000000003,30.130000000000003,0.261439413953473,,0,0,,100.0,2,0.0,58.06451612903226,0.0,0.0,0.0,7.368421052631579,84.26666666666667,0.0,86.3,INSUFFICIENT_DATA,Kumpulkan lebih banyak data sebelum dievaluasi
B 9458 TVC,KEND_OPS,32.31306451612903,34.64,0.23449302612669837,-9.597985173921318,11,0,,100.0,62,6.854838709677419,48.38709677419355,0.0,0.0,0.0,7.368421052631579,84.26666666666667,0.0,86.4,HEALTHY,Periksa log operasi
MODUL 20,MODUL,800.05,800.05,0.3534429120636215,,0,0,,31.0,2,0.0,16.666666666666664,0.0,0.0,69.04761904761905,0.0,84.26666666666667,0.0,86.4,INSUFFICIENT_DATA,Kumpulkan lebih banyak data sebelum dievaluasi
8,RTGC,374.007431693989,399.9,0.1620146606064717,-3.2353956029359323,40,1,2026-02-08,100.0,549,3.3242258652094714,8.0,0.0,24.0,0.0,6.315789473684211,84.26666666666667,33.33333333333333,86.4,HEALTHY,Periksa log operasi
142,HEAD_TRUCK,76.25219330855019,77.27,0.23917261631217435,0.8403007536465723,73,1,,100.0,538,4.9721189591078065,27.835051546391753,1.6806015072931446,0.0,0.0,6.315789473684211,84.26666666666667,33.33333333333333,86.4,HEALTHY,Periksa log operasi
B 9008 UAU,KEND_OPS,19.60181818181818,17.76,0.17821854713764834,13.29977383818485,0,0,,100.0,11,0.0,30.107526881720432,26.5995476763697,0.0,0.0,7.368421052631579,84.26666666666667,0.0,86.5,HEALTHY,Tidak ada tindakan
44,RTGC,320.18,350.1,0.23711396021725656,,0,0,,100.0,5,0.0,56.00000000000001,0.0,0.0,0.0,6.315789473684211,84.26666666666667,0.0,86.8,INSUFFICIENT_DATA,Kumpulkan lebih banyak data sebelum dievaluasi
B 9617 TVC,KEND_OPS,36.424285714285716,39.86,0.19616287018097853,6.613185123869206,5,0,,100.0,49,4.081632653061225,35.483870967741936,13.226370247738412,0.0,0.0,7.368421052631579,84.26666666666667,0.0,86.9,HEALTHY,Periksa log operasi
KT 8984 CY,KEND_OPS,46.653333333333336,45.32,0.24389983732494505,,0,0,,100.0,3,0.0,53.76344086021505,0.0,0.0,0.0,7.368421052631579,84.26666666666667,0.0,87.0,INSUFFICIENT_DATA,Kumpulkan lebih banyak data sebelum dievaluasi
B 9710 XDY,KEND_OPS,45.095,45.095,0.15382453760816128,,0,0,,59.5,2,0.0,24.731182795698924,0.0,0.0,40.476190476190474,7.368421052631579,84.26666666666667,0.0,87.3,INSUFFICIENT_DATA,Kumpulkan lebih banyak data sebelum dievaluasi
KT 8935 CY,KEND_OPS,49.3975,51.730000000000004,0.23718649215231993,,0,0,,100.0,4,0.0,50.53763440860215,0.0,0.0,0.0,7.368421052631579,84.26666666666667,0.0,87.5,INSUFFICIENT_DATA,Kumpulkan lebih banyak data sebelum dievaluasi
B 9422 TVC,KEND_OPS,36.35081632653061,39.58,0.16498274065385712,8.57282320005741,5,0,,100.0,49,3.571428571428571,27.956989247311824,17.14564640011482,0.0,0.0,7.368421052631579,84.26666666666667,0.0,87.6,HEALTHY,Periksa log operasi
5,RTGC,333.5746323529412,350.0,0.1872245668959699,-0.7709417961999442,22,1,,100.0,272,2.849264705882353,22.0,0.0,0.0,0.0,6.315789473684211,84.26666666666667,33.33333333333333,88.0,HEALTHY,Periksa log operasi
B 9618 TVC,KEND_OPS,32.089999999999996,32.695,0.15203116701105232,11.048997040447231,0,0,,100.0,6,0.0,23.655913978494624,22.097994080894463,0.0,0.0,7.368421052631579,84.26666666666667,0.0,88.2,INSUFFICIENT_DATA,Kumpulkan lebih banyak data sebelum dievaluasi
MODUL 1,MODUL,0.0,0.0,,,0,0,,26.2,120,0.0,0.0,0.0,0.0,73.80952380952381,0.0,84.26666666666667,0.0,88.4,HEALTHY,Cek kemungkinan duplikasi transaksi / konfirmasi status alat
B 7157 TAB,ELF,36.13530120481928,35.89,0.10433049028394688,5.687343551760777,3,0,2025-06-12,100.0,332,0.37650602409638556,16.666666666666664,11.374687103521554,12.0,0.0,11.666666666666666,84.26666666666667,0.0,88.5,HEALTHY,Tidak ada tindakan
B 9289 UWM,KEND_OPS,28.11,28.11,0.13784934759524295,,0,0,,66.7,2,0.0,20.43010752688172,0.0,0.0,33.33333333333333,7.368421052631579,84.26666666666667,0.0,88.7,INSUFFICIENT_DATA,Kumpulkan lebih banyak data sebelum dievaluasi
B 9613 TVC,KEND_OPS,38.07939393939394,38.55,0.11194339803033446,-2.5839904051792466,2,0,,61.9,33,1.5151515151515151,15.053763440860216,0.0,0.0,38.095238095238095,7.368421052631579,84.26666666666667,0.0,88.7,HEALTHY,Tidak ada tindakan
B 9301 UAU,KEND_OPS,35.342,35.0,0.2212835232470494,,0,0,,100.0,5,0.0,40.86021505376344,0.0,0.0,0.0,7.368421052631579,84.26666666666667,0.0,88.9,INSUFFICIENT_DATA,Kumpulkan lebih banyak data sebelum dievaluasi
E 9080 VG,KEND_OPS,65.08500000000001,65.08500000000001,0.012059438075087536,,0,0,,52.4,2,0.0,6.451612903225806,0.0,0.0,47.61904761904761,7.368421052631579,84.26666666666667,0.0,89.3,INSUFFICIENT_DATA,Kumpulkan lebih banyak data sebelum dievaluasi
B 9611 TVC,KEND_OPS,35.90706896551724,37.43,0.13224556601438542,7.596690590111657,4,0,,100.0,58,1.7241379310344827,19.35483870967742,15.193381180223314,0.0,0.0,7.368421052631579,84.26666666666667,0.0,89.5,HEALTHY,Tidak ada tindakan
B 9661 TVC,KEND_OPS,38.51238095238095,40.0,0.09579828066490785,-1.175570835708611,1,0,,66.7,21,1.1904761904761905,11.827956989247312,0.0,0.0,33.33333333333333,7.368421052631579,84.26666666666667,0.0,89.7,HEALTHY,Tidak ada tindakan
9,RTGC,348.2807692307692,389.4,0.1903170595149871,-10.475313422214782,6,0,,100.0,26,8.653846153846153,24.0,0.0,0.0,0.0,6.315789473684211,84.26666666666667,0.0,89.8,HEALTHY,Periksa log operasi
B 7985 TAA,BUS,48.69903225806452,50.0,0.05809871805656339,1.3475442490074956,0,0,,100.0,31,0.0,25.0,2.695088498014991,0.0,0.0,15.0,84.26666666666667,0.0,90.1,HEALTHY,Tidak ada tindakan
B 9609 TVC,KEND_OPS,38.87655172413793,40.0,0.14361863057105345,-4.753131776555131,2,0,,100.0,29,2.586206896551724,22.58064516129032,0.0,0.0,0.0,7.368421052631579,84.26666666666667,0.0,91.1,HEALTHY,Tidak ada tindakan
B 9986 BAY,KEND_OPS,29.052,27.81,0.12622138834388152,,0,0,,100.0,5,0.0,17.20430107526882,0.0,0.0,0.0,7.368421052631579,84.26666666666667,0.0,92.5,INSUFFICIENT_DATA,Kumpulkan lebih banyak data sebelum dievaluasi
B 9337 BBF,KEND_OPS,35.205,35.205,0.09219202174822484,,0,0,,100.0,2,0.0,10.75268817204301,0.0,0.0,0.0,7.368421052631579,84.26666666666667,0.0,93.4,INSUFFICIENT_DATA,Kumpulkan lebih banyak data sebelum dievaluasi
B 9851 BAZ,KEND_OPS,26.92,26.92,0.03940045214635294,,0,0,,100.0,2,0.0,8.60215053763441,0.0,0.0,0.0,7.368421052631579,84.26666666666667,0.0,93.8,INSUFFICIENT_DATA,Kumpulkan lebih banyak data sebelum dievaluasi
B 8934 CY,KEND_OPS,51.185,51.185,0.029149073132824364,,0,0,,100.0,2,0.0,7.526881720430108,0.0,0.0,0.0,7.368421052631579,84.26666666666667,0.0,93.9,INSUFFICIENT_DATA,Kumpulkan lebih banyak data sebelum dievaluasi
AD 8137 OA,KEND_OPS,40.086666666666666,40.0,0.005295753643136797,-0.4314636574842493,0,0,,100.0,6,0.0,5.376344086021505,0.0,0.0,0.0,7.368421052631579,84.26666666666667,0.0,94.2,INSUFFICIENT_DATA,Kumpulkan lebih banyak data sebelum dievaluasi
FRK terex 01,SUPPORT,113.98,113.98,,,0,0,,100.0,1,0.0,0.0,0.0,0.0,0.0,15.0,84.26666666666667,0.0,94.3,INSUFFICIENT_DATA,Kumpulkan lebih banyak data sebelum dievaluasi
FRK 05A,SUPPORT,101.59,101.59,,,0,0,,100.0,1,0.0,0.0,0.0,0.0,0.0,15.0,84.26666666666667,0.0,94.3,INSUFFICIENT_DATA,Kumpulkan lebih banyak data sebelum dievaluasi
19,RTGC,379.6297872340425,399.9,0.1327104097806989,-2.1467936705070874,5,0,,100.0,94,2.6595744680851063,2.0,0.0,0.0,0.0,6.315789473684211,84.26666666666667,0.0,94.3,HEALTHY,Periksa log operasi
AD 8130 OA,KEND_OPS,40.0,40.0,0.0,,0,0,,100.0,4,0.0,2.6881720430107525,0.0,0.0,0.0,7.368421052631579,84.26666666666667,0.0,94.6,INSUFFICIENT_DATA,Kumpulkan lebih banyak data sebelum dievaluasi
AD 8137 OH,KEND_OPS,40.0,40.0,0.0,0.0,0,0,,100.0,10,0.0,2.6881720430107525,0.0,0.0,0.0,7.368421052631579,84.26666666666667,0.0,94.6,HEALTHY,Tidak ada tindakan
B 9794 BAZ,KEND_OPS,30.0,30.0,0.0,,0,0,,100.0,4,0.0,2.6881720430107525,0.0,0.0,0.0,7.368421052631579,84.26666666666667,0.0,94.6,INSUFFICIENT_DATA,Kumpulkan lebih banyak data sebelum dievaluasi
DM,KEND_OPS,40.0,40.0,0.0,,0,0,,100.0,2,0.0,2.6881720430107525,0.0,0.0,0.0,7.368421052631579,84.26666666666667,0.0,94.6,INSUFFICIENT_DATA,Kumpulkan lebih banyak data sebelum dievaluasi
B 8994 CY,KEND_OPS,25.95,25.95,,,0,0,,100.0,1,0.0,0.0,0.0,0.0,0.0,7.368421052631579,84.26666666666667,0.0,95.0,INSUFFICIENT_DATA,Kumpulkan lebih banyak data sebelum dievaluasi
B 9561 UAS,KEND_OPS,37.06,37.06,,,0,0,,100.0,1,0.0,0.0,0.0,0.0,0.0,7.368421052631579,84.26666666666667,0.0,95.0,INSUFFICIENT_DATA,Kumpulkan lebih banyak data sebelum dievaluasi
B 9516 UAU,KEND_OPS,35.46,35.46,,,0,0,,100.0,1,0.0,0.0,0.0,0.0,0.0,7.368421052631579,84.26666666666667,0.0,95.0,INSUFFICIENT_DATA,Kumpulkan lebih banyak data sebelum dievaluasi
B 9478 BAY,KEND_OPS,30.28,30.28,,,0,0,,100.0,1,0.0,0.0,0.0,0.0,0.0,7.368421052631579,84.26666666666667,0.0,95.0,INSUFFICIENT_DATA,Kumpulkan lebih banyak data sebelum dievaluasi
B 9516 UAT,KEND_OPS,27.56,27.56,,,0,0,,100.0,1,0.0,0.0,0.0,0.0,0.0,7.368421052631579,84.26666666666667,0.0,95.0,INSUFFICIENT_DATA,Kumpulkan lebih banyak data sebelum dievaluasi
B 1146 ULX,KEND_OPS,53.23,53.23,,,0,0,,100.0,1,0.0,0.0,0.0,0.0,0.0,7.368421052631579,84.26666666666667,0.0,95.0,INSUFFICIENT_DATA,Kumpulkan lebih banyak data sebelum dievaluasi
B 9254 BBF,KEND_OPS,40.0,40.0,,,0,0,,100.0,1,0.0,0.0,0.0,0.0,0.0,7.368421052631579,84.26666666666667,0.0,95.0,INSUFFICIENT_DATA,Kumpulkan lebih banyak data sebelum dievaluasi
B 8968 CY,KEND_OPS,26.56,26.56,,,0,0,,100.0,1,0.0,0.0,0.0,0.0,0.0,7.368421052631579,84.26666666666667,0.0,95.0,INSUFFICIENT_DATA,Kumpulkan lebih banyak data sebelum dievaluasi
B 1975 HKN DM,KEND_OPS,45.79,45.79,,,0,0,,100.0,1,0.0,0.0,0.0,0.0,0.0,7.368421052631579,84.26666666666667,0.0,95.0,INSUFFICIENT_DATA,Kumpulkan lebih banyak data sebelum dievaluasi
GALMON 06,KEND_OPS,58.71,58.71,,,0,0,,100.0,1,0.0,0.0,0.0,0.0,0.0,7.368421052631579,84.26666666666667,0.0,95.0,INSUFFICIENT_DATA,Kumpulkan lebih banyak data sebelum dievaluasi
B 9628 BAY,KEND_OPS,26.84,26.84,,,0,0,,100.0,1,0.0,0.0,0.0,0.0,0.0,7.368421052631579,84.26666666666667,0.0,95.0,INSUFFICIENT_DATA,Kumpulkan lebih banyak data sebelum dievaluasi
B 9684 BAY,KEND_OPS,36.81,36.81,,,0,0,,100.0,1,0.0,0.0,0.0,0.0,0.0,7.368421052631579,84.26666666666667,0.0,95.0,INSUFFICIENT_DATA,Kumpulkan lebih banyak data sebelum dievaluasi
B 9706 XDY,KEND_OPS,46.62,46.62,,,0,0,,100.0,1,0.0,0.0,0.0,0.0,0.0,7.368421052631579,84.26666666666667,0.0,95.0,INSUFFICIENT_DATA,Kumpulkan lebih banyak data sebelum dievaluasi
B 9809 VE,KEND_OPS,70.0,70.0,,,0,0,,100.0,1,0.0,0.0,0.0,0.0,0.0,7.368421052631579,84.26666666666667,0.0,95.0,INSUFFICIENT_DATA,Kumpulkan lebih banyak data sebelum dievaluasi
B 9631 CAJ,KEND_OPS,35.09,35.09,,,0,0,,100.0,1,0.0,0.0,0.0,0.0,0.0,7.368421052631579,84.26666666666667,0.0,95.0,INSUFFICIENT_DATA,Kumpulkan lebih banyak data sebelum dievaluasi
B 9693 CAI,KEND_OPS,49.83,49.83,,,0,0,,100.0,1,0.0,0.0,0.0,0.0,0.0,7.368421052631579,84.26666666666667,0.0,95.0,INSUFFICIENT_DATA,Kumpulkan lebih banyak data sebelum dievaluasi
B 9823 BAY,KEND_OPS,35.95,35.95,,,0,0,,100.0,1,0.0,0.0,0.0,0.0,0.0,7.368421052631579,84.26666666666667,0.0,95.0,INSUFFICIENT_DATA,Kumpulkan lebih banyak data sebelum dievaluasi
D M,KEND_OPS,38.23,38.23,,,0,0,,100.0,1,0.0,0.0,0.0,0.0,0.0,7.368421052631579,84.26666666666667,0.0,95.0,INSUFFICIENT_DATA,Kumpulkan lebih banyak data sebelum dievaluasi
F 8379 HT,KEND_OPS,13.07,13.07,,,0,0,,100.0,1,0.0,0.0,0.0,0.0,0.0,7.368421052631579,84.26666666666667,0.0,95.0,INSUFFICIENT_DATA,Kumpulkan lebih banyak data sebelum dievaluasi
B 9980 BAY,KEND_OPS,35.0,35.0,,,0,0,,100.0,1,0.0,0.0,0.0,0.0,0.0,7.368421052631579,84.26666666666667,0.0,95.0,INSUFFICIENT_DATA,Kumpulkan lebih banyak data sebelum dievaluasi
E 9080 VE,KEND_OPS,50.01,50.01,,,0,0,,100.0,1,0.0,0.0,0.0,0.0,0.0,7.368421052631579,84.26666666666667,0.0,95.0,INSUFFICIENT_DATA,Kumpulkan lebih banyak data sebelum dievaluasi
22,RTGC,15.5,15.5,,,0,0,,100.0,1,0.0,0.0,0.0,0.0,0.0,6.315789473684211,84.26666666666667,0.0,95.2,INSUFFICIENT_DATA,Kumpulkan lebih banyak data sebelum dievaluasi
MODUL 4,MODUL,1896.0,1896.0,,,0,0,,100.0,1,0.0,0.0,0.0,0.0,0.0,0.0,84.26666666666667,0.0,95.8,INSUFFICIENT_DATA,Kumpulkan lebih banyak data sebelum dievaluasi
