equipment_id,equipment_category,cluster_id,cluster_label,cluster_characteristics,silhouette_score,mean_daily_fuel,median_daily_fuel,standard_deviation,coefficient_of_variation,maximum_daily_fuel,zero_day_ratio,anomaly_ratio,monthly_growth,active_day_ratio
B 7987 TAA,BUS,-1,HIGH_STABLE,"mean~49L, CV~0.07, active_ratio~0.99, growth~0.6%/bulan",,48.84316804407713,50.0,3.184644986914183,0.06520144197117374,59.26,0.0,0.011019283746556474,0.5603021197432303,0.9945205479452055
B 7697 TK,BUS,-1,HIGH_VOLATILE,"mean~49L, CV~0.07, active_ratio~0.99, growth~0.2%/bulan",,49.03078313253012,50.03,3.4328794060191683,0.07001477820046442,56.0,0.0,0.015060240963855422,0.24441247261678545,0.9940119760479041
B 7963 TAA,BUS,-1,LOW_VOLATILE,"mean~49L, CV~0.09, active_ratio~0.99, growth~0.4%/bulan",,48.577182320441985,50.0,4.130383040451576,0.08502722560574393,53.11,0.0027624309392265192,0.016574585635359115,0.3526873571354814,0.9945054945054945
B 7156 TAB,ELF,-1,HIGH_VOLATILE,"mean~36L, CV~0.12, active_ratio~0.99, growth~0.9%/bulan",,36.33265060240964,36.55,4.437618392946779,0.1221385811210941,63.0,0.0,0.03614457831325301,0.8671960233584592,0.9940119760479041
B 7161 TAB,ELF,-1,HIGH_VOLATILE,"mean~36L, CV~0.12, active_ratio~0.99, growth~1.0%/bulan",,36.25689759036144,36.535,4.305314394770602,0.11874469910285788,50.0,0.0,0.02108433734939759,1.049621634105353,0.9940119760479041
B 7157 TAB,ELF,-1,LOW_STABLE,"mean~36L, CV~0.10, active_ratio~0.99, growth~1.0%/bulan",,36.13530120481928,35.89,3.770013691256892,0.10433049028394688,46.0,0.0,0.009036144578313253,1.0451515889078224,0.9940119760479041
104,HEAD_TRUCK,0,HOMOGENEOUS,"mean~77L, CV~0.31, active_ratio~0.84, growth~-0.5%/bulan",,95.34042666666667,100.65,27.94665076752993,0.2931248762420397,204.19,0.0,0.14933333333333335,0.3871593462021634,0.8099352051835853
118,HEAD_TRUCK,0,HOMOGENEOUS,"mean~77L, CV~0.31, active_ratio~0.84, growth~-0.5%/bulan",,82.67795454545454,89.19,29.52845829377464,0.35715032448632406,137.32,0.0,0.18181818181818182,-4.364327731900927,0.0831758034026465
128,HEAD_TRUCK,0,HOMOGENEOUS,"mean~77L, CV~0.31, active_ratio~0.84, growth~-0.5%/bulan",,79.24064128256514,79.67,20.378350440018536,0.2571704381764294,163.78,0.0,0.11222444889779559,0.6322285582487862,0.8831858407079646
131,HEAD_TRUCK,0,HOMOGENEOUS,"mean~77L, CV~0.31, active_ratio~0.84, growth~-0.5%/bulan",,76.78228070175439,76.56,18.464779323141197,0.24048229818627018,153.09,0.0,0.13255360623781676,-0.06654935903506456,0.9063604240282686
132,HEAD_TRUCK,0,HOMOGENEOUS,"mean~77L, CV~0.31, active_ratio~0.84, growth~-0.5%/bulan",,79.46244161358811,80.5,19.015036272680913,0.23929589736428805,189.25,0.0,0.12951167728237792,1.2921325648645972,0.8321554770318021
133,HEAD_TRUCK,0,HOMOGENEOUS,"mean~77L, CV~0.31, active_ratio~0.84, growth~-0.5%/bulan",,77.51035294117646,77.055,18.601438688707006,0.23998650480696251,158.66,0.0,0.13725490196078433,0.682454901238577,0.901060070671378
134,HEAD_TRUCK,0,HOMOGENEOUS,"mean~77L, CV~0.31, active_ratio~0.84, growth~-0.5%/bulan",,84.32298311444653,84.61,20.00876376397343,0.23728719057314107,213.52,0.0,0.11444652908067542,0.5443778556274811,0.941696113074205
135,HEAD_TRUCK,0,HOMOGENEOUS,"mean~77L, CV~0.31, active_ratio~0.84, growth~-0.5%/bulan",,83.18770297029702,85.04,21.61220501076814,0.25980047818467816,174.4,0.0,0.12673267326732673,0.10948638400715585,0.892226148409894
136,HEAD_TRUCK,0,HOMOGENEOUS,"mean~77L, CV~0.31, active_ratio~0.84, growth~-0.5%/bulan",,72.7727205882353,74.235,16.433192512640776,0.22581528325185943,159.38,0.0,0.11397058823529412,-0.19844385235121367,0.9611307420494699
137,HEAD_TRUCK,0,HOMOGENEOUS,"mean~77L, CV~0.31, active_ratio~0.84, growth~-0.5%/bulan",,84.07309297912713,84.09,17.723226455830403,0.21080735616840646,159.0,0.0,0.10436432637571158,-0.20797616242485703,0.931095406360424
138,HEAD_TRUCK,0,HOMOGENEOUS,"mean~77L, CV~0.31, active_ratio~0.84, growth~-0.5%/bulan",,79.51268101761254,80.49,17.47218173448172,0.21974082009147103,154.38,0.0,0.11741682974559686,0.9925455895969023,0.9028268551236749
139,HEAD_TRUCK,0,HOMOGENEOUS,"mean~77L, CV~0.31, active_ratio~0.84, growth~-0.5%/bulan",,74.17657196969698,76.13,17.88637623527262,0.24113241904168423,131.0,0.0,0.10984848484848485,0.7884663684259376,0.9328621908127208
140,HEAD_TRUCK,0,HOMOGENEOUS,"mean~77L, CV~0.31, active_ratio~0.84, growth~-0.5%/bulan",,73.71925996204934,73.84,17.051789264822343,0.2313071139563881,148.18,0.0,0.11195445920303605,0.526731196828144,0.931095406360424
141,HEAD_TRUCK,0,HOMOGENEOUS,"mean~77L, CV~0.31, active_ratio~0.84, growth~-0.5%/bulan",,81.03332699619772,83.005,19.942199423894884,0.24609873694104428,128.38,0.0,0.11026615969581749,0.44747740664995556,0.9293286219081273
142,HEAD_TRUCK,0,HOMOGENEOUS,"mean~77L, CV~0.31, active_ratio~0.84, growth~-0.5%/bulan",,76.25219330855019,77.27,18.237436573147622,0.23917261631217435,133.86,0.0,0.13568773234200743,0.32606533592305653,0.950530035335689
143,HEAD_TRUCK,0,HOMOGENEOUS,"mean~77L, CV~0.31, active_ratio~0.84, growth~-0.5%/bulan",,82.13387475538161,83.43,18.54270107066518,0.22576191767271053,149.59,0.0,0.1095890410958904,0.6385522562205121,0.9028268551236749
144,HEAD_TRUCK,0,HOMOGENEOUS,"mean~77L, CV~0.31, active_ratio~0.84, growth~-0.5%/bulan",,74.20623246492987,74.92,18.421043270530777,0.2482411875476447,211.68,0.0,0.12424849699398798,0.15673249181067656,0.8816254416961131
145,HEAD_TRUCK,0,HOMOGENEOUS,"mean~77L, CV~0.31, active_ratio~0.84, growth~-0.5%/bulan",,79.22226305609286,80.0,21.536261203208838,0.2718460742273951,161.96,0.0,0.16247582205029013,0.5061537563806349,0.9134275618374559
146,HEAD_TRUCK,0,HOMOGENEOUS,"mean~77L, CV~0.31, active_ratio~0.84, growth~-0.5%/bulan",,71.99483870967742,70.64,16.997246810995208,0.23608979637467353,120.37,0.0,0.11290322580645161,-28.334020359882416,0.7469879518072289
147,HEAD_TRUCK,0,HOMOGENEOUS,"mean~77L, CV~0.31, active_ratio~0.84, growth~-0.5%/bulan",,85.7899209486166,85.99000000000001,25.470825990285476,0.2968976507804581,277.78,0.0,0.15810276679841898,0.09581883004643117,0.9068100358422939
148,HEAD_TRUCK,0,HOMOGENEOUS,"mean~77L, CV~0.31, active_ratio~0.84, growth~-0.5%/bulan",,78.46000000000001,79.42,23.63236120458335,0.3012026663852071,233.97,0.0,0.17494600431965443,-0.8413361088645417,0.8180212014134276
149,HEAD_TRUCK,0,HOMOGENEOUS,"mean~77L, CV~0.31, active_ratio~0.84, growth~-0.5%/bulan",,81.11271805273833,80.0,19.354959846146762,0.23861806521589432,174.93,0.0,0.10953346855983773,0.5951433955586114,0.8710247349823321
150,HEAD_TRUCK,0,HOMOGENEOUS,"mean~77L, CV~0.31, active_ratio~0.84, growth~-0.5%/bulan",,84.26938976377953,85.58500000000001,19.928323678542036,0.23648354087295861,160.53,0.0,0.11614173228346457,-0.6808997049286158,0.8975265017667845
151,HEAD_TRUCK,0,HOMOGENEOUS,"mean~77L, CV~0.31, active_ratio~0.84, growth~-0.5%/bulan",,78.52744597249509,79.2,19.50226359160356,0.24834964833103568,191.75,0.0,0.14145383104125736,1.0832355319648026,0.8992932862190812
152,HEAD_TRUCK,0,HOMOGENEOUS,"mean~77L, CV~0.31, active_ratio~0.84, growth~-0.5%/bulan",,78.85948087431694,79.625,19.769633265586826,0.2506944383402025,186.63,0.0,0.14207650273224043,0.9737786290740461,0.6466431095406361
153,HEAD_TRUCK,0,HOMOGENEOUS,"mean~77L, CV~0.31, active_ratio~0.84, growth~-0.5%/bulan",,74.09420475319926,74.76,15.891984567588192,0.21448350273173022,134.07,0.0,0.10237659963436929,0.17863271545462986,0.9664310954063604
154,HEAD_TRUCK,0,HOMOGENEOUS,"mean~77L, CV~0.31, active_ratio~0.84, growth~-0.5%/bulan",,80.4950406504065,81.39500000000001,17.80751645112825,0.22122501345725235,143.33,0.0,0.12398373983739837,0.8531935007862905,0.8692579505300353
155,HEAD_TRUCK,0,HOMOGENEOUS,"mean~77L, CV~0.31, active_ratio~0.84, growth~-0.5%/bulan",,85.46245652173914,85.41499999999999,19.3554625957785,0.22647912760213065,160.46,0.0,0.11521739130434783,0.9557565704544028,0.8127208480565371
156,HEAD_TRUCK,0,HOMOGENEOUS,"mean~77L, CV~0.31, active_ratio~0.84, growth~-0.5%/bulan",,77.60681017612525,78.31,19.725364376991177,0.25417053390321453,175.79,0.0,0.12720156555772993,-0.28971707784167333,0.9028268551236749
157,HEAD_TRUCK,0,HOMOGENEOUS,"mean~77L, CV~0.31, active_ratio~0.84, growth~-0.5%/bulan",,72.41244186046512,72.5,17.718910271520794,0.2446942792740532,193.95,0.0,0.13178294573643412,0.08733527062800113,0.911660777385159
158,HEAD_TRUCK,0,HOMOGENEOUS,"mean~77L, CV~0.31, active_ratio~0.84, growth~-0.5%/bulan",,76.80586466165414,76.99000000000001,17.343659326585033,0.22581165387548818,160.52,0.0,0.09022556390977443,1.1737009692111782,0.9399293286219081
159,HEAD_TRUCK,0,HOMOGENEOUS,"mean~77L, CV~0.31, active_ratio~0.84, growth~-0.5%/bulan",,74.13128256513026,75.0,18.71188663829959,0.25241552541411516,166.84,0.0,0.12024048096192384,0.0332517740782478,0.8831858407079646
161,HEAD_TRUCK,0,HOMOGENEOUS,"mean~77L, CV~0.31, active_ratio~0.84, growth~-0.5%/bulan",,74.57326375711575,75.93,18.709923272727895,0.25089317980859593,232.47,0.0,0.127134724857685,0.019000794993533666,0.931095406360424
162,HEAD_TRUCK,0,HOMOGENEOUS,"mean~77L, CV~0.31, active_ratio~0.84, growth~-0.5%/bulan",,75.0061380597015,74.96000000000001,17.59790018834201,0.23461946773389233,161.25,0.0,0.12126865671641791,-0.2458289690553546,0.9469964664310954
163,HEAD_TRUCK,0,HOMOGENEOUS,"mean~77L, CV~0.31, active_ratio~0.84, growth~-0.5%/bulan",,81.86467583497054,81.35,22.398817076800857,0.2736078393806165,190.56,0.0,0.14734774066797643,0.5727246779709609,0.8992932862190812
164,HEAD_TRUCK,0,HOMOGENEOUS,"mean~77L, CV~0.31, active_ratio~0.84, growth~-0.5%/bulan",,74.62894538606403,74.59,15.960643861404728,0.21386666766947462,129.39,0.0,0.10357815442561205,0.14626201308486458,0.9381625441696113
165,HEAD_TRUCK,0,HOMOGENEOUS,"mean~77L, CV~0.31, active_ratio~0.84, growth~-0.5%/bulan",,75.35471243042672,74.86,17.592942475993567,0.23346837787002012,183.79,0.0,0.11688311688311688,0.3376083937628449,0.9522968197879859
166,HEAD_TRUCK,0,HOMOGENEOUS,"mean~77L, CV~0.31, active_ratio~0.84, growth~-0.5%/bulan",,71.14888268156425,72.62,17.107497828678085,0.24044647201622038,131.18,0.0,0.11731843575418995,0.51122985041552,0.9487632508833922
167,HEAD_TRUCK,0,HOMOGENEOUS,"mean~77L, CV~0.31, active_ratio~0.84, growth~-0.5%/bulan",,79.53609375,80.0,22.930246673335205,0.2882998848976689,173.99,0.0,0.16015625,0.5997923833060593,0.9045936395759717
168,HEAD_TRUCK,0,HOMOGENEOUS,"mean~77L, CV~0.31, active_ratio~0.84, growth~-0.5%/bulan",,73.29430656934306,73.465,17.02261685309917,0.23225019308961234,128.14,0.0,0.10401459854014598,0.4696759655769005,0.9681978798586572
169,HEAD_TRUCK,0,HOMOGENEOUS,"mean~77L, CV~0.31, active_ratio~0.84, growth~-0.5%/bulan",,75.27781190019194,75.93,16.706305149298373,0.22192867629373506,129.69,0.0,0.12667946257197696,-0.9272235529013403,0.9204946996466431
170,HEAD_TRUCK,0,HOMOGENEOUS,"mean~77L, CV~0.31, active_ratio~0.84, growth~-0.5%/bulan",,84.14489959839358,86.13,20.664708504000032,0.24558480196219218,234.68,0.0,0.13654618473895583,2.118000535825876,0.9171270718232044
171,HEAD_TRUCK,0,HOMOGENEOUS,"mean~77L, CV~0.31, active_ratio~0.84, growth~-0.5%/bulan",,79.06366223908918,79.95,21.683843481298286,0.2742580202739175,189.35,0.0,0.14041745730550284,-0.2449526858675231,0.931095406360424
172,HEAD_TRUCK,0,HOMOGENEOUS,"mean~77L, CV~0.31, active_ratio~0.84, growth~-0.5%/bulan",,72.51137254901961,65.645,44.405852995699505,0.6123984615748373,253.32,0.0,0.18627450980392157,-1.3127622982737048,0.18312387791741472
173,HEAD_TRUCK,0,HOMOGENEOUS,"mean~77L, CV~0.31, active_ratio~0.84, growth~-0.5%/bulan",,111.1646875,119.975,39.356169116414804,0.3540348108873585,268.63,0.0,0.1875,-0.7713405692192796,0.11552346570397112
174,HEAD_TRUCK,0,HOMOGENEOUS,"mean~77L, CV~0.31, active_ratio~0.84, growth~-0.5%/bulan",,67.46743718592965,69.27000000000001,19.27628043399712,0.2857123560344336,128.69,0.0,0.14321608040201006,2.5878493885052185,0.7044247787610619
175,HEAD_TRUCK,0,HOMOGENEOUS,"mean~77L, CV~0.31, active_ratio~0.84, growth~-0.5%/bulan",,68.45903703703704,69.095,15.521783681145209,0.22673096720229596,130.97,0.0,0.12407407407407407,-0.523200140229844,0.9540636042402827
176,HEAD_TRUCK,0,HOMOGENEOUS,"mean~77L, CV~0.31, active_ratio~0.84, growth~-0.5%/bulan",,87.17158490566038,88.12,23.28301806154686,0.2670941234663155,121.81,0.0,0.15471698113207547,-3.3420662003846644,0.581140350877193
177,HEAD_TRUCK,0,HOMOGENEOUS,"mean~77L, CV~0.31, active_ratio~0.84, growth~-0.5%/bulan",,63.95594164456233,65.05,22.304056083915714,0.34874095370014857,120.47,0.0,0.15915119363395225,4.493729391773127,0.7033582089552238
178,HEAD_TRUCK,0,HOMOGENEOUS,"mean~77L, CV~0.31, active_ratio~0.84, growth~-0.5%/bulan",,72.20578680203045,73.955,24.025712827308233,0.33273943670443634,177.71,0.0,0.1446700507614213,6.329682131490132,0.6985815602836879
179,HEAD_TRUCK,0,HOMOGENEOUS,"mean~77L, CV~0.31, active_ratio~0.84, growth~-0.5%/bulan",,74.8655241935484,77.29499999999999,23.548683639193246,0.3145464336603493,155.49,0.0,0.16330645161290322,2.524204240757847,0.8841354723707665
180,HEAD_TRUCK,0,HOMOGENEOUS,"mean~77L, CV~0.31, active_ratio~0.84, growth~-0.5%/bulan",,67.74695906432748,64.81,28.96735735055556,0.42758166197615316,196.66,0.0,0.19298245614035087,-8.725575247186026,0.30212014134275617
181,HEAD_TRUCK,0,HOMOGENEOUS,"mean~77L, CV~0.31, active_ratio~0.84, growth~-0.5%/bulan",,74.17495098039215,76.305,25.49795511379895,0.3437542563464482,182.61,0.0,0.17647058823529413,7.586138759120758,0.7391304347826086
182,HEAD_TRUCK,0,HOMOGENEOUS,"mean~77L, CV~0.31, active_ratio~0.84, growth~-0.5%/bulan",,76.46958424507659,78.35,18.070722772963325,0.2363125542182713,133.11,0.0,0.13129102844638948,-1.6875275375916752,0.8088495575221238
183,HEAD_TRUCK,0,HOMOGENEOUS,"mean~77L, CV~0.31, active_ratio~0.84, growth~-0.5%/bulan",,66.7192,70.41499999999999,24.02158958002161,0.3600401320762481,183.85,0.0,0.14,1.0869779058546278,0.7950530035335689
184,HEAD_TRUCK,0,HOMOGENEOUS,"mean~77L, CV~0.31, active_ratio~0.84, growth~-0.5%/bulan",,77.09270707070706,77.55,22.604260515810957,0.29320880501808066,152.6,0.0,0.15555555555555556,-1.5105578861848743,0.8745583038869258
185,HEAD_TRUCK,0,HOMOGENEOUS,"mean~77L, CV~0.31, active_ratio~0.84, growth~-0.5%/bulan",,65.3125652173913,69.035,21.63976494688707,0.3313262137975998,189.57,0.0,0.1826086956521739,2.542382039366107,0.8141592920353983
186,HEAD_TRUCK,0,HOMOGENEOUS,"mean~77L, CV~0.31, active_ratio~0.84, growth~-0.5%/bulan",,72.39230107526882,73.25,17.56425311766975,0.24262598172432148,135.0,0.0,0.13548387096774195,0.5302599402341666,0.8333333333333334
188,HEAD_TRUCK,0,HOMOGENEOUS,"mean~77L, CV~0.31, active_ratio~0.84, growth~-0.5%/bulan",,74.65751231527094,77.20500000000001,19.545917510493304,0.26180777934245814,120.66,0.0,0.1477832512315271,1.0777216749015663,0.7185840707964601
189,HEAD_TRUCK,0,HOMOGENEOUS,"mean~77L, CV~0.31, active_ratio~0.84, growth~-0.5%/bulan",,71.84906976744186,71.88,17.633027712717215,0.24541762015557167,155.96,0.0,0.12790697674418605,-0.2801460066123419,0.911660777385159
190,HEAD_TRUCK,0,HOMOGENEOUS,"mean~77L, CV~0.31, active_ratio~0.84, growth~-0.5%/bulan",,72.88329439252337,75.265,21.918860691029433,0.30073915941535634,134.42,0.0,0.13551401869158877,2.1334389090227135,0.7575221238938054
191,HEAD_TRUCK,0,HOMOGENEOUS,"mean~77L, CV~0.31, active_ratio~0.84, growth~-0.5%/bulan",,73.50368737474949,74.84,21.176084042427394,0.288095533690218,165.29,0.0,0.1402805611222445,1.473597223865638,0.8816254416961131
192,HEAD_TRUCK,0,HOMOGENEOUS,"mean~77L, CV~0.31, active_ratio~0.84, growth~-0.5%/bulan",,69.98387351778655,71.17,21.259562014429097,0.303778012644955,145.14,0.0,0.16205533596837945,0.23901986830769706,0.8939929328621908
193,HEAD_TRUCK,0,HOMOGENEOUS,"mean~77L, CV~0.31, active_ratio~0.84, growth~-0.5%/bulan",,72.95709302325581,72.685,19.753361569126653,0.2707531338019467,156.52,0.0,0.12209302325581395,1.0365274340038089,0.911660777385159
194,HEAD_TRUCK,0,HOMOGENEOUS,"mean~77L, CV~0.31, active_ratio~0.84, growth~-0.5%/bulan",,71.24778656126482,72.2,18.31183995713538,0.2570162645177661,156.2,0.0,0.12845849802371542,0.7942044567133516,0.8939929328621908
195,HEAD_TRUCK,0,HOMOGENEOUS,"mean~77L, CV~0.31, active_ratio~0.84, growth~-0.5%/bulan",,80.03227188081937,80.12,20.88707254929889,0.26098312666174245,183.02,0.0,0.1191806331471136,0.5654337608532964,0.9487632508833922
196,HEAD_TRUCK,0,HOMOGENEOUS,"mean~77L, CV~0.31, active_ratio~0.84, growth~-0.5%/bulan",,78.22343873517787,80.0,20.740295729896573,0.26514170260542963,168.17,0.0,0.16798418972332016,0.45109285434329877,0.8939929328621908
197,HEAD_TRUCK,0,HOMOGENEOUS,"mean~77L, CV~0.31, active_ratio~0.84, growth~-0.5%/bulan",,69.84101663585952,70.54,15.529572550272182,0.22235604947220372,120.38,0.0,0.1256931608133087,-0.19433804282360712,0.9558303886925795
198,HEAD_TRUCK,0,HOMOGENEOUS,"mean~77L, CV~0.31, active_ratio~0.84, growth~-0.5%/bulan",,85.90776237623761,88.84,21.10924569736392,0.2457198873940501,142.86,0.0,0.12079207920792079,-1.275746202888881,0.892226148409894
199,HEAD_TRUCK,0,HOMOGENEOUS,"mean~77L, CV~0.31, active_ratio~0.84, growth~-0.5%/bulan",,69.25650197628458,70.41,19.295620110853463,0.27861095435430505,140.88,0.0,0.15810276679841898,-0.8874962820326621,0.8939929328621908
200,HEAD_TRUCK,0,HOMOGENEOUS,"mean~77L, CV~0.31, active_ratio~0.84, growth~-0.5%/bulan",,79.55230088495576,81.69,19.637904912415323,0.24685527249318157,120.72,0.0,0.11504424778761062,-6.062341688720388,0.740983606557377
201,HEAD_TRUCK,0,HOMOGENEOUS,"mean~77L, CV~0.31, active_ratio~0.84, growth~-0.5%/bulan",,71.97,72.86,15.24971128848092,0.21188983310380605,130.25,0.0,0.09345794392523364,0.5152830640319569,0.9452296819787986
202,HEAD_TRUCK,0,HOMOGENEOUS,"mean~77L, CV~0.31, active_ratio~0.84, growth~-0.5%/bulan",,68.5952408477842,68.53,17.826977709543264,0.25988650946065045,142.41,0.0,0.12138728323699421,-0.5816449177029925,0.9202127659574468
203,HEAD_TRUCK,0,HOMOGENEOUS,"mean~77L, CV~0.31, active_ratio~0.84, growth~-0.5%/bulan",,80.66081904761904,80.73,20.163440394098277,0.24997812608615538,194.82,0.0,0.13904761904761906,-0.3558439773556203,0.9275618374558304
204,HEAD_TRUCK,0,HOMOGENEOUS,"mean~77L, CV~0.31, active_ratio~0.84, growth~-0.5%/bulan",,73.39390596745028,73.68,18.569897448222985,0.2530168847595959,120.68,0.0,0.12115732368896925,-0.5697734954910247,0.9770318021201413
205,HEAD_TRUCK,0,HOMOGENEOUS,"mean~77L, CV~0.31, active_ratio~0.84, growth~-0.5%/bulan",,83.0085504587156,82.43,19.576109668929817,0.23583244811227028,200.89,0.0,0.09357798165137615,0.24536803916445452,0.9628975265017667
206,HEAD_TRUCK,0,HOMOGENEOUS,"mean~77L, CV~0.31, active_ratio~0.84, growth~-0.5%/bulan",,76.38813405797102,76.645,19.205958844395948,0.25142594568183235,137.15,0.0,0.1286231884057971,0.5421097046413492,0.9752650176678446
207,HEAD_TRUCK,0,HOMOGENEOUS,"mean~77L, CV~0.31, active_ratio~0.84, growth~-0.5%/bulan",,77.84828828828829,78.72,19.333382358463435,0.24834691659330937,120.87,0.0,0.11711711711711711,-0.18022657451854587,0.980565371024735
208,HEAD_TRUCK,0,HOMOGENEOUS,"mean~77L, CV~0.31, active_ratio~0.84, growth~-0.5%/bulan",,69.12656063618292,69.46,18.777731744328264,0.27164278927685337,154.85,0.0,0.13717693836978131,-0.6775300401737196,0.8886925795053003
209,HEAD_TRUCK,0,HOMOGENEOUS,"mean~77L, CV~0.31, active_ratio~0.84, growth~-0.5%/bulan",,86.3668795620438,85.405,19.764391140520534,0.22884225111227144,168.9,0.0,0.1259124087591241,0.13520448857519454,0.9681978798586572
210,HEAD_TRUCK,0,HOMOGENEOUS,"mean~77L, CV~0.31, active_ratio~0.84, growth~-0.5%/bulan",,77.68668,78.69,18.99113216159476,0.24445802242539855,147.73,0.0,0.146,-0.6426910421881025,0.8849557522123894
211,HEAD_TRUCK,0,HOMOGENEOUS,"mean~77L, CV~0.31, active_ratio~0.84, growth~-0.5%/bulan",,78.33406533575318,78.67,18.802565197026997,0.2400305041802183,185.5,0.0,0.12159709618874773,0.14162357520541943,0.9734982332155477
212,HEAD_TRUCK,0,HOMOGENEOUS,"mean~77L, CV~0.31, active_ratio~0.84, growth~-0.5%/bulan",,80.78818525519848,80.0,21.94148522714885,0.2715927478484483,197.87,0.0,0.13988657844990549,0.20131681523053244,0.9346289752650176
213,HEAD_TRUCK,0,HOMOGENEOUS,"mean~77L, CV~0.31, active_ratio~0.84, growth~-0.5%/bulan",,79.85930711610487,80.015,15.966006821226346,0.19992668854506693,169.59,0.0,0.10299625468164794,0.34622452829613204,0.9434628975265018
214,HEAD_TRUCK,0,HOMOGENEOUS,"mean~77L, CV~0.31, active_ratio~0.84, growth~-0.5%/bulan",,83.765065913371,81.49,23.696731335486188,0.2828951553621782,208.17,0.0,0.15065913370998116,0.26220241273552636,0.9381625441696113
215,HEAD_TRUCK,0,HOMOGENEOUS,"mean~77L, CV~0.31, active_ratio~0.84, growth~-0.5%/bulan",,78.87329566854991,78.8,20.042963294100037,0.25411596059491154,149.47,0.0,0.1224105461393597,0.6005499933304222,0.9381625441696113
216,HEAD_TRUCK,0,HOMOGENEOUS,"mean~77L, CV~0.31, active_ratio~0.84, growth~-0.5%/bulan",,73.31340699815838,73.39,17.887965011299798,0.24399309408372113,155.37,0.0,0.1289134438305709,-0.11869372843148289,0.9593639575971732
23,HEAD_TRUCK,0,HOMOGENEOUS,"mean~77L, CV~0.31, active_ratio~0.84, growth~-0.5%/bulan",,4.662793296089386,0.0,19.233561499991634,4.124901165171214,116.0,0.9413407821229051,0.0223463687150838,-10.66585807739179,0.6313932980599647
83,HEAD_TRUCK,0,HOMOGENEOUS,"mean~77L, CV~0.31, active_ratio~0.84, growth~-0.5%/bulan",,94.49028571428572,96.09,28.091765793322867,0.2972979241301601,278.12,0.0,0.12987012987012986,-0.3420516990317041,0.7971014492753623
90,HEAD_TRUCK,0,HOMOGENEOUS,"mean~77L, CV~0.31, active_ratio~0.84, growth~-0.5%/bulan",,91.20770750988142,95.29,23.950631736901006,0.2625943836413847,128.0,0.0,0.16600790513833993,-3.5377832253746355,0.755223880597015
93,HEAD_TRUCK,0,HOMOGENEOUS,"mean~77L, CV~0.31, active_ratio~0.84, growth~-0.5%/bulan",,72.67408653846154,73.405,32.702069475093275,0.44998253205131455,178.6,0.0,0.17307692307692307,-4.715102670765829,0.4378947368421053
95,HEAD_TRUCK,0,HOMOGENEOUS,"mean~77L, CV~0.31, active_ratio~0.84, growth~-0.5%/bulan",,89.4512016293279,92.93,25.453399139148658,0.2845506675765369,246.77,0.0,0.14663951120162932,-1.0553611893964274,0.8690265486725663
98,HEAD_TRUCK,0,HOMOGENEOUS,"mean~77L, CV~0.31, active_ratio~0.84, growth~-0.5%/bulan",,84.9385393258427,91.96,26.029079304368313,0.30644604335041725,123.66,0.0,0.12359550561797752,-8.13835176071982,0.5741935483870968
99,HEAD_TRUCK,0,HOMOGENEOUS,"mean~77L, CV~0.31, active_ratio~0.84, growth~-0.5%/bulan",,76.16269736842105,76.13,22.88268138233708,0.30044473440386327,120.89,0.0,0.18421052631578946,-12.035155868712494,0.7342995169082126
109,HEAD_TRUCK,-1,INSUFFICIENT_DATA,Observasi terlalu sedikit untuk disegmentasi,,54.419999999999995,58.595,21.88126778776769,0.4020813632445368,77.48,0.0,0.0,,0.23076923076923078
129,HEAD_TRUCK,-1,INSUFFICIENT_DATA,Observasi terlalu sedikit untuk disegmentasi,,50.36,50.36,,,50.36,0.0,0.0,,1.0
187,HEAD_TRUCK,-1,INSUFFICIENT_DATA,Observasi terlalu sedikit untuk disegmentasi,,72.05166666666666,75.995,20.731915894742258,0.28773679852063,92.42,0.0,0.0,,0.015037593984962405
82,HEAD_TRUCK,-1,INSUFFICIENT_DATA,Observasi terlalu sedikit untuk disegmentasi,,107.19000000000001,120.13,18.7302068862039,0.17473837938430728,120.73,0.0,0.0,,0.8333333333333334
1050.38,KEND_OPS,0,HIGH_STABLE,"mean~34L, CV~0.23, active_ratio~0.18, growth~-0.5%/bulan",0.6465189078005134,22.819333333333336,21.35,5.868582589449978,0.2571759000898351,42.56,0.0,0.13333333333333333,-1.7744352115791562,0.16853932584269662
B 1133 RYD,KEND_OPS,0,HIGH_STABLE,"mean~34L, CV~0.23, active_ratio~0.18, growth~-0.5%/bulan",0.6465189078005134,37.653571428571425,36.875,12.08067408151285,0.32083740328403665,73.01,0.0,0.0,5.930000948496642,0.0639269406392694
B 1557 CZQ,KEND_OPS,0,HIGH_STABLE,"mean~34L, CV~0.23, active_ratio~0.18, growth~-0.5%/bulan",0.6465189078005134,25.26608695652174,22.765,10.596906567119978,0.4194122574403901,51.07,0.0,0.21739130434782608,-2.283091272026443,0.25555555555555554
B 8984 CY,KEND_OPS,0,HIGH_STABLE,"mean~34L, CV~0.23, active_ratio~0.18, growth~-0.5%/bulan",0.6465189078005134,40.03631578947369,39.870000000000005,13.195891953108827,0.32959805848514856,60.78,0.0,0.15789473684210525,-25.795330555153896,0.17674418604651163
B 9015 RFP,KEND_OPS,0,HIGH_STABLE,"mean~34L, CV~0.23, active_ratio~0.18, growth~-0.5%/bulan",0.6465189078005134,49.749310344827585,50.385,2.7659672728772406,0.05559810284213954,53.45,0.0,0.0,-8.516718304880316,0.1762917933130699
B 9015 UBE,KEND_OPS,0,HIGH_STABLE,"mean~34L, CV~0.23, active_ratio~0.18, growth~-0.5%/bulan",0.6465189078005134,32.119441860465116,30.64,7.329298117963128,0.22818883808141593,57.34,0.0,0.13953488372093023,-1.1024982333383553,0.38188277087033745
B 9080 VE,KEND_OPS,0,HIGH_STABLE,"mean~34L, CV~0.23, active_ratio~0.18, growth~-0.5%/bulan",0.6465189078005134,51.79954545454545,60.0,22.041072015728663,0.4255070545951005,81.71,0.0,0.22727272727272727,-0.2291586036617139,0.13095238095238096
B 9172 CBA,KEND_OPS,0,HIGH_STABLE,"mean~34L, CV~0.23, active_ratio~0.18, growth~-0.5%/bulan",0.6465189078005134,37.97181818181818,38.92,10.12691540324178,0.266695562344465,59.63,0.0,0.09090909090909091,-15.932270344035057,0.12222222222222222
B 9269 UWM,KEND_OPS,0,HIGH_STABLE,"mean~34L, CV~0.23, active_ratio~0.18, growth~-0.5%/bulan",0.6465189078005134,30.014857142857142,28.975,9.051506679426462,0.301567541579338,50.3,0.0,0.18571428571428572,-0.7280838695757037,0.12389380530973451
B 9301 UAV,KEND_OPS,0,HIGH_STABLE,"mean~34L, CV~0.23, active_ratio~0.18, growth~-0.5%/bulan",0.6465189078005134,34.340555555555554,35.91,6.423823491812977,0.1870623054254503,45.25,0.0,0.05555555555555555,-16.899357740281157,0.15859030837004406
B 9422 TVC,KEND_OPS,0,HIGH_STABLE,"mean~34L, CV~0.23, active_ratio~0.18, growth~-0.5%/bulan",0.6465189078005134,36.35081632653061,39.58,5.997257302555996,0.16498274065385712,47.75,0.0,0.10204081632653061,4.842184157782165,0.21397379912663755
B 9424 TVC,KEND_OPS,0,HIGH_STABLE,"mean~34L, CV~0.23, active_ratio~0.18, growth~-0.5%/bulan",0.6465189078005134,32.16166666666667,32.18,7.342240787630828,0.2282916760417939,48.74,0.0,0.11538461538461539,0.9737464173386943,0.3183673469387755
B 9426 TVC,KEND_OPS,0,HIGH_STABLE,"mean~34L, CV~0.23, active_ratio~0.18, growth~-0.5%/bulan",0.6465189078005134,30.077111111111112,31.53,8.145514276476522,0.27082103219239695,45.4,0.0,0.1111111111111111,0.6303796907208975,0.1836734693877551
B 9428 UAT,KEND_OPS,0,HIGH_STABLE,"mean~34L, CV~0.23, active_ratio~0.18, growth~-0.5%/bulan",0.6465189078005134,23.568057324840765,21.685000000000002,7.831373113327816,0.3322875961046453,50.87,0.0,0.1464968152866242,-5.09909639653153,0.5587188612099644
B 9456 TVC,KEND_OPS,0,HIGH_STABLE,"mean~34L, CV~0.23, active_ratio~0.18, growth~-0.5%/bulan",0.6465189078005134,35.66421052631579,38.37,7.060980665121266,0.197985054510351,47.66,0.0,0.0,29.95078362504059,0.0815450643776824
B 9458 TVC,KEND_OPS,0,HIGH_STABLE,"mean~34L, CV~0.23, active_ratio~0.18, growth~-0.5%/bulan",0.6465189078005134,32.31306451612903,34.64,7.577188281814335,0.23449302612669837,41.66,0.0,0.1774193548387097,9.999284553170178,0.2683982683982684
B 9498 BAY,KEND_OPS,0,HIGH_STABLE,"mean~34L, CV~0.23, active_ratio~0.18, growth~-0.5%/bulan",0.6465189078005134,26.144814814814815,26.64,7.284742841511029,0.27863050065985434,41.9,0.0,0.16666666666666666,-1.0157531456280562,0.17252396166134185
B 9537 BAY,KEND_OPS,0,HIGH_STABLE,"mean~34L, CV~0.23, active_ratio~0.18, growth~-0.5%/bulan",0.6465189078005134,32.47870967741935,32.8,6.483955450153086,0.19963710118265632,44.22,0.0,0.12903225806451613,17.437229351237534,0.10954063604240283
B 9578 BAY,KEND_OPS,0,HIGH_STABLE,"mean~34L, CV~0.23, active_ratio~0.18, growth~-0.5%/bulan",0.6465189078005134,31.383928571428573,31.509999999999998,6.112593461957767,0.19476826962710378,51.24,0.0,0.14285714285714285,-8.702926850295269,0.12844036697247707
B 9580 BAY,KEND_OPS,0,HIGH_STABLE,"mean~34L, CV~0.23, active_ratio~0.18, growth~-0.5%/bulan",0.6465189078005134,32.48085714285714,32.53,7.7915487290165,0.23988125358723603,48.29,0.0,0.17142857142857143,10.599122120281836,0.10638297872340426
B 9584 BAY,KEND_OPS,0,HIGH_STABLE,"mean~34L, CV~0.23, active_ratio~0.18, growth~-0.5%/bulan",0.6465189078005134,35.84205882352941,36.545,4.61466225784842,0.12874992144198508,47.9,0.0,0.0,1.670678872126401,0.10725552050473186
B 9586 BAY,KEND_OPS,0,HIGH_STABLE,"mean~34L, CV~0.23, active_ratio~0.18, growth~-0.5%/bulan",0.6465189078005134,26.2948,24.58,7.247931924983097,0.2756412646220202,45.97,0.0,0.16,0.6797288183722054,0.22865853658536586
B 9594 BAY,KEND_OPS,0,HIGH_STABLE,"mean~34L, CV~0.23, active_ratio~0.18, growth~-0.5%/bulan",0.6465189078005134,29.26691358024691,28.8,7.809928239423094,0.2668517887275357,47.45,0.0,0.13580246913580246,3.6552002889922885,0.25077399380804954
B 9596 BAY,KEND_OPS,0,HIGH_STABLE,"mean~34L, CV~0.23, active_ratio~0.18, growth~-0.5%/bulan",0.6465189078005134,23.323048780487806,23.505000000000003,6.490779536022264,0.2782989306892196,41.76,0.0,0.10975609756097561,-2.666942049370192,0.25386996904024767
B 9609 TVC,KEND_OPS,0,HIGH_STABLE,"mean~34L, CV~0.23, active_ratio~0.18, growth~-0.5%/bulan",0.6465189078005134,38.87655172413793,40.0,5.583397119945417,0.14361863057105345,50.72,0.0,0.06896551724137931,-0.06859318916936834,0.12719298245614036
B 9611 TVC,KEND_OPS,0,HIGH_STABLE,"mean~34L, CV~0.23, active_ratio~0.18, growth~-0.5%/bulan",0.6465189078005134,35.90706896551724,37.43,4.7485506592624,0.13224556601438542,42.75,0.0,0.06896551724137931,2.4384066147766585,0.23577235772357724
B 9613 TVC,KEND_OPS,0,HIGH_STABLE,"mean~34L, CV~0.23, active_ratio~0.18, growth~-0.5%/bulan",0.6465189078005134,38.07939393939394,38.55,4.262736752511481,0.11194339803033446,50.21,0.0,0.06060606060606061,-3.588007436426209,0.14864864864864866
B 9615 TVC,KEND_OPS,0,HIGH_STABLE,"mean~34L, CV~0.23, active_ratio~0.18, growth~-0.5%/bulan",0.6465189078005134,38.72714285714285,40.0,4.733854225066063,0.12223608239131817,40.0,0.0,0.0,-1.8760243040002424,0.06572769953051644
B 9617 TVC,KEND_OPS,0,HIGH_STABLE,"mean~34L, CV~0.23, active_ratio~0.18, growth~-0.5%/bulan",0.6465189078005134,36.424285714285716,39.86,7.1450924300063,0.19616287018097853,49.24,0.0,0.10204081632653061,2.7868824903770224,0.19838056680161945
B 9619 TVC,KEND_OPS,0,HIGH_STABLE,"mean~34L, CV~0.23, active_ratio~0.18, growth~-0.5%/bulan",0.6465189078005134,35.23176470588235,35.05,4.917526353887338,0.1395764985075045,41.39,0.0,0.0,0.5282348021186696,0.07555555555555556
B 9623 BAY,KEND_OPS,0,HIGH_STABLE,"mean~34L, CV~0.23, active_ratio~0.18, growth~-0.5%/bulan",0.6465189078005134,29.129019607843137,27.75,6.903382722956035,0.23699330825048653,53.88,0.0,0.11764705882352941,-2.703484446641991,0.16943521594684385
B 9625 BAY,KEND_OPS,0,HIGH_STABLE,"mean~34L, CV~0.23, active_ratio~0.18, growth~-0.5%/bulan",0.6465189078005134,28.48,29.05,6.443554298677089,0.22624839531871802,47.52,0.0,0.11538461538461539,-11.869614467929075,0.07854984894259819
B 9627 BAY,KEND_OPS,0,HIGH_STABLE,"mean~34L, CV~0.23, active_ratio~0.18, growth~-0.5%/bulan",0.6465189078005134,34.368,35.86,5.660427359726192,0.16470051675180958,48.43,0.0,0.1,1.5447773827662115,0.0625
B 9629 BAY,KEND_OPS,0,HIGH_STABLE,"mean~34L, CV~0.23, active_ratio~0.18, growth~-0.5%/bulan",0.6465189078005134,27.1368085106383,26.94,7.12176520203871,0.26243930634830553,44.6,0.0,0.2127659574468085,3.4108045319950326,0.14873417721518986
B 9631 BAY,KEND_OPS,0,HIGH_STABLE,"mean~34L, CV~0.23, active_ratio~0.18, growth~-0.5%/bulan",0.6465189078005134,28.20078125,28.54,6.830018779096984,0.24219253780768873,39.63,0.0,0.125,-12.49400227165691,0.14780600461893764
B 9656 UAU,KEND_OPS,0,HIGH_STABLE,"mean~34L, CV~0.23, active_ratio~0.18, growth~-0.5%/bulan",0.6465189078005134,27.924112903225808,27.275,7.8158593583475175,0.2798964244785239,49.71,0.0,0.16532258064516128,0.7641630494321703,0.44364937388193204
B 9661 TVC,KEND_OPS,0,HIGH_STABLE,"mean~34L, CV~0.23, active_ratio~0.18, growth~-0.5%/bulan",0.6465189078005134,38.51238095238095,40.0,3.6894198795500417,0.09579828066490785,40.0,0.0,0.047619047619047616,-0.5647534497255052,0.0995260663507109
B 9682 BAY,KEND_OPS,0,HIGH_STABLE,"mean~34L, CV~0.23, active_ratio~0.18, growth~-0.5%/bulan",0.6465189078005134,31.70941176470588,31.4,5.322843248636424,0.16786319746747896,43.5,0.0,0.08823529411764706,16.75323711646198,0.10526315789473684
B 9786 BAZ,KEND_OPS,0,HIGH_STABLE,"mean~34L, CV~0.23, active_ratio~0.18, growth~-0.5%/bulan",0.6465189078005134,28.031913043478262,26.97,6.370180792230749,0.2272474512299758,45.86,0.0,0.14782608695652175,1.7595680285719895,0.20462633451957296
B 9799 BAZ,KEND_OPS,0,HIGH_STABLE,"mean~34L, CV~0.23, active_ratio~0.18, growth~-0.5%/bulan",0.6465189078005134,35.41746268656716,36.5,5.6657515330441965,0.1599705654576169,63.05,0.0,0.04477611940298507,-1.611763598640804,0.1213768115942029
B 9801 BAZ,KEND_OPS,0,HIGH_STABLE,"mean~34L, CV~0.23, active_ratio~0.18, growth~-0.5%/bulan",0.6465189078005134,31.03686274509804,31.66,6.196984263396536,0.19966529202038266,40.0,0.0,0.058823529411764705,0.3358593197210187,0.09751434034416825
B 9870 CAJ,KEND_OPS,0,HIGH_STABLE,"mean~34L, CV~0.23, active_ratio~0.18, growth~-0.5%/bulan",0.6465189078005134,28.53,28.12,8.371054599155404,0.29341235889083084,40.0,0.0,0.16,0.8878874367833363,0.08976660682226212
B 9872 CAJ,KEND_OPS,0,HIGH_STABLE,"mean~34L, CV~0.23, active_ratio~0.18, growth~-0.5%/bulan",0.6465189078005134,30.29549707602339,30.73,6.9592135427658,0.2297111522977286,45.13,0.0,0.1286549707602339,-0.6305210927323087,0.304270462633452
B 9963 CAJ,KEND_OPS,0,HIGH_STABLE,"mean~34L, CV~0.23, active_ratio~0.18, growth~-0.5%/bulan",0.6465189078005134,27.85904347826087,27.57,7.327865103273754,0.26303362170319583,49.14,0.0,0.09565217391304348,-6.800097358467287,0.3248587570621469
GALMON 08,KEND_OPS,0,HIGH_STABLE,"mean~34L, CV~0.23, active_ratio~0.18, growth~-0.5%/bulan",0.6465189078005134,65.89875,66.045,13.90123681547797,0.21094841427914746,93.37,0.0,0.0625,1.8533942394410161,0.054982817869415807
KT 8934 CY,KEND_OPS,0,HIGH_STABLE,"mean~34L, CV~0.23, active_ratio~0.18, growth~-0.5%/bulan",0.6465189078005134,44.09117647058823,48.93,14.955304611722614,0.33919041878364947,63.04,0.0,0.11764705882352941,-9.710492962444153,0.15454545454545454
POL 1050.38,KEND_OPS,0,HIGH_STABLE,"mean~34L, CV~0.23, active_ratio~0.18, growth~-0.5%/bulan",0.6465189078005134,25.760892857142856,25.61,5.751459981220804,0.22326322356587366,47.63,0.0,0.05357142857142857,-1.9531068192868606,0.14814814814814814
AD 8130 OA,KEND_OPS,-1,INSUFFICIENT_DATA,Observasi terlalu sedikit untuk disegmentasi,,40.0,40.0,0.0,0.0,40.0,0.0,0.0,,0.2222222222222222
AD 8137 OA,KEND_OPS,-1,INSUFFICIENT_DATA,Observasi terlalu sedikit untuk disegmentasi,,40.086666666666666,40.0,0.21228911104121037,0.005295753643136797,40.52,0.0,0.0,,0.25
AD 8137 OH,KEND_OPS,-1,INSUFFICIENT_DATA,Observasi terlalu sedikit untuk disegmentasi,,40.0,40.0,0.0,0.0,40.0,0.0,0.0,,0.20833333333333334
B 1127 UKV,KEND_OPS,-1,INSUFFICIENT_DATA,Observasi terlalu sedikit untuk disegmentasi,,34.62,34.62,14.679536777432729,0.42401897104080677,45.0,0.0,0.0,,0.5
B 1146 UIX,KEND_OPS,-1,INSUFFICIENT_DATA,Observasi terlalu sedikit untuk disegmentasi,,32.656666666666666,31.16,13.538653798168664,0.4145754965245074,53.84,0.0,0.0,-62.429825456772505,0.017391304347826087
B 1146 ULX,KEND_OPS,-1,INSUFFICIENT_DATA,Observasi terlalu sedikit untuk disegmentasi,,53.23,53.23,,,53.23,0.0,0.0,,1.0
B 1975 HKN DM,KEND_OPS,-1,INSUFFICIENT_DATA,Observasi terlalu sedikit untuk disegmentasi,,45.79,45.79,,,45.79,0.0,0.0,,1.0
B 8934 CY,KEND_OPS,-1,INSUFFICIENT_DATA,Observasi terlalu sedikit untuk disegmentasi,,51.185,51.185,1.491995308303615,0.029149073132824364,52.24,0.0,0.0,,0.15384615384615385
B 8935 CY,KEND_OPS,-1,INSUFFICIENT_DATA,Observasi terlalu sedikit untuk disegmentasi,,46.777272727272724,49.41,9.052717924368451,0.19352812587319596,57.37,0.0,0.0,4.230159501367357,0.040740740740740744
B 8964 CY,KEND_OPS,-1,INSUFFICIENT_DATA,Observasi terlalu sedikit untuk disegmentasi,,34.95375,32.855000000000004,12.64977576029371,0.3619003900953034,61.63,0.0,0.0,,0.034934497816593885
B 8968 CY,KEND_OPS,-1,INSUFFICIENT_DATA,Observasi terlalu sedikit untuk disegmentasi,,26.56,26.56,,,26.56,0.0,0.0,,1.0
B 8994 CY,KEND_OPS,-1,INSUFFICIENT_DATA,Observasi terlalu sedikit untuk disegmentasi,,25.95,25.95,,,25.95,0.0,0.0,,1.0
B 9008 UAU,KEND_OPS,-1,INSUFFICIENT_DATA,Observasi terlalu sedikit untuk disegmentasi,,19.60181818181818,17.76,3.493407557619976,0.17821854713764834,25.03,0.0,0.0,,0.2682926829268293
B 9015 RFP STOP,KEND_OPS,-1,INSUFFICIENT_DATA,Observasi terlalu sedikit untuk disegmentasi,,23.052500000000002,22.525,11.391895876747938,0.4941718198350694,37.46,0.0,0.0,,0.23529411764705882
B 9118 SO,KEND_OPS,-1,INSUFFICIENT_DATA,Observasi terlalu sedikit untuk disegmentasi,,62.39666666666667,66.03999999999999,20.212191340571632,0.3239306267520428,86.84,0.0,0.0,15.575211333531755,0.03870967741935484
B 9118 SQ,KEND_OPS,-1,INSUFFICIENT_DATA,Observasi terlalu sedikit untuk disegmentasi,,64.7009090909091,66.29,12.193811917973358,0.18846430582358958,83.42,0.0,0.0,-7.7907434207753115,0.032640949554896145
B 9131 J,KEND_OPS,-1,INSUFFICIENT_DATA,Observasi terlalu sedikit untuk disegmentasi,,42.54333333333333,43.230000000000004,14.324402488992922,0.33670146099646453,62.01,0.0,0.0,6.669670140249166,0.0196078431372549
B 9150 TBD,KEND_OPS,-1,INSUFFICIENT_DATA,Observasi terlalu sedikit untuk disegmentasi,,42.095,40.0,4.1294639146288965,0.09809867952557065,50.0,0.0,0.0,4.356359481671284,0.046296296296296294
B 9254 BBF,KEND_OPS,-1,INSUFFICIENT_DATA,Observasi terlalu sedikit untuk disegmentasi,,40.0,40.0,,,40.0,0.0,0.0,,1.0
B 9265 UAM,KEND_OPS,-1,INSUFFICIENT_DATA,Observasi terlalu sedikit untuk disegmentasi,,39.19,40.42,12.948887983143571,0.33041306412716437,51.48,0.0,0.0,,0.12
B 9289 UWM,KEND_OPS,-1,INSUFFICIENT_DATA,Observasi terlalu sedikit untuk disegmentasi,,28.11,28.11,3.8749451609022794,0.13784934759524295,30.85,0.0,0.0,,0.125
B 9301 UAU,KEND_OPS,-1,INSUFFICIENT_DATA,Observasi terlalu sedikit untuk disegmentasi,,35.342,35.0,7.820602278597219,0.2212835232470494,45.0,0.0,0.0,,0.14705882352941177
B 9337 BBF,KEND_OPS,-1,INSUFFICIENT_DATA,Observasi terlalu sedikit untuk disegmentasi,,35.205,35.205,3.2456201256462553,0.09219202174822484,37.5,0.0,0.0,,0.4
B 9362 J,KEND_OPS,-1,INSUFFICIENT_DATA,Observasi terlalu sedikit untuk disegmentasi,,38.2125,35.730000000000004,9.743255359478164,0.25497560639785843,51.69,0.0,0.0,18.63591756624142,0.008620689655172414
B 9478 BAY,KEND_OPS,-1,INSUFFICIENT_DATA,Observasi terlalu sedikit untuk disegmentasi,,30.28,30.28,,,30.28,0.0,0.0,,1.0
B 9516 UAS,KEND_OPS,-1,INSUFFICIENT_DATA,Observasi terlalu sedikit untuk disegmentasi,,39.06333333333333,38.47,16.458023372608675,0.4213164102553633,55.81,0.0,0.0,,0.015384615384615385
B 9516 UAT,KEND_OPS,-1,INSUFFICIENT_DATA,Observasi terlalu sedikit untuk disegmentasi,,27.56,27.56,,,27.56,0.0,0.0,,1.0
B 9516 UAU,KEND_OPS,-1,INSUFFICIENT_DATA,Observasi terlalu sedikit untuk disegmentasi,,35.46,35.46,,,35.46,0.0,0.0,,1.0
B 9561 UAS,KEND_OPS,-1,INSUFFICIENT_DATA,Observasi terlalu sedikit untuk disegmentasi,,37.06,37.06,,,37.06,0.0,0.0,,1.0
B 9582 BAY,KEND_OPS,-1,INSUFFICIENT_DATA,Observasi terlalu sedikit untuk disegmentasi,,28.002857142857142,31.31,8.793531172185066,0.31402264159420196,36.36,0.0,0.0,-45.39944903581272,0.02564102564102564
B 9618 TVC,KEND_OPS,-1,INSUFFICIENT_DATA,Observasi terlalu sedikit untuk disegmentasi,,32.089999999999996,32.695,4.878680149384668,0.15203116701105232,38.79,0.0,0.0,,0.2857142857142857
B 9626 BAY,KEND_OPS,-1,INSUFFICIENT_DATA,Observasi terlalu sedikit untuk disegmentasi,,26.1475,30.335,8.181428010177335,0.31289522937861497,33.24,0.0,0.0,,0.04878048780487805
B 9628 BAY,KEND_OPS,-1,INSUFFICIENT_DATA,Observasi terlalu sedikit untuk disegmentasi,,26.84,26.84,,,26.84,0.0,0.0,,1.0
B 9631 CAJ,KEND_OPS,-1,INSUFFICIENT_DATA,Observasi terlalu sedikit untuk disegmentasi,,35.09,35.09,,,35.09,0.0,0.0,,1.0
B 9684 BAY,KEND_OPS,-1,INSUFFICIENT_DATA,Observasi terlalu sedikit untuk disegmentasi,,36.81,36.81,,,36.81,0.0,0.0,,1.0
B 9693 CAI,KEND_OPS,-1,INSUFFICIENT_DATA,Observasi terlalu sedikit untuk disegmentasi,,49.83,49.83,,,49.83,0.0,0.0,,1.0
B 9706 XDY,KEND_OPS,-1,INSUFFICIENT_DATA,Observasi terlalu sedikit untuk disegmentasi,,46.62,46.62,,,46.62,0.0,0.0,,1.0
B 9710 XDY,KEND_OPS,-1,INSUFFICIENT_DATA,Observasi terlalu sedikit untuk disegmentasi,,45.095,45.095,6.936717523440033,0.15382453760816128,50.0,0.0,0.0,,0.10526315789473684
B 9794 BAZ,KEND_OPS,-1,INSUFFICIENT_DATA,Observasi terlalu sedikit untuk disegmentasi,,30.0,30.0,0.0,0.0,30.0,0.0,0.0,,0.5
B 9802 SBX,KEND_OPS,-1,INSUFFICIENT_DATA,Observasi terlalu sedikit untuk disegmentasi,,34.415,34.415,12.01374421235944,0.349084533266292,42.91,0.0,0.0,,1.0
B 9809 VE,KEND_OPS,-1,INSUFFICIENT_DATA,Observasi terlalu sedikit untuk disegmentasi,,70.0,70.0,,,70.0,0.0,0.0,,1.0
B 9823 BAY,KEND_OPS,-1,INSUFFICIENT_DATA,Observasi terlalu sedikit untuk disegmentasi,,35.95,35.95,,,35.95,0.0,0.0,,1.0
B 9827 CAJ,KEND_OPS,-1,INSUFFICIENT_DATA,Observasi terlalu sedikit untuk disegmentasi,,30.130000000000003,30.130000000000003,7.877169542418141,0.261439413953473,35.7,0.0,0.0,,0.25
B 9851 BAZ,KEND_OPS,-1,INSUFFICIENT_DATA,Observasi terlalu sedikit untuk disegmentasi,,26.92,26.92,1.0606601717798212,0.03940045214635294,27.67,0.0,0.0,,0.18181818181818182
B 9864 CY,KEND_OPS,-1,INSUFFICIENT_DATA,Observasi terlalu sedikit untuk disegmentasi,,23.816666666666666,24.05,9.793194606769571,0.41119081623945014,42.1,0.0,0.0,-46.42967109867044,0.16
B 9870 BAY,KEND_OPS,-1,INSUFFICIENT_DATA,Observasi terlalu sedikit untuk disegmentasi,,27.245,29.82,12.901342307424189,0.47353064075698986,40.03,0.0,0.0,,0.2857142857142857
B 9876 CAJ,KEND_OPS,-1,INSUFFICIENT_DATA,Observasi terlalu sedikit untuk disegmentasi,,29.057777777777776,28.6,7.361745339553959,0.2533485318751363,39.29,0.0,0.0,,0.07627118644067797
B 9884 CY,KEND_OPS,-1,INSUFFICIENT_DATA,Observasi terlalu sedikit untuk disegmentasi,,34.8,34.8,12.459221484506967,0.358023605876637,43.61,0.0,0.0,,0.5
B 9934 PQ Damkar,KEND_OPS,-1,INSUFFICIENT_DATA,Observasi terlalu sedikit untuk disegmentasi,,34.045,34.045,12.027886347983175,0.3532937684823961,42.55,0.0,0.0,,0.09090909090909091
B 9970 CAI,KEND_OPS,-1,INSUFFICIENT_DATA,Observasi terlalu sedikit untuk disegmentasi,,37.3275,38.69,3.7341342146919843,0.10003708297346418,40.0,0.0,0.0,-29.797066505927233,0.022988505747126436
B 9980 BAY,KEND_OPS,-1,INSUFFICIENT_DATA,Observasi terlalu sedikit untuk disegmentasi,,35.0,35.0,,,35.0,0.0,0.0,,1.0
B 9986 BAY,KEND_OPS,-1,INSUFFICIENT_DATA,Observasi terlalu sedikit untuk disegmentasi,,29.052,27.81,3.666983774166446,0.12622138834388152,35.44,0.0,0.0,,0.45454545454545453
D M,KEND_OPS,-1,INSUFFICIENT_DATA,Observasi terlalu sedikit untuk disegmentasi,,38.23,38.23,,,38.23,0.0,0.0,,1.0
DM,KEND_OPS,-1,INSUFFICIENT_DATA,Observasi terlalu sedikit untuk disegmentasi,,40.0,40.0,0.0,0.0,40.0,0.0,0.0,,0.14285714285714285
E 9080 VE,KEND_OPS,-1,INSUFFICIENT_DATA,Observasi terlalu sedikit untuk disegmentasi,,50.01,50.01,,,50.01,0.0,0.0,,1.0
E 9080 VG,KEND_OPS,-1,INSUFFICIENT_DATA,Observasi terlalu sedikit untuk disegmentasi,,65.08500000000001,65.08500000000001,0.7848885271170724,0.012059438075087536,65.64,0.0,0.0,,0.09090909090909091
F 8379 HT,KEND_OPS,-1,INSUFFICIENT_DATA,Observasi terlalu sedikit untuk disegmentasi,,13.07,13.07,,,13.07,0.0,0.0,,1.0
GALMON 04,KEND_OPS,-1,INSUFFICIENT_DATA,Observasi terlalu sedikit untuk disegmentasi,,57.815384615384616,60.19,20.88828085130696,0.36129277683207883,87.71,0.0,0.0,12.195316657796706,0.09420289855072464
GALMON 05,KEND_OPS,-1,INSUFFICIENT_DATA,Observasi terlalu sedikit untuk disegmentasi,,41.61125,38.745000000000005,15.529268621817687,0.3731988013293926,65.91,0.0,0.0,-31.016852413710254,0.03418803418803419
GALMON 06,KEND_OPS,-1,INSUFFICIENT_DATA,Observasi terlalu sedikit untuk disegmentasi,,58.71,58.71,,,58.71,0.0,0.0,,1.0
GALMON 5,KEND_OPS,-1,INSUFFICIENT_DATA,Observasi terlalu sedikit untuk disegmentasi,,54.379999999999995,50.39,14.566020389934927,0.26785620430185597,71.56,0.0,0.0,,0.11904761904761904
Galmon 05,KEND_OPS,-1,INSUFFICIENT_DATA,Observasi terlalu sedikit untuk disegmentasi,,50.82625,45.685,20.045197456533785,0.39438670876827986,90.28,0.0,0.0,-25.12604215341482,0.09876543209876543
KT 8935 CY,KEND_OPS,-1,INSUFFICIENT_DATA,Observasi terlalu sedikit untuk disegmentasi,,49.3975,51.730000000000004,11.716419746094225,0.23718649215231993,61.0,0.0,0.0,,0.16666666666666666
KT 8984 CY,KEND_OPS,-1,INSUFFICIENT_DATA,Observasi terlalu sedikit untuk disegmentasi,,46.653333333333336,45.32,11.378740410666436,0.24389983732494505,58.64,0.0,0.0,,0.23076923076923078
B 1975 HKN,KEND_OPS,1,LOW_VOLATILE,"mean~7L, CV~1.98, active_ratio~0.53, growth~-16.1%/bulan",0.6465189078005134,6.9659130434782615,0.0,13.400133273470018,1.9236722005905178,45.71,0.7652173913043478,0.034782608695652174,2.6349428271833073,0.3463855421686747
B 8940 CY,KEND_OPS,1,LOW_VOLATILE,"mean~7L, CV~1.98, active_ratio~0.53, growth~-16.1%/bulan",0.6465189078005134,4.88891156462585,0.0,12.311755999592238,2.518302046753112,46.48,0.8571428571428571,0.10884353741496598,-50.88531593081663,0.7538461538461538
B 9621 TVC,KEND_OPS,1,LOW_VOLATILE,"mean~7L, CV~1.98, active_ratio~0.53, growth~-16.1%/bulan",0.6465189078005134,10.251774193548387,0.0,15.334344843715865,1.4957747365686247,65.18,0.6693548387096774,0.16129032258064516,-0.12000283192523324,0.496
Modul ST 18,MODUL,-1,HIGH_VOLATILE,"mean~25L, CV~9.09, active_ratio~0.89, growth~-40.0%/bulan",,24.616041666666668,0.0,223.81748819497477,9.092342758667526,3000.0,0.9791666666666666,0.0,-39.95040496965901,0.8888888888888888
MODUL 2,MODUL,-1,INSUFFICIENT_DATA,Observasi terlalu sedikit untuk disegmentasi,,557.5633333333334,273.69,556.7210271162149,0.9984893084484541,1199.0,0.0,0.0,6.608217900507567,0.02112676056338028
MODUL 20,MODUL,-1,INSUFFICIENT_DATA,Observasi terlalu sedikit untuk disegmentasi,,800.05,800.05,282.7720017965004,0.3534429120636215,1000.0,0.0,0.0,,0.06451612903225806
MODUL 3,MODUL,-1,INSUFFICIENT_DATA,Observasi terlalu sedikit untuk disegmentasi,,1230.0875,1243.5,673.1765969082704,0.5472591152322663,2000.0,0.0,0.0,-93.48877620494476,0.028169014084507043
MODUL 4,MODUL,-1,INSUFFICIENT_DATA,Observasi terlalu sedikit untuk disegmentasi,,1896.0,1896.0,,,1896.0,0.0,0.0,,1.0
MODUL 5,MODUL,-1,INSUFFICIENT_DATA,Observasi terlalu sedikit untuk disegmentasi,,1833.3333333333333,2000.0,763.7626158259734,0.41659779045053097,2500.0,0.0,0.0,27.27272727272728,0.015384615384615385
10,RTGC,1,HIGH_STABLE,"mean~357L, CV~0.19, active_ratio~0.91, growth~-2.1%/bulan",0.32231642674558025,389.9145856353591,400.0,58.79490243363267,0.15078918460520627,599.9,0.0,0.04604051565377532,-0.6383877560126124,0.9593639575971732
11,RTGC,1,HIGH_STABLE,"mean~357L, CV~0.19, active_ratio~0.91, growth~-2.1%/bulan",0.32231642674558025,406.9345180722891,400.0,69.91060754817684,0.1717981749971815,701.0,0.0,0.05220883534136546,2.299353569489436,0.8798586572438163
13,RTGC,1,HIGH_STABLE,"mean~357L, CV~0.19, active_ratio~0.91, growth~-2.1%/bulan",0.32231642674558025,391.9477837837838,400.0,72.03855939721011,0.18379631771805055,965.0,0.0018018018018018018,0.06666666666666667,0.34196762680865544,0.980565371024735
14,RTGC,1,HIGH_STABLE,"mean~357L, CV~0.19, active_ratio~0.91, growth~-2.1%/bulan",0.32231642674558025,386.6614065510597,400.0,70.9671648266931,0.1835382679117257,646.0,0.0019267822736030828,0.0905587668593449,0.05373802424160595,0.9169611307420494
15,RTGC,1,HIGH_STABLE,"mean~357L, CV~0.19, active_ratio~0.91, growth~-2.1%/bulan",0.32231642674558025,377.4938738738739,400.0,82.50375446627255,0.21855653873164108,931.0,0.0,0.07027027027027027,-1.0257061228684912,0.980565371024735
17,RTGC,1,HIGH_STABLE,"mean~357L, CV~0.19, active_ratio~0.91, growth~-2.1%/bulan",0.32231642674558025,384.02248,400.0,63.658241599279954,0.1657669665569577,843.0,0.0026666666666666666,0.06133333333333333,1.1236703295772306,0.9398496240601504
19,RTGC,1,HIGH_STABLE,"mean~357L, CV~0.19, active_ratio~0.91, growth~-2.1%/bulan",0.32231642674558025,379.6297872340425,399.9,50.38082462878931,0.1327104097806989,400.2,0.0,0.05319148936170213,-33.21063073767279,0.9306930693069307
2,RTGC,1,HIGH_STABLE,"mean~357L, CV~0.19, active_ratio~0.91, growth~-2.1%/bulan",0.32231642674558025,344.79301470588234,350.0,58.85400221023079,0.1706937197101711,500.19,0.001838235294117647,0.06985294117647059,-0.07817616494124097,0.9611307420494699
20,RTGC,1,HIGH_STABLE,"mean~357L, CV~0.19, active_ratio~0.91, growth~-2.1%/bulan",0.32231642674558025,362.82069042316255,399.9,87.18729118620628,0.24030407715866092,700.2,0.0,0.12472160356347439,0.7756552035874462,0.8032200357781754
3,RTGC,1,HIGH_STABLE,"mean~357L, CV~0.19, active_ratio~0.91, growth~-2.1%/bulan",0.32231642674558025,371.56605063291136,399.9,56.17591813013767,0.15118689674271846,599.9,0.002531645569620253,0.06835443037974684,-3.872711136225921,0.6978798586572438
30,RTGC,1,HIGH_STABLE,"mean~357L, CV~0.19, active_ratio~0.91, growth~-2.1%/bulan",0.32231642674558025,309.3508764940239,307.9,63.24137630597971,0.20443251049654426,500.0,0.0,0.09163346613545817,-0.7626192462896563,0.8869257950530035
31,RTGC,1,HIGH_STABLE,"mean~357L, CV~0.19, active_ratio~0.91, growth~-2.1%/bulan",0.32231642674558025,325.64816981132077,349.0,65.93696142452482,0.2024791401798095,626.0,0.0018867924528301887,0.09245283018867924,0.3704370223688767,0.9380530973451328
32,RTGC,1,HIGH_STABLE,"mean~357L, CV~0.19, active_ratio~0.91, growth~-2.1%/bulan",0.32231642674558025,323.48028355387527,349.0,70.4228488480945,0.21770368219788475,848.0,0.001890359168241966,0.10396975425330812,-0.9358642977162345,0.9346289752650176
4,RTGC,1,HIGH_STABLE,"mean~357L, CV~0.19, active_ratio~0.91, growth~-2.1%/bulan",0.32231642674558025,388.9723777777778,400.0,68.27171225249991,0.17551815026696815,884.0,0.0,0.057777777777777775,3.2726314603963793,0.7964601769911505
41,RTGC,1,HIGH_STABLE,"mean~357L, CV~0.19, active_ratio~0.91, growth~-2.1%/bulan",0.32231642674558025,345.4489361702128,350.7,67.79888200689929,0.19626310840191097,503.25,0.0,0.09671179883945841,-0.7678571861842461,0.9134275618374559
46,RTGC,1,HIGH_STABLE,"mean~357L, CV~0.19, active_ratio~0.91, growth~-2.1%/bulan",0.32231642674558025,301.14747191011236,300.0,62.04788465396737,0.20603820533644612,599.9,0.0,0.0898876404494382,-1.119314233861387e-05,0.9434628975265018
47,RTGC,1,HIGH_STABLE,"mean~357L, CV~0.19, active_ratio~0.91, growth~-2.1%/bulan",0.32231642674558025,318.5158285714286,327.97,66.42229619058722,0.2085368770792241,607.0,0.0019047619047619048,0.09142857142857143,-2.831391021249093,0.9275618374558304
5,RTGC,1,HIGH_STABLE,"mean~357L, CV~0.19, active_ratio~0.91, growth~-2.1%/bulan",0.32231642674558025,333.5746323529412,350.0,62.4533660697618,0.1872245668959699,400.8,0.0,0.08088235294117647,-4.420897319016286,0.9251700680272109
6,RTGC,1,HIGH_STABLE,"mean~357L, CV~0.19, active_ratio~0.91, growth~-2.1%/bulan",0.32231642674558025,333.35598165137617,350.0,63.5221722566081,0.1905535696162777,550.1,0.001834862385321101,0.09357798165137615,-0.6640244241753653,0.9628975265017667
8,RTGC,1,HIGH_STABLE,"mean~357L, CV~0.19, active_ratio~0.91, growth~-2.1%/bulan",0.32231642674558025,374.007431693989,399.9,60.59468711019978,0.1620146606064717,616.2,0.0,0.07285974499089254,-0.813137558802881,0.9699646643109541
18,RTGC,-1,INSUFFICIENT_DATA,Observasi terlalu sedikit untuk disegmentasi,,171.20000000000002,171.20000000000002,190.070302782944,1.1102237312087848,305.6,0.0,0.0,,1.0
22,RTGC,-1,INSUFFICIENT_DATA,Observasi terlalu sedikit untuk disegmentasi,,15.5,15.5,,,15.5,0.0,0.0,,1.0
44,RTGC,-1,INSUFFICIENT_DATA,Observasi terlalu sedikit untuk disegmentasi,,320.18,350.1,75.91914778236121,0.23711396021725656,399.9,0.0,0.0,4.703604222624772,0.0641025641025641
1,RTGC,0,LOW_VOLATILE,"mean~266L, CV~0.25, active_ratio~0.92, growth~0.0%/bulan",0.32231642674558025,323.9885580524344,342.985,76.18634070438343,0.23515133115303843,803.0,0.0056179775280898875,0.11235955056179775,0.041908394177155306,0.9417989417989417
27,RTGC,0,LOW_VOLATILE,"mean~266L, CV~0.25, active_ratio~0.92, growth~0.0%/bulan",0.32231642674558025,290.54311983471075,300.0,70.82711489336634,0.2437748824809884,450.0,0.002066115702479339,0.12603305785123967,0.35073171241633494,0.856637168141593
28,RTGC,0,LOW_VOLATILE,"mean~266L, CV~0.25, active_ratio~0.92, growth~0.0%/bulan",0.32231642674558025,289.125306122449,299.55,70.90927517343361,0.2452544750385926,700.98,0.0018552875695732839,0.13358070500927643,0.2527115564609352,0.9522968197879859
33,RTGC,0,LOW_VOLATILE,"mean~266L, CV~0.25, active_ratio~0.92, growth~0.0%/bulan",0.32231642674558025,319.0441030534351,302.0,68.57666047782921,0.21494414039159862,550.2,0.0019083969465648854,0.11450381679389313,-0.403491002354701,0.940754039497307
34,RTGC,0,LOW_VOLATILE,"mean~266L, CV~0.25, active_ratio~0.92, growth~0.0%/bulan",0.32231642674558025,287.1371593090211,300.0,74.46703848006771,0.25934309115291215,500.0,0.0019193857965451055,0.12859884836852206,-1.1060621880733292,0.9204946996466431
35,RTGC,2,LOW_VOLATILE,"mean~306L, CV~0.30, active_ratio~0.52, growth~-12.4%/bulan",0.32231642674558025,285.2640522875817,299.9,92.94888211324817,0.3258345430062955,400.2,0.0,0.19607843137254902,-12.362536078666523,0.4434782608695652
37,RTGC,2,LOW_VOLATILE,"mean~306L, CV~0.30, active_ratio~0.52, growth~-12.4%/bulan",0.32231642674558025,305.98638225255974,341.4,93.85486456191592,0.30672889385138896,471.0,0.0034129692832764505,0.13993174061433447,-0.442506698808004,0.5288808664259927
38,RTGC,2,LOW_VOLATILE,"mean~306L, CV~0.30, active_ratio~0.52, growth~-12.4%/bulan",0.32231642674558025,277.32444444444445,299.0,98.06027635072111,0.3535940603691184,400.0,0.0,0.15555555555555556,-59.80800666688039,0.27439024390243905
39,RTGC,2,LOW_VOLATILE,"mean~306L, CV~0.30, active_ratio~0.52, growth~-12.4%/bulan",0.32231642674558025,316.81050139275766,350.0,82.52529168965707,0.26048786680637354,403.0,0.0,0.14484679665738162,-3.892372181865732,0.6353982300884956
40,RTGC,2,LOW_VOLATILE,"mean~306L, CV~0.30, active_ratio~0.52, growth~-12.4%/bulan",0.32231642674558025,309.56820697319034,320.0,90.41548816756064,0.29206968329080035,766.0,0.002680965147453083,0.13672922252010725,3.222902459821797,0.667262969588551
43,RTGC,2,LOW_VOLATILE,"mean~306L, CV~0.30, active_ratio~0.52, growth~-12.4%/bulan",0.32231642674558025,340.8080996884735,350.9,81.82211106916654,0.24008264810595362,500.65,0.0,0.13395638629283488,-0.9502810670938614,0.5681415929203539
45,RTGC,0,LOW_VOLATILE,"mean~266L, CV~0.25, active_ratio~0.92, growth~0.0%/bulan",0.32231642674558025,305.29166252587993,321.0,81.47153442423813,0.2668645902419025,449.8,0.0,0.12629399585921325,1.6799970388429342,0.8579040852575488
48,RTGC,0,LOW_VOLATILE,"mean~266L, CV~0.25, active_ratio~0.92, growth~0.0%/bulan",0.32231642674558025,287.8011475409836,298.0,62.858667723080885,0.21841006632584622,590.0,0.0020491803278688526,0.10655737704918032,1.0442653938540194,0.8621908127208481
49,RTGC,0,LOW_VOLATILE,"mean~266L, CV~0.25, active_ratio~0.92, growth~0.0%/bulan",0.32231642674558025,269.4876965265082,275.1,66.96866385313382,0.2485036041211122,550.6,0.0018281535648994515,0.11151736745886655,-0.12108310957498672,0.9664310954063604
50,RTGC,0,LOW_VOLATILE,"mean~266L, CV~0.25, active_ratio~0.92, growth~0.0%/bulan",0.32231642674558025,263.14244701348747,257.8,77.9955698201387,0.29640056442942864,538.0,0.0019267822736030828,0.14836223506743737,-0.4204110884602874,0.9169611307420494
51,RTGC,0,LOW_VOLATILE,"mean~266L, CV~0.25, active_ratio~0.92, growth~0.0%/bulan",0.32231642674558025,303.716,300.2,61.191621009784136,0.201476448424792,510.0,0.0018018018018018018,0.10990990990990991,-0.2637385637293458,0.980565371024735
52,RTGC,0,LOW_VOLATILE,"mean~266L, CV~0.25, active_ratio~0.92, growth~0.0%/bulan",0.32231642674558025,229.6787814313346,215.0,67.86573188157845,0.2954810690767609,419.0,0.0019342359767891683,0.17794970986460348,-1.3532666469772425,0.9349005424954792
53,RTGC,0,LOW_VOLATILE,"mean~266L, CV~0.25, active_ratio~0.92, growth~0.0%/bulan",0.32231642674558025,253.7126275992439,250.43,59.575515426623035,0.23481493999867661,408.0,0.001890359168241966,0.11342155009451796,-0.6350694614674267,0.9346289752650176
54,RTGC,0,LOW_VOLATILE,"mean~266L, CV~0.25, active_ratio~0.92, growth~0.0%/bulan",0.32231642674558025,253.92636029411764,247.0,57.58462610068246,0.226776873554929,400.53,0.001838235294117647,0.12867647058823528,-0.044711994093162934,0.9611307420494699
55,RTGC,0,LOW_VOLATILE,"mean~266L, CV~0.25, active_ratio~0.92, growth~0.0%/bulan",0.32231642674558025,229.4337148217636,226.4,62.75216722801897,0.2735089185857807,400.17,0.001876172607879925,0.1575984990619137,-0.09437053477863128,0.941696113074205
56,RTGC,0,LOW_VOLATILE,"mean~266L, CV~0.25, active_ratio~0.92, growth~0.0%/bulan",0.32231642674558025,232.95016635859517,229.0,56.396132643954374,0.24209526666377298,534.0,0.0018484288354898336,0.11645101663585952,-0.04371530412815375,0.9558303886925795
57,RTGC,0,LOW_VOLATILE,"mean~266L, CV~0.25, active_ratio~0.92, growth~0.0%/bulan",0.32231642674558025,248.80197211155377,250.0,52.399827972543164,0.21060857165974947,400.0,0.0,0.10159362549800798,-1.69918651603673,0.8869257950530035
58,RTGC,0,LOW_VOLATILE,"mean~266L, CV~0.25, active_ratio~0.92, growth~0.0%/bulan",0.32231642674558025,235.00125,227.15,59.47702676405974,0.2530923846748038,519.0,0.0019230769230769232,0.14615384615384616,-0.08967791906180904,0.9187279151943463
59,RTGC,0,LOW_VOLATILE,"mean~266L, CV~0.25, active_ratio~0.92, growth~0.0%/bulan",0.32231642674558025,233.7293650793651,232.7,57.60301517326452,0.2464517676403427,473.0,0.0,0.12301587301587301,1.143923239128143,0.8904593639575972
60,RTGC,0,LOW_VOLATILE,"mean~266L, CV~0.25, active_ratio~0.92, growth~0.0%/bulan",0.32231642674558025,242.55892592592593,238.3,59.47076534373542,0.2451806921419868,527.3,0.001851851851851852,0.12407407407407407,0.42929214654878634,0.9540636042402827
61,RTGC,0,LOW_VOLATILE,"mean~266L, CV~0.25, active_ratio~0.92, growth~0.0%/bulan",0.32231642674558025,237.602474012474,233.8,58.05810517554669,0.24434975021555824,422.0,0.002079002079002079,0.11226611226611227,-0.6409110507580714,0.8498233215547704
62,RTGC,0,LOW_VOLATILE,"mean~266L, CV~0.25, active_ratio~0.92, growth~0.0%/bulan",0.32231642674558025,240.29215476190475,231.6,60.97572055049408,0.25375660146255014,451.65,0.001984126984126984,0.14682539682539683,2.005250178562119,0.8904593639575972
RS 01,SUPPORT,1,HIGH_VOLATILE,"mean~101L, CV~0.54, active_ratio~0.36, growth~-3.8%/bulan",0.32442570066779924,147.72863636363638,133.79000000000002,79.85248627762704,0.5405349175570054,306.53,0.0,0.2727272727272727,-24.476081759245304,0.18032786885245902
RS 02,SUPPORT,1,HIGH_VOLATILE,"mean~101L, CV~0.54, active_ratio~0.36, growth~-3.8%/bulan",0.32442570066779924,140.97481481481483,137.535,52.30336606600521,0.37101212819262186,370.63,0.0,0.12962962962962962,1.2369251316581038,0.2975206611570248
RS 06,SUPPORT,1,HIGH_VOLATILE,"mean~101L, CV~0.54, active_ratio~0.36, growth~-3.8%/bulan",0.32442570066779924,146.55943548387097,141.365,52.65134988197527,0.3592491313039317,312.99,0.0,0.14516129032258066,6.709438040385467,0.34444444444444444
RS 25,SUPPORT,1,HIGH_VOLATILE,"mean~101L, CV~0.54, active_ratio~0.36, growth~-3.8%/bulan",0.32442570066779924,160.84738317757007,154.0,56.48769554340681,0.35118815381066104,362.44,0.0,0.205607476635514,3.5818245309450507,0.34627831715210355
SL 03,SUPPORT,1,HIGH_VOLATILE,"mean~101L, CV~0.54, active_ratio~0.36, growth~-3.8%/bulan",0.32442570066779924,31.919872881355932,0.0,41.755735562006315,1.3081422885739438,181.13,0.5338983050847458,0.1652542372881356,8.787416584694995,0.6465753424657534
SL 04,SUPPORT,1,HIGH_VOLATILE,"mean~101L, CV~0.54, active_ratio~0.36, growth~-3.8%/bulan",0.32442570066779924,78.615,70.75,35.9777217391327,0.45764449200703045,176.06,0.0,0.175,-14.635265898002011,0.1388888888888889
SL 05,SUPPORT,1,HIGH_VOLATILE,"mean~101L, CV~0.54, active_ratio~0.36, growth~-3.8%/bulan",0.32442570066779924,74.33259259259259,63.705,44.16454444013288,0.5941477742098017,181.74,0.0,0.16666666666666666,-13.327113374323607,0.17088607594936708
SL 10,SUPPORT,1,HIGH_VOLATILE,"mean~101L, CV~0.54, active_ratio~0.36, growth~-3.8%/bulan",0.32442570066779924,76.79442105263158,73.655,35.04754352782809,0.4563813757226976,235.58,0.0,0.20526315789473684,5.379769912013896,0.5263157894736842
SL 11,SUPPORT,1,HIGH_VOLATILE,"mean~101L, CV~0.54, active_ratio~0.36, growth~-3.8%/bulan",0.32442570066779924,78.45616216216216,76.38,35.73155953221179,0.45543343629730093,212.36,0.0,0.1837837837837838,-9.69819018817288,0.5167597765363129
SL 24,SUPPORT,1,HIGH_VOLATILE,"mean~101L, CV~0.54, active_ratio~0.36, growth~-3.8%/bulan",0.32442570066779924,74.77271428571429,69.93,40.8871325178141,0.5468188885263698,279.96,0.0,0.16428571428571428,-1.7930221224394607,0.39106145251396646
FRK 05 A,SUPPORT,-1,INSUFFICIENT_DATA,Observasi terlalu sedikit untuk disegmentasi,,152.79,160.61,21.087086095523016,0.13801352245253629,168.85,0.0,0.0,10.373715557300883,0.031578947368421054
FRK 05A,SUPPORT,-1,INSUFFICIENT_DATA,Observasi terlalu sedikit untuk disegmentasi,,101.59,101.59,,,101.59,0.0,0.0,,1.0
FRK 11 A,SUPPORT,-1,INSUFFICIENT_DATA,Observasi terlalu sedikit untuk disegmentasi,,97.00999999999999,97.00999999999999,4.228498551495562,0.04358827493552791,100.0,0.0,0.0,,0.018018018018018018
FRK 11A,SUPPORT,-1,INSUFFICIENT_DATA,Observasi terlalu sedikit untuk disegmentasi,,45.78875,52.385,29.078709657705634,0.6350623167853596,81.19,0.0,0.0,-22.96524801397726,0.04060913705583756
FRK 22,SUPPORT,-1,INSUFFICIENT_DATA,Observasi terlalu sedikit untuk disegmentasi,,29.31,27.87,13.966359582940719,0.4765049328877762,57.85,0.0,0.0,2.4158202766186263,0.05439330543933055
FRK 31,SUPPORT,-1,INSUFFICIENT_DATA,Observasi terlalu sedikit untuk disegmentasi,,40.793,44.44,9.54111576284451,0.23389100489899028,51.07,0.0,0.0,-3.1212462922560156,0.028011204481792718
FRK terex 01,SUPPORT,-1,INSUFFICIENT_DATA,Observasi terlalu sedikit untuk disegmentasi,,113.98,113.98,,,113.98,0.0,0.0,,1.0
FRK 17,SUPPORT,0,INTERMITTENT,"mean~31L, CV~0.39, active_ratio~0.15, growth~0.9%/bulan",0.32442570066779924,31.20529411764706,31.285,16.352407335571396,0.5240267011719613,59.24,0.029411764705882353,0.23529411764705882,3.1776282305038728,0.09714285714285714
FRK 18,SUPPORT,0,INTERMITTENT,"mean~31L, CV~0.39, active_ratio~0.15, growth~0.9%/bulan",0.32442570066779924,32.52945945945946,32.49,14.040306847300965,0.4316182033334738,67.41,0.0,0.24324324324324326,4.179662509658605,0.115625
FRK 19,SUPPORT,0,INTERMITTENT,"mean~31L, CV~0.39, active_ratio~0.15, growth~0.9%/bulan",0.32442570066779924,29.002105263157894,26.18,11.589565507600824,0.39961118003124213,58.95,0.0,0.10526315789473684,-6.326329497061206,0.06690140845070422
FRK 20,SUPPORT,0,INTERMITTENT,"mean~31L, CV~0.39, active_ratio~0.15, growth~0.9%/bulan",0.32442570066779924,30.103571428571428,27.34,16.142838846737767,0.5362433120283041,55.25,0.0,0.07142857142857142,-3.349863566259339,0.08408408408408409
FRK 26,SUPPORT,0,INTERMITTENT,"mean~31L, CV~0.39, active_ratio~0.15, growth~0.9%/bulan",0.32442570066779924,28.024367816091953,26.95,8.388013000448698,0.2993114083962384,52.41,0.0,0.10344827586206896,11.52510951060653,0.2620481927710843
FRK 28,SUPPORT,0,INTERMITTENT,"mean~31L, CV~0.39, active_ratio~0.15, growth~0.9%/bulan",0.32442570066779924,29.459074074074074,29.490000000000002,10.120110591638072,0.34353118384479153,55.63,0.0,0.17592592592592593,9.618548588494338,0.3
FRK 29,SUPPORT,0,INTERMITTENT,"mean~31L, CV~0.39, active_ratio~0.15, growth~0.9%/bulan",0.32442570066779924,30.793684210526315,30.38,9.507471616647267,0.30874745456398794,52.78,0.0,0.17543859649122806,-20.355193591759527,0.2261904761904762
FRK 30,SUPPORT,0,INTERMITTENT,"mean~31L, CV~0.39, active_ratio~0.15, growth~0.9%/bulan",0.32442570066779924,31.887647058823532,32.9,8.115487146046567,0.2545025392145061,43.9,0.0,0.11764705882352941,18.01883187557152,0.0648854961832061
FRK 32,SUPPORT,0,INTERMITTENT,"mean~31L, CV~0.39, active_ratio~0.15, growth~0.9%/bulan",0.32442570066779924,32.02717391304348,34.695,12.212535938860983,0.3813179386985272,53.0,0.0,0.17391304347826086,-8.013982691328682,0.12885154061624648
