date,window_days,rolling_mae,rolling_wape,model_health_status
2025-01-10,7,1475.7100000000003,7.510276494576627,HEALTHY
2025-01-11,7,1148.7300000000005,5.776839386485206,HEALTHY
2025-01-12,7,1045.404000000001,5.277432675633998,HEALTHY
2025-01-13,7,1167.296666666667,5.999547535615297,HEALTHY
2025-01-14,7,1216.2871428571432,6.197362695530787,HEALTHY
2025-01-15,7,1002.3457142857145,5.1547383175503425,HEALTHY
2025-01-16,7,1103.9757142857145,5.609472668208582,HEALTHY
2025-01-17,7,1059.1285714285716,5.397809511106504,HEALTHY
2025-01-18,7,1064.9342857142858,5.4191744768538275,HEALTHY
2025-01-19,7,1247.2642857142855,6.4362981309718865,HEALTHY
2025-01-20,7,1052.1685714285716,5.41313483256477,HEALTHY
2025-01-21,7,844.0342857142859,4.340637768656051,HEALTHY
2025-01-22,7,759.3742857142861,3.924648740607877,HEALTHY
2025-01-23,7,715.5542857142864,3.735164037584603,HEALTHY
2025-01-24,7,788.3528571428578,4.087028064560068,HEALTHY
2025-01-25,7,1077.4157142857148,5.679484391247196,HEALTHY
2025-01-26,7,898.7671428571432,4.7613454463636975,HEALTHY
2025-01-27,7,1182.3685714285718,6.379457551330958,HEALTHY
2025-01-28,7,2400.592857142857,13.869716128138727,MONITOR
2025-01-29,7,2608.8971428571426,15.343053812361077,RETRAIN
2025-01-30,7,2620.7057142857134,15.599113793972826,RETRAIN
2025-01-31,7,2881.4099999999994,17.56128815882681,RETRAIN
2025-02-01,7,2657.025714285713,16.1010477050061,RETRAIN
2025-02-02,7,2885.2528571428566,17.149216953608192,RETRAIN
2025-02-03,7,2994.7428571428563,17.334481181521777,RETRAIN
2025-02-04,7,2464.2771428571423,13.712070789825173,MONITOR
2025-02-05,7,2176.721428571428,12.100675831288365,MONITOR
2025-02-06,7,2101.2914285714282,11.598825406255463,MONITOR
2025-02-07,7,1913.3242857142855,10.44330478981138,MONITOR
2025-02-08,7,2044.4385714285715,11.298054093185794,MONITOR
2025-02-09,7,2042.9314285714288,11.493419975030452,MONITOR
2025-02-10,7,2074.2842857142864,11.995893303891055,MONITOR
2025-02-11,7,1476.362857142857,8.490177204087724,HEALTHY
2025-02-12,7,1736.8514285714286,9.831384489585474,HEALTHY
2025-02-13,7,1805.7171428571432,10.108558872865482,MONITOR
2025-02-14,7,1729.4757142857147,9.612655327970321,HEALTHY
2025-02-15,7,1733.8042857142866,9.51512988622735,HEALTHY
2025-02-16,7,1788.2985714285721,9.616190173965142,HEALTHY
2025-02-17,7,1816.2114285714292,9.505063069876662,HEALTHY
2025-02-18,7,1778.0142857142869,9.334104794470985,HEALTHY
2025-02-19,7,1839.4000000000012,9.831176920717006,HEALTHY
2025-02-20,7,1957.6971428571437,10.642714860424594,MONITOR
2025-02-21,7,1858.2242857142865,10.11785969390752,MONITOR
2025-02-22,7,1816.791428571429,9.994825576990607,HEALTHY
2025-02-23,7,1988.0557142857144,11.275999663576899,MONITOR
2025-02-24,7,2368.2042857142856,14.14729411535792,MONITOR
2025-02-25,7,2511.1699999999996,15.184785386136673,RETRAIN
2025-02-26,7,2384.1799999999994,14.603858249664414,MONITOR
2025-02-27,7,2186.874285714285,13.29929939443833,MONITOR
2025-02-28,7,2320.6728571428566,14.254046835185353,MONITOR
2025-03-01,7,2171.0728571428567,13.303416167962137,MONITOR
2025-03-02,7,1743.7185714285715,10.763323768995269,MONITOR
2025-03-03,7,1108.2071428571428,6.73425064994727,HEALTHY
2025-03-04,7,1083.3642857142859,6.513085904404316,HEALTHY
2025-03-05,7,1282.8985714285718,7.526577473178215,HEALTHY
2025-03-06,7,1328.3742857142859,7.7194113814127014,HEALTHY
2025-03-07,7,1548.3342857142854,8.801893444070096,HEALTHY
2025-03-08,7,1564.8285714285716,8.923742321217414,HEALTHY
2025-03-09,7,1811.3814285714286,10.118758048133344,MONITOR
2025-03-10,7,2328.5385714285717,12.469347348975523,MONITOR
2025-03-11,7,2484.297142857143,13.070270607471668,MONITOR
2025-03-12,7,2152.9457142857136,11.279560757395458,MONITOR
2025-03-13,7,2100.204285714285,11.067358728368239,MONITOR
2025-03-14,7,2361.7328571428566,12.882874226747246,MONITOR
2025-03-15,7,2535.798571428571,13.661406032891875,MONITOR
2025-03-16,7,2580.8399999999997,13.603079590215234,MONITOR
2025-03-17,7,1922.697142857142,10.073225570788145,MONITOR
2025-03-18,7,1883.1085714285707,9.71638647332312,HEALTHY
2025-03-19,7,1958.5585714285714,10.025327463274229,MONITOR
2025-03-20,7,2129.815714285715,11.06152408938752,MONITOR
2025-03-21,7,1910.5528571428574,9.708475754490344,HEALTHY
2025-03-22,7,1842.7600000000004,9.287703584234555,HEALTHY
2025-03-23,7,1571.4114285714293,7.976098128540432,HEALTHY
2025-03-24,7,1642.4514285714297,8.416038900781214,HEALTHY
2025-03-25,7,1721.4171428571437,8.992307831799897,HEALTHY
2025-03-26,7,1639.8071428571436,8.599121512910205,HEALTHY
2025-03-27,7,1386.3728571428578,7.25930455087298,HEALTHY
2025-03-28,7,1493.5200000000004,8.044481241978328,HEALTHY
2025-03-29,7,2101.494285714286,11.808691374610714,MONITOR
2025-03-30,7,2278.426714285714,13.034565867816053,MONITOR
2025-03-31,7,4882.782428571429,33.239383148909475,RETRAIN
2025-04-01,7,5294.591,38.07570738063043,RETRAIN
2025-04-02,7,6060.288142857142,46.38216674956273,RETRAIN
2025-04-03,7,6436.3067142857135,50.83341125003784,RETRAIN
2025-04-04,7,6017.610999999999,47.10468031902059,RETRAIN
2025-04-05,7,5737.142428571428,46.69720232923708,RETRAIN
2025-04-06,7,6205.728999999999,53.958323008114725,RETRAIN
2025-04-07,7,5427.426142857142,40.16508691180222,RETRAIN
2025-04-08,7,4717.121857142856,34.71838762127306,RETRAIN
2025-04-09,7,4261.761857142857,30.50457451031359,RETRAIN
2025-04-10,7,4655.3818571428565,31.521447432032517,RETRAIN
2025-04-11,7,5069.966142857143,33.14369329859744,RETRAIN
2025-04-12,7,5646.113285714286,34.50703349800721,RETRAIN
2025-04-13,7,5887.877142857142,33.86008320112624,RETRAIN
2025-04-14,7,4271.5428571428565,24.018564648815804,RETRAIN
2025-04-15,7,4971.871428571428,26.79000156876896,RETRAIN
2025-04-16,7,5052.8385714285705,26.56071029472734,RETRAIN
2025-04-17,7,4537.319999999999,24.210387985286513,RETRAIN
2025-04-18,7,4150.934285714285,22.317324084596567,RETRAIN
2025-04-19,7,3116.667142857142,16.784620601981285,RETRAIN
2025-04-20,7,2177.9971428571425,11.78530069755683,MONITOR
2025-04-21,7,1905.2271428571426,10.241312931066787,MONITOR
2025-04-22,7,1198.0542857142857,6.4633299330328855,HEALTHY
2025-04-23,7,829.077142857143,4.496054523397877,HEALTHY
2025-04-24,7,708.9128571428571,3.8108551379874998,HEALTHY
2025-04-25,7,675.1714285714287,3.6085498397065403,HEALTHY
2025-04-26,7,999.2871428571432,5.444165858863609,HEALTHY
2025-04-27,7,1102.4642857142858,6.069484498266435,HEALTHY
2025-04-28,7,993.3714285714289,5.464785783635163,HEALTHY
2025-04-29,7,1171.134285714286,6.530701532168921,HEALTHY
2025-04-30,7,1221.5571428571432,6.756682544648084,HEALTHY
2025-05-01,7,1132.5557142857142,6.289918488570644,HEALTHY
2025-05-02,7,1174.6371428571426,6.5784100691566465,HEALTHY
2025-05-03,7,909.2799999999999,5.0668352809659405,HEALTHY
2025-05-04,7,1050.2442857142855,5.746002747904427,HEALTHY
2025-05-05,7,1222.8899999999994,6.75945506674269,HEALTHY
2025-05-06,7,1489.0942857142852,8.004727427990426,HEALTHY
2025-05-07,7,1664.5557142857137,8.7957047689143,HEALTHY
2025-05-08,7,1980.5857142857142,10.254648360703026,MONITOR
2025-05-09,7,2306.1514285714284,11.65338572079709,MONITOR
2025-05-10,7,2686.637142857143,13.260925346821551,MONITOR
2025-05-11,7,2488.4928571428572,12.202225134099123,MONITOR
2025-05-12,7,2786.71,13.347426372480465,MONITOR
2025-05-13,7,2860.4914285714285,14.095717271312697,MONITOR
2025-05-14,7,2797.5142857142855,13.963583986081051,MONITOR
2025-05-15,7,2794.8928571428573,14.22511590841917,MONITOR
2025-05-16,7,2479.4285714285716,12.723144349629308,MONITOR
2025-05-17,7,2203.6085714285714,11.196067528315048,MONITOR
2025-05-18,7,2139.062857142857,10.82992875298116,MONITOR
2025-05-19,7,1903.2414285714283,9.758846215742247,HEALTHY
2025-05-20,7,1551.1914285714286,7.859864552237725,HEALTHY
2025-05-21,7,1326.5157142857145,6.709773072822885,HEALTHY
2025-05-22,7,1010.3857142857139,5.129051555137392,HEALTHY
2025-05-23,7,1117.6971428571426,5.751864128063865,HEALTHY
2025-05-24,7,1552.9071428571426,8.259151521450839,HEALTHY
2025-05-25,7,1723.3299999999997,9.283971957168454,HEALTHY
2025-05-26,7,1958.0757142857144,10.83066212090395,MONITOR
2025-05-27,7,1856.6642857142863,10.344948903077153,MONITOR
2025-05-28,7,2096.9957142857147,11.865594765062523,MONITOR
2025-05-29,7,2162.814285714286,12.144255112058644,MONITOR
2025-05-30,7,2281.234285714286,13.092796725095418,MONITOR
2025-05-31,7,2234.118571428572,13.265912460652052,MONITOR
2025-06-01,7,2269.398571428572,13.699193266730772,MONITOR
2025-06-02,7,1863.9428571428575,11.198960682615091,MONITOR
2025-06-03,7,2035.2385714285717,12.009683837981592,MONITOR
2025-06-04,7,1788.0800000000002,10.534152574768012,MONITOR
2025-06-05,7,1732.0214285714287,10.252452093380384,MONITOR
2025-06-06,7,2213.551428571429,13.811889545958667,MONITOR
2025-06-07,7,1793.6971428571433,11.07965844040934,MONITOR
2025-06-08,7,1935.1771428571433,11.653692062708247,MONITOR
2025-06-09,7,2305.5128571428572,13.51889908684172,MONITOR
2025-06-10,7,2283.128571428571,13.611417241690612,MONITOR
2025-06-11,7,2709.665714285714,15.728592337066258,RETRAIN
2025-06-12,7,3005.801428571428,17.07436897469358,RETRAIN
2025-06-13,7,3581.4657142857136,18.80316225858212,RETRAIN
2025-06-14,7,4107.125714285713,20.810865648037495,RETRAIN
2025-06-15,7,3983.265714285714,20.48715334486805,RETRAIN
2025-06-16,7,3589.6085714285705,18.514486973789158,RETRAIN
2025-06-17,7,3628.928571428571,18.413669194600136,RETRAIN
2025-06-18,7,3471.8085714285703,17.885868560467337,RETRAIN
2025-06-19,7,3297.1399999999994,17.16452126078426,RETRAIN
2025-06-20,7,1912.359999999999,9.98577161146309,HEALTHY
2025-06-21,7,1392.672857142856,7.208637134407179,HEALTHY
2025-06-22,7,1208.7371428571412,6.291999473507688,HEALTHY
2025-06-23,7,1286.4071428571417,6.650500867496767,HEALTHY
2025-06-24,7,1045.6171428571417,5.4277984569085405,HEALTHY
2025-06-25,7,1216.107142857142,6.469781327433215,HEALTHY
2025-06-26,7,1806.6485714285707,10.034525832563872,MONITOR
2025-06-27,7,2024.8928571428569,11.42207664582702,MONITOR
2025-06-28,7,2133.4942857142855,12.225885890989453,MONITOR
2025-06-29,7,2044.2399999999998,11.72755598004812,MONITOR
2025-06-30,7,2529.031428571429,15.041242041274161,RETRAIN
2025-07-01,7,2565.5014285714287,15.363562767029288,RETRAIN
2025-07-02,7,2703.1428571428573,15.621820187252142,RETRAIN
2025-07-03,7,3017.134285714286,16.388535410937877,RETRAIN
2025-07-04,7,3059.472857142857,16.335653772141978,RETRAIN
2025-07-05,7,3169.2714285714287,16.579277252351865,RETRAIN
2025-07-06,7,3860.137142857143,19.46980601210861,RETRAIN
2025-07-07,7,4185.742857142856,20.153817285776697,RETRAIN
2025-07-08,7,4416.084285714285,20.91474413959243,RETRAIN
2025-07-09,7,3871.7599999999998,18.284239181362576,RETRAIN
2025-07-10,7,3118.6842857142847,14.977777021559666,MONITOR
2025-07-11,7,3041.8771428571417,14.441086883865474,MONITOR
2025-07-12,7,2843.6971428571424,13.6223894140818,MONITOR
2025-07-13,7,2312.8628571428567,11.175630641556925,MONITOR
2025-07-14,7,1566.8499999999997,7.643582473118585,HEALTHY
2025-07-15,7,1470.3971428571422,7.261350573759836,HEALTHY
2025-07-16,7,1618.7814285714283,8.077529375082777,HEALTHY
2025-07-17,7,1494.4157142857143,7.372729462056758,HEALTHY
2025-07-18,7,1648.2385714285713,8.293561365591403,HEALTHY
2025-07-19,7,1566.932857142857,7.842003841166485,HEALTHY
2025-07-20,7,1392.3785714285711,6.9666625328841185,HEALTHY
2025-07-21,7,1323.7957142857142,6.581326800801188,HEALTHY
2025-07-22,7,1457.0457142857142,7.108605122021766,HEALTHY
2025-07-23,7,1615.715714285714,7.743782231068641,HEALTHY
2025-07-24,7,1402.9242857142854,6.7291303816933645,HEALTHY
2025-07-25,7,1161.7985714285714,5.531534259560045,HEALTHY
2025-07-26,7,1313.5471428571425,6.332217914964211,HEALTHY
2025-07-27,7,2360.06,11.984664372275995,MONITOR
2025-07-28,7,3558.1671428571426,19.373545020297083,RETRAIN
2025-07-29,7,4096.377142857143,23.481138206269097,RETRAIN
2025-07-30,7,4538.464285714285,27.28171834400096,RETRAIN
2025-07-31,7,4583.351428571428,27.65302505948896,RETRAIN
2025-08-01,7,4551.925714285714,27.669156792478972,RETRAIN
2025-08-02,7,4336.008571428572,26.426406712321903,RETRAIN
2025-08-03,7,3700.627142857143,21.996093340694692,RETRAIN
2025-08-04,7,3065.7357142857145,17.50313847185783,RETRAIN
2025-08-05,7,3004.6457142857143,16.35183375155219,RETRAIN
2025-08-06,7,2922.11,15.297175752877425,RETRAIN
2025-08-07,7,3069.6699999999996,15.89605422550189,RETRAIN
2025-08-08,7,3184.9514285714286,16.2917997543222,RETRAIN
2025-08-09,7,3369.9514285714286,17.03904880432404,RETRAIN
2025-08-10,7,3217.0457142857144,16.052268677471243,RETRAIN
2025-08-11,7,2785.538571428572,13.721265242384556,MONITOR
2025-08-12,7,2366.1257142857144,11.913623981925515,MONITOR
2025-08-13,7,1716.6342857142859,8.609651642147087,HEALTHY
2025-08-14,7,1905.8514285714286,9.753259558475246,HEALTHY
2025-08-15,7,1723.3814285714286,8.844834095070052,HEALTHY
2025-08-16,7,1582.5457142857135,8.085691917432047,HEALTHY
2025-08-17,7,1334.2599999999989,6.822343767142924,HEALTHY
2025-08-18,7,1729.0785714285703,9.147320719376152,HEALTHY
2025-08-19,7,2161.3585714285705,11.987519898303232,MONITOR
2025-08-20,7,2642.6771428571415,15.12613150148037,RETRAIN
2025-08-21,7,2704.9857142857136,15.085464968194472,RETRAIN
2025-08-22,7,2806.065714285713,15.787526506501203,RETRAIN
2025-08-23,7,3261.541428571428,18.928443425271418,RETRAIN
2025-08-24,7,3384.902857142857,19.803353202167493,RETRAIN
2025-08-25,7,2852.902857142857,16.57198574350761,RETRAIN
2025-08-26,7,3142.287142857142,17.09893356372366,RETRAIN
2025-08-27,7,2786.5257142857145,14.997070272029914,MONITOR
2025-08-28,7,2529.941428571428,13.766952361510654,MONITOR
2025-08-29,7,2413.4171428571426,13.161956483377205,MONITOR
2025-08-30,7,2289.365714285714,12.206501035250305,MONITOR
2025-08-31,7,2155.9528571428573,11.498179580167081,MONITOR
2025-09-01,7,3062.084285714286,15.48137003392244,RETRAIN
2025-09-02,7,2153.6942857142863,10.750922850786706,MONITOR
2025-09-03,7,2109.701428571429,10.448191075147207,MONITOR
2025-09-04,7,2018.1028571428578,9.939446064894819,HEALTHY
2025-09-05,7,2284.780000000001,11.085105139818506,MONITOR
2025-09-06,7,1958.7400000000005,9.460587967374753,HEALTHY
2025-09-07,7,2325.6957142857145,11.03476412257742,MONITOR
2025-09-08,7,2260.9757142857147,11.241907827724987,MONITOR
2025-09-09,7,2242.6114285714284,11.282499314351357,MONITOR
2025-09-10,7,2320.9142857142856,11.538464270064152,MONITOR
2025-09-11,7,2454.8428571428567,12.355323454098022,MONITOR
2025-09-12,7,2952.95,15.490223555790028,RETRAIN
2025-09-13,7,3146.8114285714287,16.759303972069045,RETRAIN
2025-09-14,7,3667.5128571428572,20.50730611906793,RETRAIN
2025-09-15,7,3134.0514285714285,17.11238372420451,RETRAIN
2025-09-16,7,2908.7228571428577,15.890556911610961,RETRAIN
2025-09-17,7,2980.6542857142863,16.563688963780486,RETRAIN
2025-09-18,7,2912.1714285714293,16.34424809980437,RETRAIN
2025-09-19,7,2423.448571428572,13.363832618511266,MONITOR
2025-09-20,7,2190.867142857143,12.117524597609313,MONITOR
2025-09-21,7,1584.2228571428573,8.625807651480521,HEALTHY
2025-09-22,7,1420.5885714285719,7.848934770961315,HEALTHY
2025-09-23,7,2345.6685714285713,13.666013759164189,MONITOR
2025-09-24,7,2924.6914285714292,17.969779147204303,RETRAIN
2025-09-25,7,2903.2742857142866,17.66885635110207,RETRAIN
2025-09-26,7,2687.931428571429,16.45981440595928,RETRAIN
2025-09-27,7,2822.0457142857153,17.08404011199145,RETRAIN
2025-09-28,7,2883.0014285714287,17.094084929463747,RETRAIN
2025-09-29,7,2880.442857142858,16.81530411089323,RETRAIN
2025-09-30,7,2924.270000000001,16.148521439900478,RETRAIN
2025-10-01,7,3176.482857142858,16.501687247348904,RETRAIN
2025-10-02,7,3027.6471428571426,15.722656981718536,RETRAIN
2025-10-03,7,2972.064285714286,15.470763499574018,RETRAIN
2025-10-04,7,2839.3728571428574,14.822992795314363,MONITOR
2025-10-05,7,2634.4757142857147,13.856030150470595,MONITOR
2025-10-06,7,2619.2085714285718,13.958632505545932,MONITOR
2025-10-07,7,1676.7528571428572,8.918743657024788,HEALTHY
2025-10-08,7,793.2500000000002,4.27789956691347,HEALTHY
2025-10-09,7,1257.964285714286,6.961186056615672,HEALTHY
2025-10-10,7,1734.8328571428572,9.330202836409075,HEALTHY
2025-10-11,7,1692.678571428571,9.110103486316179,HEALTHY
2025-10-12,7,1598.8514285714282,8.582873685522289,HEALTHY
2025-10-13,7,1485.0514285714278,8.030316232866932,HEALTHY
2025-10-14,7,2334.7157142857136,13.260043302213667,MONITOR
2025-10-15,7,2109.435714285713,12.002422585611864,MONITOR
2025-10-16,7,2052.922857142856,11.411194841701533,MONITOR
2025-10-17,7,2107.095714285713,12.100257015209168,MONITOR
2025-10-18,7,2417.8771428571417,14.148431154679647,MONITOR
2025-10-19,7,2505.8799999999987,14.547479326570883,MONITOR
2025-10-20,7,3209.4028571428557,17.76647112794824,RETRAIN
2025-10-21,7,3314.892857142856,17.39573168939792,RETRAIN
2025-10-22,7,3643.685714285714,18.765786346764372,RETRAIN
2025-10-23,7,3553.845714285714,18.00131176922124,RETRAIN
2025-10-24,7,3124.604285714285,15.709666974651043,RETRAIN
2025-10-25,7,3289.5157142857133,16.141787397976483,RETRAIN
2025-10-26,7,3369.367142857142,16.360206059393633,RETRAIN
2025-10-27,7,2561.702857142857,12.41972542671006,MONITOR
2025-10-28,7,1647.731428571429,8.01868402069625,HEALTHY
2025-10-29,7,1523.0400000000004,7.498049404947192,HEALTHY
2025-10-30,7,1246.2814285714287,6.150304396700228,HEALTHY
2025-10-31,7,1664.7014285714286,7.99196120319689,HEALTHY
2025-11-01,7,1384.985714285715,6.5828905142319245,HEALTHY
2025-11-02,7,1490.4228571428575,6.977431637226204,HEALTHY
2025-11-03,7,2081.361428571429,10.036221803386072,MONITOR
2025-11-04,7,2351.9542857142856,11.534575323347811,MONITOR
2025-11-05,7,2338.2114285714283,11.593644033220302,MONITOR
2025-11-06,7,2704.894285714286,13.69385363862479,MONITOR
2025-11-07,7,2759.1700000000005,14.421469843490437,MONITOR
2025-11-08,7,3173.2714285714287,17.14466191026802,RETRAIN
2025-11-09,7,3506.554285714286,19.640085237074416,RETRAIN
2025-11-10,7,2989.3228571428563,16.84204036550274,RETRAIN
2025-11-11,7,2991.2357142857145,16.526976819775747,RETRAIN
2025-11-12,7,2803.3599999999997,15.45942738531548,RETRAIN
2025-11-13,7,2691.48,14.59808723771113,MONITOR
2025-11-14,7,2382.0642857142852,12.70567586405065,MONITOR
2025-11-15,7,2027.401428571428,10.661025482385558,MONITOR
2025-11-16,7,1525.0085714285708,7.955479375489061,HEALTHY
2025-11-17,7,1732.7657142857138,9.189157615853699,HEALTHY
2025-11-18,7,1900.2942857142855,10.36194430702064,MONITOR
2025-11-19,7,2045.3828571428571,11.04489613801075,MONITOR
2025-11-20,7,1893.7542857142855,10.310699715069488,MONITOR
2025-11-21,7,1878.9157142857148,10.067668360276572,MONITOR
2025-11-22,7,1635.237142857144,8.750150592370765,HEALTHY
2025-11-23,7,1634.5714285714296,8.818157296443301,HEALTHY
2025-11-24,7,2033.8514285714298,10.566361381558792,MONITOR
2025-11-25,7,1766.3285714285726,9.05888299590595,HEALTHY
2025-11-26,7,1656.3857142857153,8.464767550519804,HEALTHY
2025-11-27,7,1773.002857142858,9.186799661248877,HEALTHY
2025-11-28,7,1827.281428571429,9.643053882640647,HEALTHY
2025-11-29,7,1984.6171428571427,10.373411822579614,MONITOR
2025-11-30,7,2227.0171428571425,11.405485331161849,MONITOR
2025-12-01,7,2099.275714285714,11.082854745807348,MONITOR
2025-12-02,7,2275.191428571428,12.28784230913301,MONITOR
2025-12-03,7,2393.831428571428,13.061448786442195,MONITOR
2025-12-04,7,2702.3799999999997,14.294869842708263,MONITOR
2025-12-05,7,2408.7828571428568,12.703740199822988,MONITOR
2025-12-06,7,2313.31,12.144438782148995,MONITOR
2025-12-07,7,2063.6485714285714,10.916526194224833,MONITOR
2025-12-08,7,2291.4557142857143,11.622378610439366,MONITOR
2025-12-09,7,2496.975714285714,12.271796358795738,MONITOR
2025-12-10,7,2571.4785714285713,12.47678237247919,MONITOR
2025-12-11,7,2290.4171428571426,11.27502037819081,MONITOR
2025-12-12,7,2558.7771428571427,12.397710670940477,MONITOR
2025-12-13,7,2728.8642857142854,13.059082382754672,MONITOR
2025-12-14,7,3074.382857142857,14.375527959985993,MONITOR
2025-12-15,7,2648.8642857142854,12.613792194218407,MONITOR
2025-12-16,7,2493.568571428571,11.611047104119713,MONITOR
2025-12-17,7,2500.1971428571424,11.497646091860785,MONITOR
2025-12-18,7,2541.355714285714,11.508470580685293,MONITOR
2025-12-19,7,2373.5757142857137,10.672684298264725,MONITOR
2025-12-20,7,2825.647142857142,13.123945472890941,MONITOR
2025-12-21,7,2965.6157142857132,14.189161895037856,MONITOR
2025-12-22,7,2904.341428571428,13.683087335256733,MONITOR
2025-12-23,7,2775.472857142857,13.293410403959824,MONITOR
2025-12-24,7,2816.0114285714285,13.690856410572335,MONITOR
2025-12-25,7,2905.9357142857143,14.427641140553597,MONITOR
2025-12-26,7,3120.15,15.782256090780027,RETRAIN
2025-12-27,7,2682.9871428571428,13.386769950310262,MONITOR
2025-12-28,7,2328.5171428571425,11.460642287648156,MONITOR
2025-12-29,7,2070.195714285714,10.155787242285344,MONITOR
2025-12-30,7,2044.1642857142854,10.188619568666116,MONITOR
2025-12-31,7,1817.0342857142855,9.09411289028105,HEALTHY
2026-01-01,7,1848.8557142857135,9.470914858004953,HEALTHY
2026-01-02,7,1986.528571428571,10.448664325171611,MONITOR
2026-01-03,7,1742.4299999999992,9.151289669030001,HEALTHY
2026-01-04,7,1851.2585714285706,9.923122431792557,HEALTHY
2026-01-05,7,2009.0285714285706,10.900059432885632,MONITOR
2026-01-06,7,1913.214285714285,10.508710243648277,MONITOR
2026-01-07,7,1993.4157142857136,10.852027290606003,MONITOR
2026-01-08,7,2069.435714285714,10.947071026265093,MONITOR
2026-01-09,7,1766.239999999999,9.242515024895404,HEALTHY
2026-01-10,7,2357.4885714285706,12.749585795799351,MONITOR
2026-01-11,7,2204.8771428571426,12.075523837794183,MONITOR
2026-01-12,7,2398.121428571428,13.441509613443644,MONITOR
2026-01-13,7,2446.661428571428,13.927399169737653,MONITOR
2026-01-14,7,2977.4871428571423,17.646093649791787,RETRAIN
2026-01-15,7,2688.145714285714,16.166631684966404,RETRAIN
2026-01-16,7,2991.4942857142855,18.55943484128531,RETRAIN
2026-01-17,7,2379.357142857142,14.768204668492352,MONITOR
2026-01-18,7,2182.4628571428566,13.575403039271455,MONITOR
2026-01-19,7,1831.011428571428,11.34241718082737,MONITOR
2026-01-20,7,1977.1614285714284,11.937143937488592,MONITOR
2026-01-21,7,1354.862857142857,8.215522993708706,HEALTHY
2026-01-22,7,1179.4142857142856,7.182205522309518,HEALTHY
2026-01-23,7,1368.1728571428573,7.991951979577369,HEALTHY
2026-01-24,7,1820.0828571428572,10.354088000377736,MONITOR
2026-01-25,7,2314.8942857142856,12.783847106253333,MONITOR
2026-01-26,7,2462.228571428571,13.438832749938575,MONITOR
2026-01-27,7,2245.659999999999,12.394461213466004,MONITOR
2026-01-28,7,2688.457142857141,14.428738361734947,MONITOR
2026-01-29,7,2793.142857142856,14.85121704098159,MONITOR
2026-01-30,7,2449.945714285713,13.276928491433438,MONITOR
2026-01-31,7,2122.0114285714276,11.582037443603753,MONITOR
2026-02-01,7,1835.7085714285702,10.154203719089434,MONITOR
2026-02-02,7,1795.5828571428563,10.028580754614577,MONITOR
2026-02-03,7,1797.0271428571416,9.923069174162096,HEALTHY
2026-02-04,7,1343.9657142857136,7.396240667295034,HEALTHY
2026-02-05,7,1186.9199999999994,6.538376577482777,HEALTHY
2026-02-06,7,1194.4785714285706,6.451223393482304,HEALTHY
2026-02-07,7,1358.9785714285706,7.2243374016975626,HEALTHY
2026-02-08,7,1413.1842857142854,7.3955467583791235,HEALTHY
2026-02-09,7,1632.0042857142855,8.368797827986201,HEALTHY
2026-02-10,7,1787.9057142857148,9.001687150133202,HEALTHY
2026-02-11,7,1752.4014285714288,8.834422907429342,HEALTHY
2026-02-12,7,2527.281428571429,12.251264151719537,MONITOR
2026-02-13,7,2380.547142857143,11.661877951015697,MONITOR
2026-02-14,7,2254.022857142857,11.13426983133213,MONITOR
2026-02-15,7,2125.4757142857147,10.587626571207931,MONITOR
2026-02-16,7,1970.445714285714,9.70063808586618,HEALTHY
2026-02-17,7,1924.9685714285713,9.626200839046936,HEALTHY
2026-02-18,7,2108.542857142857,10.655788951298774,MONITOR
2026-02-19,7,1977.5928571428574,10.339793312437862,MONITOR
2026-02-20,7,1958.902857142857,10.137664077058645,MONITOR
2026-02-21,7,2072.9414285714292,10.887340713464727,MONITOR
2026-02-22,7,1965.9628571428573,10.291993915927137,MONITOR
2026-02-23,7,1908.5128571428572,10.086280357823286,MONITOR
2026-02-24,7,1604.2557142857138,8.483291983751053,HEALTHY
2026-02-25,7,1602.7299999999996,8.383069727641447,HEALTHY
2026-02-26,7,1192.4785714285706,6.3203877452464265,HEALTHY
2026-02-27,7,1420.1085714285707,7.70016934429782,HEALTHY
2026-02-28,7,1394.4857142857134,7.457128615109593,HEALTHY
2026-03-01,7,1575.8728571428567,8.318864766441017,HEALTHY
2026-03-02,7,1480.2371428571428,7.8489676359977505,HEALTHY
2026-03-03,7,1749.5614285714287,9.141136536309746,HEALTHY
2026-03-04,7,1618.6557142857148,8.491330301094541,HEALTHY
2026-03-05,7,1776.9028571428576,9.1253425033403,HEALTHY
2026-03-06,7,1884.7800000000009,9.421702051507133,HEALTHY
2026-03-07,7,1709.3900000000006,8.510038316661364,HEALTHY
2026-03-08,7,1485.25,7.387121472861321,HEALTHY
2026-03-09,7,1403.3814285714288,6.980800448423484,HEALTHY
2026-03-10,7,1300.3428571428574,6.525840785228762,HEALTHY
2026-03-11,7,1225.5942857142857,6.1500227745168,HEALTHY
2026-03-12,7,868.64,4.3704020064311715,HEALTHY
2026-03-13,7,369.2557142857139,1.8609415948766,HEALTHY
2026-03-14,7,355.1142857142856,1.783565880437802,HEALTHY
2026-03-15,7,402.6842857142853,2.015728141468174,HEALTHY
2026-03-16,7,511.3514285714279,2.545522298370261,HEALTHY
2026-03-17,7,412.2914285714282,2.0444272102264693,HEALTHY
2026-03-18,7,445.6899999999997,2.2061429012176084,HEALTHY
2026-03-19,7,418.43588585714264,2.068623551878166,HEALTHY
2026-03-20,7,458.1244572857145,2.2730119445311265,HEALTHY
2026-03-21,7,3214.1258858571427,18.545521114893727,RETRAIN
2026-03-22,7,3903.508743000001,23.550769179322245,RETRAIN
2026-03-23,7,4500.070171571429,28.360927660130514,RETRAIN
2026-03-24,7,5075.783028714286,33.364538380007744,RETRAIN
2026-03-25,7,5796.097314428572,40.09152231444402,RETRAIN
2026-03-26,7,6765.934457285714,50.26021357667144,RETRAIN
2026-03-27,7,7494.81731442857,59.20014073536118,RETRAIN
2026-03-28,7,7047.268743,46.867657714499074,RETRAIN
2026-03-29,7,6534.4058858571425,44.17153692296921,RETRAIN
2026-03-30,7,6863.130171571428,49.88898087325919,RETRAIN
2026-03-31,7,6822.295885857143,47.475925261218606,RETRAIN
2026-04-01,7,6749.420171571428,49.31283441122879,RETRAIN
2026-04-02,7,7195.185714285713,47.56183989170552,RETRAIN
2026-04-03,7,6413.289999999999,42.44883058008193,RETRAIN
2026-04-04,7,4148.0,27.25470856159793,RETRAIN
2026-04-05,7,4050.1142857142863,26.35972600419122,RETRAIN
2026-04-06,7,4108.935714285714,24.96308594151744,RETRAIN
2026-04-07,7,3820.837142857143,23.68051658609913,RETRAIN
2026-04-08,7,4498.097142857143,25.710365587035906,RETRAIN
2026-04-09,7,3642.8000000000006,21.54299064149359,RETRAIN
2026-04-10,7,4168.651428571429,23.882173281893532,RETRAIN
2026-04-11,7,4214.201428571428,23.928378578205706,RETRAIN
2026-04-12,7,4434.147142857143,24.66557395183133,RETRAIN
2026-04-13,7,3475.2928571428565,19.186224056022677,RETRAIN
2026-04-14,7,3207.461428571428,17.651777829194774,RETRAIN
2026-04-15,7,2179.855714285714,12.22026866509314,MONITOR
2026-04-16,7,1771.8242857142855,10.032842130467385,MONITOR
2026-04-17,7,1398.331428571429,7.841529378297123,HEALTHY
2026-04-18,7,1545.1585714285718,8.519906571856364,HEALTHY
2026-04-19,7,1523.5642857142861,8.244570752702305,HEALTHY
2026-04-20,7,1693.1314285714293,9.012928605595024,HEALTHY
2026-04-21,7,1715.6685714285725,9.171866805671378,HEALTHY
2026-04-22,7,1935.6185714285723,10.050752504782508,MONITOR
2026-04-23,7,1852.7685714285722,9.668214549502286,HEALTHY
2026-04-24,7,1688.5942857142861,8.815175200727102,HEALTHY
2026-04-25,7,1623.7428571428577,8.583552915169774,HEALTHY
2026-04-26,7,1369.3014285714296,7.204494350268053,HEALTHY
2026-04-27,7,1311.2685714285726,6.990350768034761,HEALTHY
2026-04-28,7,1377.1871428571442,7.285163727278245,HEALTHY
2026-04-29,7,1449.4271428571442,7.929429105550769,HEALTHY
2026-04-30,7,1715.5857142857155,9.203694322481466,HEALTHY
2026-05-01,7,1758.0357142857158,9.40598864822807,HEALTHY
2026-05-02,7,1546.7714285714299,8.287799450470388,HEALTHY
2026-05-03,7,1885.2185714285722,10.338187579177461,MONITOR
2026-05-04,7,2135.1528571428576,12.03743652609553,MONITOR
2026-05-05,7,2240.3128571428574,12.811515094031806,MONITOR
2026-05-06,7,2214.561428571429,12.244703067769313,MONITOR
2026-05-07,7,2476.010000000001,14.178342905912125,MONITOR
2026-05-08,7,2489.9357142857148,14.310810754223832,MONITOR
2026-05-09,7,2624.3600000000015,15.224983582014847,RETRAIN
2026-05-10,7,2307.994285714287,13.303650649023952,MONITOR
2026-05-11,7,2102.4600000000014,11.91808300941796,MONITOR
2026-05-12,7,1915.9728571428584,10.821447619078365,MONITOR
2026-05-13,7,1723.5600000000009,9.963591564527137,HEALTHY
2026-05-14,7,1631.4642857142862,9.150603782401806,HEALTHY
2026-05-15,7,1670.7814285714287,9.42592879748519,HEALTHY
2026-05-16,7,1642.4257142857136,9.336238342877742,HEALTHY
2026-05-17,7,1573.945714285714,8.925201911507516,HEALTHY
2026-05-18,7,1675.2428571428572,9.29219727854555,HEALTHY
2026-05-19,7,1693.5357142857142,9.436951199465373,HEALTHY
2026-05-20,7,1656.8342857142857,9.045910069871612,HEALTHY
2026-05-21,7,1200.535714285714,6.581276681922931,HEALTHY
2026-05-22,7,1295.8842857142859,7.182327616069043,HEALTHY
2026-05-23,7,1800.1828571428573,9.63674094666621,HEALTHY
2026-05-24,7,2026.4557142857143,11.00662607861163,MONITOR
2026-05-25,7,1966.577142857143,10.87860825025373,MONITOR
2026-05-26,7,1919.4842857142855,10.597230792721785,MONITOR
2026-05-27,7,2756.9357142857148,16.307847351136196,RETRAIN
2026-05-28,7,3543.1071428571436,22.08196710802556,RETRAIN
2026-05-29,7,3405.1185714285716,21.302982117021738,RETRAIN
2026-05-30,7,3424.5628571428574,22.343251057420403,RETRAIN
2026-05-31,7,3166.0214285714287,20.642096944176277,RETRAIN
2026-06-01,7,2944.714285714286,19.059454346490394,RETRAIN
2026-06-02,7,2985.647142857143,19.420595344769318,RETRAIN
2026-06-03,7,2639.7000000000003,16.25915319253254,RETRAIN
2026-06-04,7,2553.3771428571426,15.011771804378412,RETRAIN
2026-06-05,7,2635.6671428571426,15.366105895101672,RETRAIN
2026-06-06,7,2238.324285714286,12.854840357169376,MONITOR
2026-06-07,7,2353.3957142857143,13.418826532731757,MONITOR
2026-06-08,7,2574.9557142857143,14.96719450081285,MONITOR
2026-06-09,7,2509.2957142857144,14.59476647801978,MONITOR
2026-06-10,7,1653.9371428571426,9.623226954038989,HEALTHY
2026-06-11,7,898.6257142857141,5.2228615666608595,HEALTHY
2026-06-12,7,812.6557142857143,4.7389917757696365,HEALTHY
2026-06-13,7,800.9557142857146,4.73934126022899,HEALTHY
2026-06-14,7,814.0108571428573,4.777364374798739,HEALTHY
2026-06-15,7,859.3522857142858,4.933626094362039,HEALTHY
2026-06-16,7,870.7922857142858,4.992907102911497,HEALTHY
2026-06-17,7,869.4865714285716,4.986817441711099,HEALTHY
2026-06-18,7,1174.1408571428572,6.861363309380327,HEALTHY
2026-06-19,7,1441.9822857142858,8.269416474492264,HEALTHY
2026-06-20,7,1322.9351428571426,7.530959731047061,HEALTHY
2026-06-21,7,1248.633428571428,7.082001371441682,HEALTHY
2026-06-22,7,1174.602,6.548702296350774,HEALTHY
2026-06-23,7,1435.5877142857141,7.879310931535845,HEALTHY
2026-06-24,7,1505.287714285714,8.295824112701498,HEALTHY
2026-06-25,7,1338.1119999999996,7.311569742876127,HEALTHY
2026-06-26,7,1089.6591428571428,5.929142846482385,HEALTHY
2026-06-27,7,981.7177142857142,5.3356638736054585,HEALTHY
2026-06-28,7,1086.5142857142857,5.960063904398243,HEALTHY
2026-06-29,7,1313.6399999999999,7.422761300654977,HEALTHY
2026-06-30,7,1048.98,5.933542731130158,HEALTHY
2026-07-01,7,1146.9685714285717,6.425094422426684,HEALTHY
2026-07-02,7,1015.5514285714289,5.681043823854927,HEALTHY
2026-07-03,7,1190.3828571428573,6.7541045952938,HEALTHY
2026-07-04,7,1352.2428571428575,7.593632025124442,HEALTHY
2026-07-05,7,1196.1357142857146,6.712042902178668,HEALTHY
2026-07-06,7,1034.3242857142861,5.68579296616679,HEALTHY
2026-07-07,7,1161.5014285714285,6.43649372267482,HEALTHY
2026-07-08,7,1067.5785714285716,5.9419152844232626,HEALTHY
2026-07-09,7,1177.747142857143,6.5062319661104535,HEALTHY
2026-07-10,7,945.5542857142856,5.217946434786667,HEALTHY
2026-07-11,7,887.4371428571428,4.931218031635855,HEALTHY
2026-07-12,7,1075.438571428571,6.043434453148524,HEALTHY
2026-07-13,7,895.2185714285713,5.085101296615504,HEALTHY
2026-07-14,7,853.6457142857143,4.820411144078869,HEALTHY
2026-07-15,7,843.9471428571425,4.784273106133613,HEALTHY
2026-07-16,7,871.4857142857135,4.895302759437641,HEALTHY
2026-07-17,7,1115.9828571428568,6.177135155373701,HEALTHY
2026-07-18,7,1359.7957142857138,7.3761427764624745,HEALTHY
2026-07-19,7,1725.0542857142852,9.078534786384475,HEALTHY
2026-07-20,7,2149.5699999999997,10.958025715948002,MONITOR
2026-07-21,7,4617.2871428571425,27.089706032233064,RETRAIN
2025-01-14,14,1216.2871428571432,6.197362695530787,HEALTHY
2025-01-15,14,1222.4075000000003,6.239317231784442,HEALTHY
2025-01-16,14,1269.6955555555558,6.4481013011077435,HEALTHY
2025-01-17,14,1184.1030000000003,6.032176928736693,HEALTHY
2025-01-18,14,1095.4054545454549,5.550215185267808,HEALTHY
2025-01-19,14,1163.1558333333335,5.947239678334766,HEALTHY
2025-01-20,14,1105.3046153846155,5.683929896446888,HEALTHY
2025-01-21,14,1030.1607142857144,5.273299686496032,HEALTHY
2025-01-22,14,880.8600000000004,4.54122005527662,HEALTHY
2025-01-23,14,909.7650000000004,4.684946109202893,HEALTHY
2025-01-24,14,923.7407142857147,4.748015955549976,HEALTHY
2025-01-25,14,1071.1750000000004,5.54703473173276,HEALTHY
2025-01-26,14,1073.0157142857145,5.609817477466114,HEALTHY
2025-01-27,14,1117.2685714285717,5.884801936619388,HEALTHY
2025-01-28,14,1622.313571428572,8.828173049277208,HEALTHY
2025-01-29,14,1684.1357142857144,9.265554884439437,HEALTHY
2025-01-30,14,1668.1299999999999,9.27831963306613,HEALTHY
2025-01-31,14,1834.8814285714288,10.28034499529551,MONITOR
2025-02-01,14,1867.220714285714,10.527708587134901,MONITOR
2025-02-02,14,1892.01,10.59927991062527,MONITOR
2025-02-03,14,2088.555714285714,11.664580004940328,MONITOR
2025-02-04,14,2432.435,13.78941121467247,MONITOR
2025-02-05,14,2392.809285714285,13.676245441993858,MONITOR
2025-02-06,14,2360.9985714285713,13.523581140063046,MONITOR
2025-02-07,14,2397.367142857143,13.806219860594082,MONITOR
2025-02-08,14,2350.7321428571427,13.588956552377022,MONITOR
2025-02-09,14,2464.0921428571423,14.24364004542798,MONITOR
2025-02-10,14,2534.513571428571,14.663997959788135,MONITOR
2025-02-11,14,1970.3199999999997,11.144135884341525,MONITOR
2025-02-12,14,1956.7864285714288,10.976278186026352,MONITOR
2025-02-13,14,1953.504285714286,10.858935162027633,MONITOR
2025-02-14,14,1821.4000000000003,10.031747635352136,MONITOR
2025-02-15,14,1889.1214285714289,10.403497672934446,MONITOR
2025-02-16,14,1915.6150000000005,10.53359343728615,MONITOR
2025-02-17,14,1945.2478571428578,10.688336119351252,MONITOR
2025-02-18,14,1627.188571428572,8.931358829254862,HEALTHY
2025-02-19,14,1788.125714285715,9.831277728050605,HEALTHY
2025-02-20,14,1881.7071428571435,10.379551669749342,MONITOR
2025-02-21,14,1793.8500000000006,9.867856870476539,HEALTHY
2025-02-22,14,1775.2978571428578,9.754686271670122,HEALTHY
2025-02-23,14,1888.1771428571433,10.423968303572751,MONITOR
2025-02-24,14,2092.207857142858,11.672837855291677,MONITOR
2025-02-25,14,2144.5921428571432,12.053014768132451,MONITOR
2025-02-26,14,2111.7900000000004,12.055126372452865,MONITOR
2025-02-27,14,2072.2857142857147,11.896613459132682,MONITOR
2025-02-28,14,2089.448571428572,12.061498208295859,MONITOR
2025-03-01,14,1993.9321428571425,11.560037401198917,MONITOR
2025-03-02,14,1865.8871428571433,11.030498995587072,MONITOR
2025-03-03,14,1738.205714285714,10.472409787179012,MONITOR
2025-03-04,14,1797.2671428571427,10.836355007343963,MONITOR
2025-03-05,14,1833.5392857142856,10.988950538538651,MONITOR
2025-03-06,14,1757.6242857142856,10.445956683907962,MONITOR
2025-03-07,14,1934.5035714285711,11.422528340749126,MONITOR
2025-03-08,14,1867.9507142857142,11.034931932860339,MONITOR
2025-03-09,14,1777.55,10.424968582495922,MONITOR
2025-03-10,14,1718.3728571428571,9.782830628450336,HEALTHY
2025-03-11,14,1783.8307142857143,10.010022997661112,MONITOR
2025-03-12,14,1717.9221428571425,9.509130752836082,HEALTHY
2025-03-13,14,1714.2892857142856,9.475191178362719,HEALTHY
2025-03-14,14,1955.033571428571,10.884497580099994,MONITOR
2025-03-15,14,2050.3135714285713,11.35991725229561,MONITOR
2025-03-16,14,2196.110714285714,11.911531659583542,MONITOR
2025-03-17,14,2125.617857142857,11.25817985864139,MONITOR
2025-03-18,14,2183.702857142857,11.377011929699728,MONITOR
2025-03-19,14,2055.7521428571426,10.645154382040749,MONITOR
2025-03-20,14,2115.0099999999998,11.064420217593256,MONITOR
2025-03-21,14,2136.1428571428573,11.239435030664911,MONITOR
2025-03-22,14,2189.279285714286,11.401716653452045,MONITOR
2025-03-23,14,2076.1257142857144,10.736552178205336,MONITOR
2025-03-24,14,1782.5742857142857,9.235434138352327,HEALTHY
2025-03-25,14,1802.2628571428572,9.356579417830341,HEALTHY
2025-03-26,14,1799.1828571428575,9.320843897282796,HEALTHY
2025-03-27,14,1758.0942857142861,9.168166831126339,HEALTHY
2025-03-28,14,1702.036428571429,8.900701036602438,HEALTHY
2025-03-29,14,1972.1271428571433,10.479719133697992,MONITOR
2025-03-30,14,1924.9190714285717,10.354207829014667,MONITOR
2025-03-31,14,3262.6169285714286,19.0765742079518,RETRAIN
2025-04-01,14,3508.0040714285715,21.229334194136477,RETRAIN
2025-04-02,14,3850.047642857143,23.961365989541513,RETRAIN
2025-04-03,14,3911.3397857142854,24.63103604470055,RETRAIN
2025-04-04,14,3755.5654999999997,23.96602482200909,RETRAIN
2025-04-05,14,3919.3183571428567,26.05756219037521,RETRAIN
2025-04-06,14,4242.077857142856,29.275041991646667,RETRAIN
2025-04-07,14,5155.104285714285,36.55772255172725,RETRAIN
2025-04-08,14,5005.856428571429,36.416502186931254,RETRAIN
2025-04-09,14,5161.025,38.17766432734188,RETRAIN
2025-04-10,14,5545.844285714285,40.43560205057026,RETRAIN
2025-04-11,14,5543.788571428571,39.49706636737806,RETRAIN
2025-04-12,14,5691.627857142857,39.7348394717081,RETRAIN
2025-04-13,14,6046.803071428571,41.86114600560118,RETRAIN
2025-04-14,14,4849.4845,30.98995873378457,RETRAIN
2025-04-15,14,4844.4966428571415,30.141061759999594,RETRAIN
2025-04-16,14,4657.300214285714,28.23065824699857,RETRAIN
2025-04-17,14,4596.350928571428,27.432592909388383,RETRAIN
2025-04-18,14,4610.450214285714,27.203079607133844,RETRAIN
2025-04-19,14,4381.390214285713,25.086115367940337,RETRAIN
2025-04-20,14,4032.9371428571426,22.486740414490193,RETRAIN
2025-04-21,14,3088.384999999999,16.974890368135117,RETRAIN
2025-04-22,14,3084.962857142856,16.632831918723276,RETRAIN
2025-04-23,14,2940.957857142857,15.700248994401687,RETRAIN
2025-04-24,14,2623.1164285714285,14.048518680024241,MONITOR
2025-04-25,14,2413.0528571428563,12.935177121740695,MONITOR
2025-04-26,14,2057.9771428571426,11.147163498615507,MONITOR
2025-04-27,14,1640.230714285714,8.952082027274045,HEALTHY
2025-04-28,14,1449.2992857142856,7.880688656210294,HEALTHY
2025-04-29,14,1184.5942857142857,6.4964583546822325,HEALTHY
2025-04-30,14,1025.317142857143,5.615199520066546,HEALTHY
2025-05-01,14,920.7342857142856,5.030187297238394,HEALTHY
2025-05-02,14,924.9042857142857,5.058784075315627,HEALTHY
2025-05-03,14,954.2835714285715,5.257628714399065,HEALTHY
2025-05-04,14,1076.3542857142857,5.907238662209366,HEALTHY
2025-05-05,14,1108.1307142857142,6.11058307157728,HEALTHY
2025-05-06,14,1330.1142857142856,7.281228821929582,HEALTHY
2025-05-07,14,1443.0564285714283,7.799485621607088,HEALTHY
2025-05-08,14,1556.570714285714,8.341769400651708,HEALTHY
2025-05-09,14,1740.3942857142854,9.246231704976326,HEALTHY
2025-05-10,14,1797.9585714285713,9.412035598146923,HEALTHY
2025-05-11,14,1769.3685714285714,9.150741938221088,HEALTHY
2025-05-12,14,2004.7999999999997,10.28899188356934,MONITOR
2025-05-13,14,2174.792857142857,11.18259758911818,MONITOR
2025-05-14,14,2231.0349999999994,11.453245719859337,MONITOR
2025-05-15,14,2387.7392857142854,12.256878426334193,MONITOR
2025-05-16,14,2392.79,12.184152446573721,MONITOR
2025-05-17,14,2445.1228571428574,12.243431977364775,MONITOR
2025-05-18,14,2313.777857142857,11.527055952938793,MONITOR
2025-05-19,14,2344.9757142857147,11.614256511312204,MONITOR
2025-05-20,14,2205.8414285714284,11.0212340672405,MONITOR
2025-05-21,14,2062.015,10.360775082840195,MONITOR
2025-05-22,14,1902.6392857142855,9.671110465005667,HEALTHY
2025-05-23,14,1798.562857142857,9.242486864814586,HEALTHY
2025-05-24,14,1878.257857142857,9.761177606882043,HEALTHY
2025-05-25,14,1931.1964285714282,10.080937962079108,MONITOR
2025-05-26,14,1930.6585714285716,10.274452105587924,MONITOR
2025-05-27,14,1703.9278571428574,9.043448414090106,HEALTHY
2025-05-28,14,1711.7557142857145,9.143307266025381,HEALTHY
2025-05-29,14,1586.6000000000001,8.459919434924732,HEALTHY
2025-05-30,14,1699.4657142857145,9.222319478941037,HEALTHY
2025-05-31,14,1893.5128571428572,10.624787703081104,MONITOR
2025-06-01,14,1996.3642857142856,11.366114751841664,MONITOR
2025-06-02,14,1911.009285714286,11.007200436632465,MONITOR
2025-06-03,14,1945.951428571429,11.153440894151313,MONITOR
2025-06-04,14,1942.5378571428575,11.213300401493893,MONITOR
2025-06-05,14,1947.4178571428577,11.223310991285546,MONITOR
2025-06-06,14,2247.392857142858,13.437325352353167,MONITOR
2025-06-07,14,2013.9078571428577,12.194361480316859,MONITOR
2025-06-08,14,2102.287857142858,12.675216428496988,MONITOR
2025-06-09,14,2084.7278571428574,12.373046841466081,MONITOR
2025-06-10,14,2159.183571428571,12.80644133042131,MONITOR
2025-06-11,14,2248.8728571428574,13.150624303607383,MONITOR
2025-06-12,14,2368.9114285714286,13.733655268720074,MONITOR
2025-06-13,14,2897.508571428571,16.52246364131945,RETRAIN
2025-06-14,14,2950.411428571428,16.425582287213388,RETRAIN
2025-06-15,14,2959.221428571429,16.41802377546345,RETRAIN
2025-06-16,14,2947.560714285714,16.176676163530455,RETRAIN
2025-06-17,14,2956.028571428571,16.205663641435063,RETRAIN
2025-06-18,14,3090.7371428571423,16.871505582996075,RETRAIN
2025-06-19,14,3151.470714285714,17.12141020790283,RETRAIN
2025-06-20,14,2746.912857142856,14.382497869372044,MONITOR
2025-06-21,14,2749.8992857142844,14.08219172871013,MONITOR
2025-06-22,14,2596.001428571428,13.432185352229148,MONITOR
2025-06-23,14,2438.007857142856,12.589400704483356,MONITOR
2025-06-24,14,2337.272857142856,11.994654318040652,MONITOR
2025-06-25,14,2343.9578571428565,12.26957996160901,MONITOR
2025-06-26,14,2551.894285714285,13.714934065932374,MONITOR
2025-06-27,14,1968.6264285714278,10.676214303132097,MONITOR
2025-06-28,14,1763.0835714285708,9.589758676043528,HEALTHY
2025-06-29,14,1626.4885714285706,8.877780744293162,HEALTHY
2025-06-30,14,1907.7192857142852,10.552422700782545,MONITOR
2025-07-01,14,1805.5592857142854,10.041282828389157,MONITOR
2025-07-02,14,1959.6249999999998,10.856539075547083,MONITOR
2025-07-03,14,2411.891428571428,13.24692680060861,MONITOR
2025-07-04,14,2542.182857142857,13.946316343638255,MONITOR
2025-07-05,14,2651.3828571428567,14.501707730543622,MONITOR
2025-07-06,14,2952.1885714285713,15.847546889109148,RETRAIN
2025-07-07,14,3357.387142857143,17.866537854500486,RETRAIN
2025-07-08,14,3490.7928571428565,18.463305035533033,RETRAIN
2025-07-09,14,3287.4514285714286,17.086975978976604,RETRAIN
2025-07-10,14,3067.9092857142855,15.639788475000884,RETRAIN
2025-07-11,14,3050.6749999999997,15.332779082072026,RETRAIN
2025-07-12,14,3006.4842857142858,15.035792668084651,RETRAIN
2025-07-13,14,3086.5,15.233750695303621,RETRAIN
2025-07-14,14,2876.2964285714284,13.93963793701189,MONITOR
2025-07-15,14,2943.240714285714,14.230814871832983,MONITOR
2025-07-16,14,2745.270714285714,13.321400596572136,MONITOR
2025-07-17,14,2306.5499999999997,11.226387108071876,MONITOR
2025-07-18,14,2345.057857142857,11.456698847110443,MONITOR
2025-07-19,14,2205.3149999999996,10.795430566187534,MONITOR
2025-07-20,14,1852.620714285714,9.107838027927407,HEALTHY
2025-07-21,14,1445.322857142857,7.117482686273091,HEALTHY
2025-07-22,14,1463.7214285714283,7.184514340840502,HEALTHY
2025-07-23,14,1617.248571428571,7.907293739729089,HEALTHY
2025-07-24,14,1448.6699999999998,7.046398383691212,HEALTHY
2025-07-25,14,1405.0185714285712,6.874388822664115,HEALTHY
2025-07-26,14,1440.2399999999998,7.072975293927685,HEALTHY
2025-07-27,14,1876.2192857142854,9.457074565631713,HEALTHY
2025-07-28,14,2440.9814285714283,12.686837979263208,MONITOR
2025-07-29,14,2776.7114285714283,14.63648622160568,MONITOR
2025-07-30,14,3077.09,16.411043511536022,RETRAIN
2025-07-31,14,2993.137857142857,15.996236541612765,RETRAIN
2025-08-01,14,2856.8621428571428,15.25512740884967,RETRAIN
2025-08-02,14,2824.777857142857,15.206707904503133,RETRAIN
2025-08-03,14,3030.343571428571,16.597186379941636,RETRAIN
2025-08-04,14,3311.9514285714286,18.46051580237037,RETRAIN
2025-08-05,14,3550.511428571429,19.823978853214417,RETRAIN
2025-08-06,14,3730.2871428571425,20.875842469475625,RETRAIN
2025-08-07,14,3826.5107142857146,21.3262840669326,RETRAIN
2025-08-08,14,3868.4385714285713,21.490921162832098,RETRAIN
2025-08-09,14,3852.98,21.29560812024521,RETRAIN
2025-08-10,14,3458.836428571429,18.764835950082077,RETRAIN
2025-08-11,14,2925.637142857143,15.472915733661635,RETRAIN
2025-08-12,14,2685.3857142857146,14.046502751321748,MONITOR
2025-08-13,14,2319.372142857143,11.881794636669213,MONITOR
2025-08-14,14,2487.7607142857146,12.806492610260712,MONITOR
2025-08-15,14,2454.1664285714287,12.57449865075586,MONITOR
2025-08-16,14,2476.2485714285713,12.585765136544602,MONITOR
2025-08-17,14,2275.6528571428566,11.493697127926785,MONITOR
2025-08-18,14,2257.3085714285708,11.515865274121786,MONITOR
2025-08-19,14,2263.7421428571424,11.948786889945719,MONITOR
2025-08-20,14,2179.6557142857137,11.652976075777387,MONITOR
2025-08-21,14,2305.418571428571,12.304840517122733,MONITOR
2025-08-22,14,2264.723571428571,12.156798826547432,MONITOR
2025-08-23,14,2422.043571428571,13.162180195110244,MONITOR
2025-08-24,14,2359.581428571428,12.876373307688278,MONITOR
2025-08-25,14,2290.9907142857132,12.686220100205482,MONITOR
2025-08-26,14,2651.8228571428563,14.56758690802521,MONITOR
2025-08-27,14,2714.6014285714277,15.059614873745359,RETRAIN
2025-08-28,14,2617.463571428571,14.418113321219769,MONITOR
2025-08-29,14,2609.741428571428,14.45429663503549,MONITOR
2025-08-30,14,2775.4535714285707,15.425099462730552,RETRAIN
2025-08-31,14,2770.4278571428576,15.458700774501596,RETRAIN
2025-09-01,14,2957.4935714285716,15.98888464070923,RETRAIN
2025-09-02,14,2647.990714285714,13.788121004129234,MONITOR
2025-09-03,14,2448.1135714285715,12.628094770427268,MONITOR
2025-09-04,14,2274.022142857143,11.757857127398369,MONITOR
2025-09-05,14,2349.0985714285716,12.062875734045402,MONITOR
2025-09-06,14,2124.052857142857,10.765733958890806,MONITOR
2025-09-07,14,2240.824285714286,11.252941107895774,MONITOR
2025-09-08,14,2661.53,13.34395078841086,MONITOR
2025-09-09,14,2198.1528571428576,11.015673871673535,MONITOR
2025-09-10,14,2215.3078571428573,10.992280316437274,MONITOR
2025-09-11,14,2236.4728571428573,11.134296731417844,MONITOR
2025-09-12,14,2618.8650000000002,13.201729081412807,MONITOR
2025-09-13,14,2552.775714285715,12.931760534076314,MONITOR
2025-09-14,14,2996.604285714286,15.382973802920057,RETRAIN
2025-09-15,14,2697.5135714285716,14.03984209430191,MONITOR
2025-09-16,14,2575.6671428571435,13.491656795302456,MONITOR
2025-09-17,14,2650.784285714286,13.911337451870143,MONITOR
2025-09-18,14,2683.507142857143,14.24124203284442,MONITOR
2025-09-19,14,2688.199285714286,14.45357907716868,MONITOR
2025-09-20,14,2668.839285714286,14.482263933623004,MONITOR
2025-09-21,14,2625.8678571428577,14.48754108865376,MONITOR
2025-09-22,14,2277.32,12.508057222186,MONITOR
2025-09-23,14,2627.1957142857145,14.814049558483347,MONITOR
2025-09-24,14,2952.6728571428575,17.231459455646984,RETRAIN
2025-09-25,14,2907.7228571428577,16.9797477437916,RETRAIN
2025-09-26,14,2555.69,14.830791004314401,MONITOR
2025-09-27,14,2506.456428571429,14.488705500370083,MONITOR
2025-09-28,14,2233.612142857143,12.679605034461582,MONITOR
2025-09-29,14,2150.5157142857147,12.208775964292421,MONITOR
2025-09-30,14,2634.9692857142863,14.940499143229946,MONITOR
2025-10-01,14,3050.587142857143,17.174285608812582,RETRAIN
2025-10-02,14,2965.460714285714,16.618728290380265,RETRAIN
2025-10-03,14,2829.997857142858,15.925208059865644,RETRAIN
2025-10-04,14,2830.709285714286,15.869961553618722,RETRAIN
2025-10-05,14,2758.7385714285724,15.37814180152816,RETRAIN
2025-10-06,14,2749.8257142857146,15.32193871345506,RETRAIN
2025-10-07,14,2300.511428571429,12.465883681307691,MONITOR
2025-10-08,14,1984.866428571429,10.504044745176614,MONITOR
2025-10-09,14,2142.8057142857147,11.481046537816894,MONITOR
2025-10-10,14,2353.448571428572,12.450601690203566,MONITOR
2025-10-11,14,2266.0257142857145,12.010070566881845,MONITOR
2025-10-12,14,2116.6635714285717,11.246405952077337,MONITOR
2025-10-13,14,2052.1299999999997,11.016036120861665,MONITOR
2025-10-14,14,2005.7342857142855,11.01825515976252,MONITOR
2025-10-15,14,1451.342857142857,8.036659774850278,HEALTHY
2025-10-16,14,1655.4435714285707,9.181211772697818,HEALTHY
2025-10-17,14,1920.964285714285,10.669837763001173,MONITOR
2025-10-18,14,2055.2778571428566,11.523974797266336,MONITOR
2025-10-19,14,2052.3657142857132,11.448487162830249,MONITOR
2025-10-20,14,2347.2271428571416,12.841309235055117,MONITOR
2025-10-21,14,2824.804285714284,15.409592553444298,RETRAIN
2025-10-22,14,2876.560714285713,15.55245481923988,RETRAIN
2025-10-23,14,2803.384285714285,14.859225094011219,MONITOR
2025-10-24,14,2615.8499999999995,14.024751137728583,MONITOR
2025-10-25,14,2853.6964285714275,15.232612391452369,RETRAIN
2025-10-26,14,2937.62357142857,15.534589306344127,RETRAIN
2025-10-27,14,2885.5528571428563,14.9160937557,MONITOR
2025-10-28,14,2481.3121428571426,12.530476385328276,MONITOR
2025-10-29,14,2583.362857142857,13.004881485292474,MONITOR
2025-10-30,14,2400.0635714285713,11.998552784324335,MONITOR
2025-10-31,14,2394.652857142857,11.76173246771554,MONITOR
2025-11-01,14,2337.2507142857144,11.286144434321567,MONITOR
2025-11-02,14,2429.895,11.583196516092451,MONITOR
2025-11-03,14,2321.5321428571433,11.224734896541054,MONITOR
2025-11-04,14,1999.8428571428574,9.769837346644248,HEALTHY
2025-11-05,14,1930.6257142857144,9.538540045884494,HEALTHY
2025-11-06,14,1975.5878571428573,9.873902975233767,HEALTHY
2025-11-07,14,2211.9357142857143,11.070174282738709,MONITOR
2025-11-08,14,2279.128571428572,11.525892855917274,MONITOR
2025-11-09,14,2498.4885714285715,12.742614976223926,MONITOR
2025-11-10,14,2535.342142857143,13.174828390302974,MONITOR
2025-11-11,14,2671.5950000000003,13.882172270217689,MONITOR
2025-11-12,14,2570.785714285714,13.423870641493995,MONITOR
2025-11-13,14,2698.187142857143,14.130397782086915,MONITOR
2025-11-14,14,2570.6171428571433,13.572277295082833,MONITOR
2025-11-15,14,2600.3364285714283,13.858945532368386,MONITOR
2025-11-16,14,2515.781428571428,13.590240415046132,MONITOR
2025-11-17,14,2361.0442857142853,12.899835092513037,MONITOR
2025-11-18,14,2445.765,13.424152796309876,MONITOR
2025-11-19,14,2424.371428571428,13.228967717860806,MONITOR
2025-11-20,14,2292.617142857143,12.458489672694023,MONITOR
2025-11-21,14,2130.4900000000002,11.38967476668661,MONITOR
2025-11-22,14,1831.3192857142858,9.713920841369708,HEALTHY
2025-11-23,14,1579.7900000000004,8.379578692127,HEALTHY
2025-11-24,14,1883.308571428572,9.88483849286198,HEALTHY
2025-11-25,14,1833.311428571429,9.690454247357968,HEALTHY
2025-11-26,14,1850.8842857142863,9.719293865697175,HEALTHY
2025-11-27,14,1833.3785714285718,9.734836425786995,HEALTHY
2025-11-28,14,1853.098571428572,9.853744886661948,HEALTHY
2025-11-29,14,1809.927142857143,9.571302463444198,HEALTHY
2025-11-30,14,1930.794285714286,10.145449618463578,MONITOR
2025-12-01,14,2066.563571428572,10.82253404396041,MONITOR
2025-12-02,14,2020.7600000000004,10.631634850650142,MONITOR
2025-12-03,14,2025.1085714285716,10.687869861521285,MONITOR
2025-12-04,14,2237.691428571429,11.714433535092281,MONITOR
2025-12-05,14,2118.032142857143,11.173881910908298,MONITOR
2025-12-06,14,2148.9635714285714,11.256989574929001,MONITOR
2025-12-07,14,2145.332857142857,11.16496243087942,MONITOR
2025-12-08,14,2195.365714285714,11.358019526848222,MONITOR
2025-12-09,14,2386.0835714285713,12.279441239561102,MONITOR
2025-12-10,14,2482.6549999999997,12.751978010806091,MONITOR
2025-12-11,14,2496.398571428571,12.730677549735839,MONITOR
2025-12-12,14,2483.7799999999997,12.544242066730774,MONITOR
2025-12-13,14,2521.087142857143,12.622918004904005,MONITOR
2025-12-14,14,2569.0157142857142,12.752584079102839,MONITOR
2025-12-15,14,2470.16,12.133716118274945,MONITOR
2025-12-16,14,2495.2721428571426,11.932506881876966,MONITOR
2025-12-17,14,2535.837857142857,11.974093102772782,MONITOR
2025-12-18,14,2415.8864285714285,11.39661417982151,MONITOR
2025-12-19,14,2466.1764285714285,11.503000897712273,MONITOR
2025-12-20,14,2777.2557142857136,13.09199869960791,MONITOR
2025-12-21,14,3019.999285714285,14.283415116714748,MONITOR
2025-12-22,14,2776.6028571428574,13.151301692459857,MONITOR
2025-12-23,14,2634.520714285714,12.440366697693978,MONITOR
2025-12-24,14,2658.104285714285,12.563754874459207,MONITOR
2025-12-25,14,2723.645714285714,12.900958762413278,MONITOR
2025-12-26,14,2746.8628571428567,13.077275088662319,MONITOR
2025-12-27,14,2754.3171428571427,13.250652860395345,MONITOR
2025-12-28,14,2647.066428571428,12.844200547776257,MONITOR
2025-12-29,14,2487.2685714285712,11.955099301101491,MONITOR
2025-12-30,14,2409.818571428571,11.771930736058222,MONITOR
2025-12-31,14,2316.522857142857,11.425825839029455,MONITOR
2026-01-01,14,2377.395714285714,11.988021753496083,MONITOR
2026-01-02,14,2553.339285714286,13.167563136930575,MONITOR
2026-01-03,14,2212.708571428571,11.323314658357079,MONITOR
2026-01-04,14,2089.887857142857,10.724655785505343,MONITOR
2026-01-05,14,2039.6121428571423,10.509199064415089,MONITOR
2026-01-06,14,1978.6892857142852,10.340897815691976,MONITOR
2026-01-07,14,1905.2249999999997,9.936140179363587,HEALTHY
2026-01-08,14,1959.1457142857137,10.197134017649697,MONITOR
2026-01-09,14,1876.384285714285,9.844044471098893,HEALTHY
2026-01-10,14,2049.9592857142848,10.924093097655486,MONITOR
2026-01-11,14,2028.0678571428564,10.987750724171946,MONITOR
2026-01-12,14,2203.575,12.150108458742137,MONITOR
2026-01-13,14,2179.9378571428565,12.18753428091318,MONITOR
2026-01-14,14,2485.451428571428,14.104887986224712,MONITOR
2026-01-15,14,2378.790714285714,13.389660950357962,MONITOR
2026-01-16,14,2378.8671428571424,13.505391996166727,MONITOR
2026-01-17,14,2368.4228571428566,13.689491623949687,MONITOR
2026-01-18,14,2193.6699999999996,12.7777953447811,MONITOR
2026-01-19,14,2114.5664285714283,12.444406948034347,MONITOR
2026-01-20,14,2211.911428571428,12.96154922666454,MONITOR
2026-01-21,14,2166.1749999999997,12.984773453190298,MONITOR
2026-01-22,14,1933.78,11.702474017431044,MONITOR
2026-01-23,14,2179.8335714285713,13.116578364408857,MONITOR
2026-01-24,14,2099.72,12.465038114180045,MONITOR
2026-01-25,14,2248.678571428571,13.15610656640642,MONITOR
2026-01-26,14,2146.6199999999994,12.456887675669972,MONITOR
2026-01-27,14,2111.4107142857138,12.17605588840443,MONITOR
2026-01-28,14,2021.6599999999994,11.51150848248181,MONITOR
2026-01-29,14,1986.2785714285708,11.276434713311994,MONITOR
2026-01-30,14,1909.0592857142854,10.73348303358344,MONITOR
2026-01-31,14,1971.0471428571423,10.980772766233795,MONITOR
2026-02-01,14,2075.301428571428,11.47010279193468,MONITOR
2026-02-02,14,2128.9057142857137,11.753338528176764,MONITOR
2026-02-03,14,2021.3435714285704,11.159060724050015,MONITOR
2026-02-04,14,2016.2114285714276,10.956603219173905,MONITOR
2026-02-05,14,1990.0314285714278,10.768384368201497,MONITOR
2026-02-06,14,1822.212142857142,9.858270815299,HEALTHY
2026-02-07,14,1740.494999999999,9.374462232604204,HEALTHY
2026-02-08,14,1624.4464285714278,8.736660575555279,HEALTHY
2026-02-09,14,1713.7935714285709,9.163271113532264,HEALTHY
2026-02-10,14,1792.4664285714282,9.441118222545938,HEALTHY
2026-02-11,14,1548.1835714285712,8.14683599742348,HEALTHY
2026-02-12,14,1857.100714285714,9.577159194673769,HEALTHY
2026-02-13,14,1787.512857142857,9.183544542329376,HEALTHY
2026-02-14,14,1806.500714285714,9.251029405686245,HEALTHY
2026-02-15,14,1769.33,9.030954690934887,HEALTHY
2026-02-16,14,1801.225,9.048290680879374,HEALTHY
2026-02-17,14,1856.437142857143,9.315003803399922,HEALTHY
2026-02-18,14,1930.472142857143,9.743996037016688,HEALTHY
2026-02-19,14,2252.437142857143,11.331654828916344,MONITOR
2026-02-20,14,2169.725,10.920677288605084,MONITOR
2026-02-21,14,2163.482142857143,11.014589569600517,MONITOR
2026-02-22,14,2045.719285714286,10.443482265632097,MONITOR
2026-02-23,14,1939.4792857142857,9.886624659077484,HEALTHY
2026-02-24,14,1764.6121428571425,9.070702889453761,HEALTHY
2026-02-25,14,1855.6364285714283,9.538972541991322,HEALTHY
2026-02-26,14,1585.035714285714,8.34378350809951,HEALTHY
2026-02-27,14,1689.5057142857138,8.947330275169664,HEALTHY
2026-02-28,14,1733.7135714285712,9.187681022600827,HEALTHY
2026-03-01,14,1770.917857142857,9.309539498869409,HEALTHY
2026-03-02,14,1694.375,8.969485391928464,HEALTHY
2026-03-03,14,1676.9085714285713,8.814190907732824,HEALTHY
2026-03-04,14,1610.6928571428573,8.437120336226151,HEALTHY
2026-03-05,14,1484.6907142857142,7.744996506014372,HEALTHY
2026-03-06,14,1652.4442857142858,8.595908454854262,HEALTHY
2026-03-07,14,1551.937857142857,8.002405384838553,HEALTHY
2026-03-08,14,1530.5614285714285,7.839123224117673,HEALTHY
2026-03-09,14,1441.8092857142858,7.401019626405864,HEALTHY
2026-03-10,14,1524.952142857143,7.807157665871105,HEALTHY
2026-03-11,14,1422.1250000000002,7.294680737016021,HEALTHY
2026-03-12,14,1322.7714285714287,6.723501605793857,HEALTHY
2026-03-13,14,1127.0178571428573,5.656715109603843,HEALTHY
2026-03-14,14,1032.252142857143,5.16163456410343,HEALTHY
2026-03-15,14,943.9671428571427,4.7100564595615495,HEALTHY
2026-03-16,14,957.3664285714284,4.763998637672395,HEALTHY
2026-03-17,14,856.3171428571428,4.271690648020336,HEALTHY
2026-03-18,14,835.6421428571427,4.164621998912761,HEALTHY
2026-03-19,14,643.5379429285713,3.209404508516479,HEALTHY
2026-03-20,14,413.6900857857142,2.068586725145379,HEALTHY
2026-03-21,14,1784.6200857857143,9.584075021151696,HEALTHY
2026-03-22,14,2153.0965143571425,11.781011612781127,MONITOR
2026-03-23,14,2505.7108000714284,13.937875778789277,MONITOR
2026-03-24,14,2744.037228642857,15.511927869020367,RETRAIN
2026-03-25,14,3120.8936572142857,18.00893502816952,RETRAIN
2026-03-26,14,3592.185171571429,21.32521625434902,RETRAIN
2026-03-27,14,3976.4708858571425,24.235626868012847,RETRAIN
2026-03-28,14,5130.697314428571,31.702735148413318,RETRAIN
2026-03-29,14,5218.957314428572,33.275553404207514,RETRAIN
2026-03-30,14,5681.600171571429,38.35815001505231,RETRAIN
2026-03-31,14,5949.039457285714,40.21915004274784,RETRAIN
2026-04-01,14,6272.758742999999,44.57599848181484,RETRAIN
2026-04-02,14,6980.560085785714,48.83239440667106,RETRAIN
2026-04-03,14,6954.0536572142855,50.08606190033045,RETRAIN
2026-04-04,14,5597.634371500001,37.00191499778415,RETRAIN
2026-04-05,14,5292.260085785715,35.09685370757906,RETRAIN
2026-04-06,14,5486.032942928572,36.31108089823291,RETRAIN
2026-04-07,14,5321.566514357143,34.88985404102547,RETRAIN
2026-04-08,14,5623.758657214285,36.07030033836141,RETRAIN
2026-04-09,14,5418.992857142856,33.82905287445216,RETRAIN
2026-04-10,14,5290.970714285714,32.49646666858526,RETRAIN
2026-04-11,14,4181.100714285714,25.470351886970644,RETRAIN
2026-04-12,14,4242.130714285714,25.446282760468993,RETRAIN
2026-04-13,14,3792.1142857142854,21.936519638539295,RETRAIN
2026-04-14,14,3514.1492857142853,20.48726435972502,RETRAIN
2026-04-15,14,3338.9764285714286,18.899883642752076,RETRAIN
2026-04-16,14,2707.312142857143,15.66292533495799,RETRAIN
2026-04-17,14,2783.491428571429,15.776095269788296,RETRAIN
2026-04-18,14,2879.6800000000003,16.111182711003718,RETRAIN
2026-04-19,14,2978.855714285714,16.34189434950832,RETRAIN
2026-04-20,14,2584.212142857143,14.006924526854068,MONITOR
2026-04-21,14,2461.565,13.350307609524759,MONITOR
2026-04-22,14,2057.737142857143,11.09397561224044,MONITOR
2026-04-23,14,1812.296428571429,9.84308572317971,HEALTHY
2026-04-24,14,1543.4628571428573,8.345767251269374,HEALTHY
2026-04-25,14,1584.4507142857149,8.55240055303363,HEALTHY
2026-04-26,14,1446.432857142858,7.717227006190118,HEALTHY
2026-04-27,14,1502.200000000001,8.002375583964753,HEALTHY
2026-04-28,14,1546.4278571428583,8.223543282199591,HEALTHY
2026-04-29,14,1692.5228571428581,9.017763593624077,HEALTHY
2026-04-30,14,1784.177142857144,9.439169616933077,HEALTHY
2026-05-01,14,1723.315000000001,9.10695286256228,HEALTHY
2026-05-02,14,1585.257142857144,8.436674383508013,HEALTHY
2026-05-03,14,1627.260000000001,8.738914642792665,HEALTHY
2026-05-04,14,1723.210714285715,9.443319007250492,HEALTHY
2026-05-05,14,1808.7500000000007,9.940723882551348,HEALTHY
2026-05-06,14,1831.9942857142867,10.075602215335168,MONITOR
2026-05-07,14,2095.797857142858,11.609939627160118,MONITOR
2026-05-08,14,2123.9857142857154,11.770629982714846,MONITOR
2026-05-09,14,2085.565714285716,11.618611795322787,MONITOR
2026-05-10,14,2096.6064285714297,11.78396315782459,MONITOR
2026-05-11,14,2118.8064285714295,11.977922848281267,MONITOR
2026-05-12,14,2078.142857142858,11.810300129140403,MONITOR
2026-05-13,14,1969.060714285715,11.129524272927283,MONITOR
2026-05-14,14,2053.737142857143,11.638423874111806,MONITOR
2026-05-15,14,2080.358571428572,11.845673411937575,MONITOR
2026-05-16,14,2133.392857142858,12.250621359882754,MONITOR
2026-05-17,14,1940.9700000000007,11.096511907393863,MONITOR
2026-05-18,14,1888.8514285714293,10.590874374564207,MONITOR
2026-05-19,14,1804.7542857142864,10.124530244189877,MONITOR
2026-05-20,14,1690.1971428571433,9.491644917183226,HEALTHY
2026-05-21,14,1416.0000000000002,7.851243646261079,HEALTHY
2026-05-22,14,1483.3328571428574,8.294176619448823,HEALTHY
2026-05-23,14,1721.3042857142852,9.490998418000201,HEALTHY
2026-05-24,14,1800.2007142857144,9.9883296210878,HEALTHY
2026-05-25,14,1820.91,10.0864787974063,MONITOR
2026-05-26,14,1806.51,10.019782334497712,MONITOR
2026-05-27,14,2206.8849999999998,12.531495144330004,MONITOR
2026-05-28,14,2371.8214285714284,13.835132123418104,MONITOR
2026-05-29,14,2350.5014285714287,13.815543234496024,MONITOR
2026-05-30,14,2612.3728571428574,15.363524348517057,RETRAIN
2026-05-31,14,2596.2385714285715,15.385606543513827,RETRAIN
2026-06-01,14,2455.6457142857143,14.648494073159469,MONITOR
2026-06-02,14,2452.565714285715,14.648004467105716,MONITOR
2026-06-03,14,2698.3178571428575,16.283992796436394,RETRAIN
2026-06-04,14,3048.2421428571433,18.443780930597047,RETRAIN
2026-06-05,14,3020.392857142858,18.229891365617632,RETRAIN
2026-06-06,14,2831.443571428572,17.29687569201863,RETRAIN
2026-06-07,14,2759.7085714285718,16.78874044860306,RETRAIN
2026-06-08,14,2759.835,16.903427230398172,RETRAIN
2026-06-09,14,2747.4714285714285,16.87287110207511,RETRAIN
2026-06-10,14,2146.8185714285714,12.846703959365795,MONITOR
2026-06-11,14,1726.0014285714283,10.089213727565568,MONITOR
2026-06-12,14,1724.1614285714281,10.053197911632848,MONITOR
2026-06-13,14,1519.6399999999999,8.857658062447044,HEALTHY
2026-06-14,14,1583.703285714286,9.160463396736974,HEALTHY
2026-06-15,14,1717.1539999999998,9.91936213336796,HEALTHY
2026-06-16,14,1690.0439999999999,9.759532936588537,HEALTHY
2026-06-17,14,1261.7118571428568,7.288365314632411,HEALTHY
2026-06-18,14,1036.3832857142856,6.039885986280259,HEALTHY
2026-06-19,14,1127.319,6.5189670897131915,HEALTHY
2026-06-20,14,1061.9454285714287,6.162140787648771,HEALTHY
2026-06-21,14,1031.3221428571428,5.949364709158575,HEALTHY
2026-06-22,14,1016.9771428571429,5.752999039375457,HEALTHY
2026-06-23,14,1153.19,6.4676408480938665,HEALTHY
2026-06-24,14,1187.3871428571426,6.674308931376066,HEALTHY
2026-06-25,14,1256.1264285714283,7.094023904163896,HEALTHY
2026-06-26,14,1265.820714285714,7.068552807498015,HEALTHY
2026-06-27,14,1152.3264285714283,6.407903136010414,HEALTHY
2026-06-28,14,1167.573857142857,6.51166524198558,HEALTHY
2026-06-29,14,1244.1209999999999,6.982801192413028,HEALTHY
2026-06-30,14,1242.2838571428572,6.921085656999525,HEALTHY
2026-07-01,14,1326.1281428571426,7.368091989859335,HEALTHY
2026-07-02,14,1176.8317142857143,6.505887687061146,HEALTHY
2026-07-03,14,1140.0210000000002,6.332991612035702,HEALTHY
2026-07-04,14,1166.9802857142859,6.446201636395417,HEALTHY
2026-07-05,14,1141.3250000000003,6.331785973345835,HEALTHY
2026-07-06,14,1173.982142857143,6.542324519756182,HEALTHY
2026-07-07,14,1105.2407142857144,6.187599879282105,HEALTHY
2026-07-08,14,1107.2735714285716,6.182725677047196,HEALTHY
2026-07-09,14,1096.649285714286,6.0962260996123,HEALTHY
2026-07-10,14,1067.9685714285715,5.975354693217334,HEALTHY
2026-07-11,14,1119.8400000000001,6.255408429601121,HEALTHY
2026-07-12,14,1135.787142857143,6.3779788214146915,HEALTHY
2026-07-13,14,964.7714285714286,5.390369370084488,HEALTHY
2026-07-14,14,1007.5735714285714,5.636059034256586,HEALTHY
2026-07-15,14,955.762857142857,5.368407931086625,HEALTHY
2026-07-16,14,1024.6164285714283,5.70748271278458,HEALTHY
2026-07-17,14,1030.7685714285712,5.696813923590601,HEALTHY
2026-07-18,14,1123.6164285714283,6.168402566533045,HEALTHY
2026-07-19,14,1400.2464285714284,7.610734558207835,HEALTHY
2026-07-20,14,1522.3942857142854,8.180268405893685,HEALTHY
2026-07-21,14,2735.4664285714284,15.742144317900756,RETRAIN
2025-01-22,30,1006.3253333333337,5.16633029065605,HEALTHY
2025-01-23,30,1027.2587500000004,5.279505958602168,HEALTHY
2025-01-24,30,1021.1470588235298,5.239467777884356,HEALTHY
2025-01-25,30,1088.4094444444447,5.599275980502851,HEALTHY
2025-01-26,30,1065.749473684211,5.520072801179799,HEALTHY
2025-01-27,30,1132.2770000000005,5.919818680369126,HEALTHY
2025-01-28,30,1486.971428571429,7.91237119344907,HEALTHY
2025-01-29,30,1516.2345454545457,8.112063792319713,HEALTHY
2025-01-30,30,1512.2208695652175,8.108950130829115,HEALTHY
2025-01-31,30,1563.72375,8.411338055446196,HEALTHY
2025-02-01,30,1527.622,8.205848534937644,HEALTHY
2025-02-02,30,1555.6157692307693,8.346266679889943,HEALTHY
2025-02-03,30,1615.1385185185188,8.661614567631924,HEALTHY
2025-02-04,30,1731.2978571428573,9.314241028025533,HEALTHY
2025-02-05,30,1675.6624137931037,9.047122806202285,HEALTHY
2025-02-06,30,1649.6706666666666,8.905312804246872,HEALTHY
2025-02-07,30,1605.3266666666668,8.696192626378089,HEALTHY
2025-02-08,30,1626.7396666666668,8.831059745120271,HEALTHY
2025-02-09,30,1677.3133333333337,9.147718934002441,HEALTHY
2025-02-10,30,1784.4603333333332,9.823218144954252,HEALTHY
2025-02-11,30,1786.1286666666667,9.865702443200165,HEALTHY
2025-02-12,30,1791.6130000000003,9.879316717534266,HEALTHY
2025-02-13,30,1787.2043333333336,9.866814339728046,HEALTHY
2025-02-14,30,1774.9903333333336,9.795231096328887,HEALTHY
2025-02-15,30,1773.6996666666669,9.810162959058829,HEALTHY
2025-02-16,30,1847.4530000000002,10.20874631379823,MONITOR
2025-02-17,30,1959.7583333333334,10.86403872953052,MONITOR
2025-02-18,30,1909.9703333333337,10.59480667792347,MONITOR
2025-02-19,30,1975.3003333333336,10.995118241799643,MONITOR
2025-02-20,30,2047.0590000000004,11.456414347516967,MONITOR
2025-02-21,30,2031.3886666666667,11.353878897505417,MONITOR
2025-02-22,30,2030.6550000000002,11.375212455533347,MONITOR
2025-02-23,30,2127.3836666666666,12.012443407380898,MONITOR
2025-02-24,30,2260.9423333333334,12.9060593772267,MONITOR
2025-02-25,30,2286.197666666667,13.077682612293126,MONITOR
2025-02-26,30,2255.723,12.926797395534095,MONITOR
2025-02-27,30,1997.1913333333332,11.304971359897955,MONITOR
2025-02-28,30,1964.1363333333334,11.08248293280675,MONITOR
2025-03-01,30,1925.740666666667,10.855714625447328,MONITOR
2025-03-02,30,1861.9223333333334,10.542271307628722,MONITOR
2025-03-03,30,1899.5513333333336,10.849778279058619,MONITOR
2025-03-04,30,1865.7570000000003,10.699886871905044,MONITOR
2025-03-05,30,1856.2926666666672,10.670799058780032,MONITOR
2025-03-06,30,1732.1473333333336,9.904566676613594,HEALTHY
2025-03-07,30,1817.5126666666667,10.309122533310287,MONITOR
2025-03-08,30,1800.5660000000003,10.228229902260223,MONITOR
2025-03-09,30,1838.1356666666668,10.465639716634776,MONITOR
2025-03-10,30,1965.8413333333335,11.142486916629183,MONITOR
2025-03-11,30,1968.7423333333334,11.10731541126104,MONITOR
2025-03-12,30,1874.6470000000002,10.52288116365426,MONITOR
2025-03-13,30,1877.7103333333332,10.514210587330526,MONITOR
2025-03-14,30,1963.3183333333334,11.038853857596312,MONITOR
2025-03-15,30,1970.9183333333335,11.093219304397248,MONITOR
2025-03-16,30,2036.7873333333332,11.44752239239718,MONITOR
2025-03-17,30,2009.9163333333333,11.263356014965607,MONITOR
2025-03-18,30,1990.8646666666666,11.117385269365956,MONITOR
2025-03-19,30,1907.8613333333333,10.649584414603344,MONITOR
2025-03-20,30,1959.7973333333332,10.944442813570374,MONITOR
2025-03-21,30,1979.9206666666664,10.992407476816982,MONITOR
2025-03-22,30,1944.0996666666665,10.738326691390311,MONITOR
2025-03-23,30,1969.8643333333337,10.880791304164987,MONITOR
2025-03-24,30,1969.237,10.845587843829113,MONITOR
2025-03-25,30,1928.6490000000001,10.561831997025429,MONITOR
2025-03-26,30,1737.9019999999998,9.415174874432878,HEALTHY
2025-03-27,30,1697.3446666666666,9.172742502175225,HEALTHY
2025-03-28,30,1772.1,9.56114156969367,HEALTHY
2025-03-29,30,1924.1776666666667,10.446176872226044,MONITOR
2025-03-30,30,1960.0069,10.66157519254415,MONITOR
2025-03-31,30,2601.969233333333,14.636947753558506,MONITOR
2025-04-01,30,2757.1858999999995,15.555329777244697,RETRAIN
2025-04-02,30,2893.3875666666668,16.37693706879713,RETRAIN
2025-04-03,30,2946.3645666666666,16.76223031013649,RETRAIN
2025-04-04,30,2876.866233333333,16.40354266626502,RETRAIN
2025-04-05,30,2952.890233333333,17.097030264757922,RETRAIN
2025-04-06,30,3046.7323333333334,17.96120531262216,RETRAIN
2025-04-07,30,3503.2419999999997,20.805479172941755,RETRAIN
2025-04-08,30,3435.192,20.547461731484614,RETRAIN
2025-04-09,30,3344.473,20.183859049539908,RETRAIN
2025-04-10,30,3452.951,20.815374108268646,RETRAIN
2025-04-11,30,3557.504333333333,21.361651645305628,RETRAIN
2025-04-12,30,3780.269,22.68885478498295,RETRAIN
2025-04-13,30,3869.499333333333,23.111560920411716,RETRAIN
2025-04-14,30,3908.2489999999993,23.46356214180761,RETRAIN
2025-04-15,30,3993.099333333333,24.023298767362295,RETRAIN
2025-04-16,30,4074.839333333333,24.613611318493852,RETRAIN
2025-04-17,30,4072.267,24.77162705176543,RETRAIN
2025-04-18,30,4069.058666666666,24.75822628377386,RETRAIN
2025-04-19,30,4010.5343333333326,24.3042721522858,RETRAIN
2025-04-20,30,3931.903,23.883233231278314,RETRAIN
2025-04-21,30,3922.824666666666,23.96654091208765,RETRAIN
2025-04-22,30,3905.982666666666,23.88999545690515,RETRAIN
2025-04-23,30,3885.051999999999,23.828464680931834,RETRAIN
2025-04-24,30,3836.015999999999,23.514996130718334,RETRAIN
2025-04-25,30,3843.9769999999994,23.508582170966257,RETRAIN
2025-04-26,30,3920.2143333333324,24.00905918432746,RETRAIN
2025-04-27,30,3840.6566666666668,23.462570778337057,RETRAIN
2025-04-28,30,3664.2626666666665,22.26575611788462,RETRAIN
2025-04-29,30,3647.614433333333,22.16648722689283,RETRAIN
2025-04-30,30,3030.7661000000003,17.728827449688893,RETRAIN
2025-05-01,30,2864.874433333333,16.58889194624276,RETRAIN
2025-05-02,30,2703.991766666666,15.478771283303761,RETRAIN
2025-05-03,30,2630.5747666666666,14.979614048870896,MONITOR
2025-05-04,30,2681.604433333333,15.19039472717739,RETRAIN
2025-05-05,30,2610.9370999999996,14.658626554098875,MONITOR
2025-05-06,30,2547.066333333333,14.062397027278223,MONITOR
2025-05-07,30,2152.7629999999995,11.72663357197302,MONITOR
2025-05-08,30,2226.3493333333327,11.965640102503537,MONITOR
2025-05-09,30,2247.6826666666666,11.93879202133181,MONITOR
2025-05-10,30,2171.201,11.52305506873548,MONITOR
2025-05-11,30,2079.2606666666666,11.034920676703805,MONITOR
2025-05-12,30,1943.7429999999997,10.303242503271912,MONITOR
2025-05-13,30,1840.676333333333,9.795875741547624,HEALTHY
2025-05-14,30,1808.823,9.579159597954382,HEALTHY
2025-05-15,30,1718.3876666666665,9.11115302953403,HEALTHY
2025-05-16,30,1647.2203333333334,8.699368866959922,HEALTHY
2025-05-17,30,1626.6683333333333,8.53367857390486,HEALTHY
2025-05-18,30,1609.824,8.423412362881768,HEALTHY
2025-05-19,30,1660.6103333333333,8.701894897526207,HEALTHY
2025-05-20,30,1694.4216666666666,8.879152199931525,HEALTHY
2025-05-21,30,1673.7903333333336,8.738094660106533,HEALTHY
2025-05-22,30,1674.5983333333331,8.753024350813229,HEALTHY
2025-05-23,30,1714.5649999999998,8.945698563874588,HEALTHY
2025-05-24,30,1823.600333333333,9.543464587521726,HEALTHY
2025-05-25,30,1854.394333333333,9.720681398224482,HEALTHY
2025-05-26,30,1884.3276666666668,9.90767189288437,HEALTHY
2025-05-27,30,1870.4016666666664,9.827342819662361,HEALTHY
2025-05-28,30,1931.3026666666667,10.144827326221419,MONITOR
2025-05-29,30,1905.9903333333334,9.977511050655563,HEALTHY
2025-05-30,30,1961.8229999999999,10.318120977436864,MONITOR
2025-05-31,30,2080.6316666666667,11.045702495579741,MONITOR
2025-06-01,30,2109.838666666667,11.23701654742594,MONITOR
2025-06-02,30,2107.0823333333333,11.258719868204919,MONITOR
2025-06-03,30,2100.2336666666665,11.217986249738965,MONITOR
2025-06-04,30,2063.1803333333332,10.988050611838371,MONITOR
2025-06-05,30,1962.6733333333334,10.493274730161314,MONITOR
2025-06-06,30,2089.922,11.397218843930586,MONITOR
2025-06-07,30,2037.0243333333335,11.249665100494887,MONITOR
2025-06-08,30,2023.2780000000005,11.219929328039283,MONITOR
2025-06-09,30,2018.1533333333334,11.232497215928927,MONITOR
2025-06-10,30,2052.3153333333335,11.479992893044551,MONITOR
2025-06-11,30,2045.2033333333334,11.409926627425628,MONITOR
2025-06-12,30,1996.5790000000002,11.045080919004361,MONITOR
2025-06-13,30,2272.8439999999996,12.552451826498809,MONITOR
2025-06-14,30,2343.212,12.925976180550267,MONITOR
2025-06-15,30,2374.173333333333,13.173427758817363,MONITOR
2025-06-16,30,2341.5533333333337,13.082383748408574,MONITOR
2025-06-17,30,2399.950666666666,13.432198084667233,MONITOR
2025-06-18,30,2411.2023333333336,13.467886830910208,MONITOR
2025-06-19,30,2403.967,13.389760350262522,MONITOR
2025-06-20,30,2409.5409999999997,13.414414513219805,MONITOR
2025-06-21,30,2432.412333333333,13.483948164707996,MONITOR
2025-06-22,30,2395.4159999999997,13.329471023933845,MONITOR
2025-06-23,30,2279.3699999999994,12.645815670839184,MONITOR
2025-06-24,30,2241.8176666666664,12.433215943333936,MONITOR
2025-06-25,30,2238.076333333333,12.385032853342674,MONITOR
2025-06-26,30,2392.296666666666,13.314932706055634,MONITOR
2025-06-27,30,2392.716999999999,13.311245191650265,MONITOR
2025-06-28,30,2425.5709999999995,13.50870490946156,MONITOR
2025-06-29,30,2340.117333333333,13.020489532134762,MONITOR
2025-06-30,30,2348.1829999999995,13.032152628579574,MONITOR
2025-07-01,30,2310.908333333333,12.794427690373194,MONITOR
2025-07-02,30,2433.8896666666665,13.35485534190537,MONITOR
2025-07-03,30,2621.405666666666,14.317988953386433,MONITOR
2025-07-04,30,2689.3753333333325,14.628428488916361,MONITOR
2025-07-05,30,2760.929333333333,14.94485544600646,MONITOR
2025-07-06,30,2724.3206666666665,14.445572786061629,MONITOR
2025-07-07,30,2906.3269999999993,15.226718987503233,RETRAIN
2025-07-08,30,2889.786666666666,15.118744356102251,RETRAIN
2025-07-09,30,2799.3473333333327,14.59025790175871,MONITOR
2025-07-10,30,2816.3686666666663,14.628119737647987,MONITOR
2025-07-11,30,2766.8913333333326,14.351288172493867,MONITOR
2025-07-12,30,2723.105,14.155305734757057,MONITOR
2025-07-13,30,2428.313333333333,12.618648971705012,MONITOR
2025-07-14,30,2313.5959999999995,12.009229515791622,MONITOR
2025-07-15,30,2303.450666666666,11.93361291103482,MONITOR
2025-07-16,30,2339.4876666666664,12.097470637128536,MONITOR
2025-07-17,30,2318.3156666666664,11.959833774411807,MONITOR
2025-07-18,30,2341.391666666666,12.076666767589597,MONITOR
2025-07-19,30,2319.3899999999994,11.944822448535046,MONITOR
2025-07-20,30,2306.984333333333,11.867944496808253,MONITOR
2025-07-21,30,2297.5246666666662,11.812083550335728,MONITOR
2025-07-22,30,2361.389333333333,12.046474550359932,MONITOR
2025-07-23,30,2416.326333333333,12.269534474842853,MONITOR
2025-07-24,30,2401.6873333333333,12.158056342260059,MONITOR
2025-07-25,30,2328.7196666666664,11.700596619706573,MONITOR
2025-07-26,30,2204.3329999999996,10.990472938752525,MONITOR
2025-07-27,30,2385.1899999999996,11.987592197009048,MONITOR
2025-07-28,30,2629.9483333333333,13.374267305866363,MONITOR
2025-07-29,30,2840.2213333333334,14.486737074089753,MONITOR
2025-07-30,30,2885.194,14.681370796722481,MONITOR
2025-07-31,30,2872.519,14.562894999543047,MONITOR
2025-08-01,30,2760.1023333333333,14.00805145501125,MONITOR
2025-08-02,30,2512.0703333333336,12.823496439069535,MONITOR
2025-08-03,30,2534.7926666666667,13.030539708955668,MONITOR
2025-08-04,30,2605.7899999999995,13.50794884515614,MONITOR
2025-08-05,30,2640.6066666666666,13.705312240559614,MONITOR
2025-08-06,30,2590.346333333333,13.447138596163843,MONITOR
2025-08-07,30,2558.355666666666,13.252961285752916,MONITOR
2025-08-08,30,2599.8469999999998,13.453778067353852,MONITOR
2025-08-09,30,2570.699333333333,13.288063974185093,MONITOR
2025-08-10,30,2575.665333333333,13.40514111629024,MONITOR
2025-08-11,30,2592.2196666666664,13.531597238716229,MONITOR
2025-08-12,30,2653.034666666667,13.910469098267855,MONITOR
2025-08-13,30,2625.2960000000003,13.721716632765506,MONITOR
2025-08-14,30,2659.961666666667,13.8984110438714,MONITOR
2025-08-15,30,2624.2536666666665,13.671854655975704,MONITOR
2025-08-16,30,2591.263,13.507968266846573,MONITOR
2025-08-17,30,2502.403666666666,13.07409981466369,MONITOR
2025-08-18,30,2630.0536666666662,13.911880981755337,MONITOR
2025-08-19,30,2832.463333333333,15.215404480823173,RETRAIN
2025-08-20,30,2933.0349999999994,15.840881816207888,RETRAIN
2025-08-21,30,2951.1476666666663,15.917816110832222,RETRAIN
2025-08-22,30,2902.0019999999995,15.70908753126049,RETRAIN
2025-08-23,30,3024.940333333333,16.494480583468636,RETRAIN
2025-08-24,30,3021.1279999999997,16.574393407566085,RETRAIN
2025-08-25,30,2989.236666666666,16.531800383263327,RETRAIN
2025-08-26,30,3014.9829999999997,16.467333432665868,RETRAIN
2025-08-27,30,2752.985333333333,14.828404782093555,MONITOR
2025-08-28,30,2585.6459999999997,13.784775760139073,MONITOR
2025-08-29,30,2406.1576666666665,12.751070821922067,MONITOR
2025-08-30,30,2489.676999999999,13.209266022018015,MONITOR
2025-08-31,30,2462.067666666667,13.1211287427675,MONITOR
2025-09-01,30,2691.9876666666664,14.267196272506533,MONITOR
2025-09-02,30,2654.0319999999997,13.926406145147643,MONITOR
2025-09-03,30,2529.910666666667,13.183361940270316,MONITOR
2025-09-04,30,2355.452666666666,12.263282778344928,MONITOR
2025-09-05,30,2257.447333333333,11.743876966453817,MONITOR
2025-09-06,30,2230.46,11.63329850322322,MONITOR
2025-09-07,30,2261.5746666666664,11.828092145091631,MONITOR
2025-09-08,30,2433.2266666666665,12.842716310644512,MONITOR
2025-09-09,30,2426.6639999999998,12.75899115527534,MONITOR
2025-09-10,30,2421.4983333333334,12.647074020940483,MONITOR
2025-09-11,30,2376.1533333333336,12.369850130576966,MONITOR
2025-09-12,30,2545.921,13.386812017579786,MONITOR
2025-09-13,30,2520.0173333333328,13.266906133845177,MONITOR
2025-09-14,30,2715.2053333333333,14.48350825670012,MONITOR
2025-09-15,30,2795.2446666666665,14.985574184966023,MONITOR
2025-09-16,30,2794.038666666667,14.919840696326492,MONITOR
2025-09-17,30,2713.5326666666665,14.330801439256021,MONITOR
2025-09-18,30,2551.3430000000003,13.316206976844851,MONITOR
2025-09-19,30,2494.7676666666666,13.011926154084524,MONITOR
2025-09-20,30,2400.0563333333334,12.61226115981558,MONITOR
2025-09-21,30,2430.108666666667,12.867901838220252,MONITOR
2025-09-22,30,2365.6890000000003,12.546420832681667,MONITOR
2025-09-23,30,2551.550666666667,13.612826223404124,MONITOR
2025-09-24,30,2730.2833333333333,14.588176482303242,MONITOR
2025-09-25,30,2495.5733333333333,13.341222537205882,MONITOR
2025-09-26,30,2471.762333333333,13.254920982725244,MONITOR
2025-09-27,30,2468.2140000000004,13.272862795933502,MONITOR
2025-09-28,30,2539.6783333333337,13.697005403254147,MONITOR
2025-09-29,30,2503.607000000001,13.55042371566489,MONITOR
2025-09-30,30,2730.824666666667,14.686611719352797,MONITOR
2025-10-01,30,2756.9763333333335,14.828729571797442,MONITOR
2025-10-02,30,2699.4956666666667,14.572450350168525,MONITOR
2025-10-03,30,2672.9803333333334,14.512127424763776,MONITOR
2025-10-04,30,2659.843666666667,14.512544449553033,MONITOR
2025-10-05,30,2621.274,14.427200658852184,MONITOR
2025-10-06,30,2657.7163333333333,14.745815502243392,MONITOR
2025-10-07,30,2579.4046666666673,14.280074226282391,MONITOR
2025-10-08,30,2414.507,13.24758521006456,MONITOR
2025-10-09,30,2469.744666666667,13.642509091389169,MONITOR
2025-10-10,30,2536.2280000000005,14.040175650279597,MONITOR
2025-10-11,30,2482.005333333334,13.768075182478382,MONITOR
2025-10-12,30,2305.3176666666673,12.759479411178129,MONITOR
2025-10-13,30,2269.9723333333336,12.640879305083974,MONITOR
2025-10-14,30,2268.4186666666665,12.603459303673676,MONITOR
2025-10-15,30,2175.43,12.049920569330675,MONITOR
2025-10-16,30,2270.0579999999995,12.590472760912347,MONITOR
2025-10-17,30,2332.3976666666667,13.009513527708116,MONITOR
2025-10-18,30,2366.6699999999996,13.253233887179597,MONITOR
2025-10-19,30,2324.5516666666667,13.01874270844801,MONITOR
2025-10-20,30,2507.6306666666665,13.967198909432582,MONITOR
2025-10-21,30,2672.241666666667,14.715544926583576,MONITOR
2025-10-22,30,2694.1526666666664,14.67331431925761,MONITOR
2025-10-23,30,2551.966,13.697068092421159,MONITOR
2025-10-24,30,2379.044,12.6735768020265,MONITOR
2025-10-25,30,2456.792999999999,13.083123852878053,MONITOR
2025-10-26,30,2483.553333333333,13.17499721625475,MONITOR
2025-10-27,30,2446.8839999999996,12.938177501950776,MONITOR
2025-10-28,30,2384.0119999999997,12.535084081299775,MONITOR
2025-10-29,30,2377.425333333333,12.444968653048988,MONITOR
2025-10-30,30,2160.435333333333,11.290878047567835,MONITOR
2025-10-31,30,2026.2949999999994,10.586475359046606,MONITOR
2025-11-01,30,2073.505333333333,10.802729196012443,MONITOR
2025-11-02,30,2137.837,11.047043669085946,MONITOR
2025-11-03,30,2270.0146666666665,11.772982407370908,MONITOR
2025-11-04,30,2318.0903333333326,11.985941386790728,MONITOR
2025-11-05,30,2311.8593333333333,11.897728342552462,MONITOR
2025-11-06,30,2400.3349999999996,12.400638254432195,MONITOR
2025-11-07,30,2485.0096666666664,12.890432699278092,MONITOR
2025-11-08,30,2520.410333333333,13.061558153269221,MONITOR
2025-11-09,30,2551.238666666666,13.301882673806126,MONITOR
2025-11-10,30,2572.5649999999996,13.477644361832153,MONITOR
2025-11-11,30,2642.98,13.753645420115898,MONITOR
2025-11-12,30,2619.4646666666663,13.539217673688958,MONITOR
2025-11-13,30,2483.58,12.70358802696794,MONITOR
2025-11-14,30,2548.6229999999996,13.035350170352405,MONITOR
2025-11-15,30,2514.455333333333,12.870934254130653,MONITOR
2025-11-16,30,2415.4183333333335,12.33036958275998,MONITOR
2025-11-17,30,2412.7056666666667,12.372844496610803,MONITOR
2025-11-18,30,2501.6766666666667,12.844638412637007,MONITOR
2025-11-19,30,2347.86,12.06923010649863,MONITOR
2025-11-20,30,2151.981,11.098703085495927,MONITOR
2025-11-21,30,2136.8433333333332,11.028444186527492,MONITOR
2025-11-22,30,2066.78,10.714269791877738,MONITOR
2025-11-23,30,2067.744,10.728475316185467,MONITOR
2025-11-24,30,2119.7173333333335,11.019406792672019,MONITOR
2025-11-25,30,2127.634333333334,11.069577261109112,MONITOR
2025-11-26,30,2136.6193333333335,11.12452640314712,MONITOR
2025-11-27,30,2181.2110000000002,11.421146419280257,MONITOR
2025-11-28,30,2207.833,11.585024516581175,MONITOR
2025-11-29,30,2239.058333333334,11.768506387686692,MONITOR
2025-11-30,30,2198.951,11.592226466649649,MONITOR
2025-12-01,30,2286.3849999999998,12.196135891293078,MONITOR
2025-12-02,30,2310.7470000000003,12.452317473191444,MONITOR
2025-12-03,30,2209.529,11.851274597374386,MONITOR
2025-12-04,30,2262.977,12.06838186383751,MONITOR
2025-12-05,30,2224.2996666666663,11.84647201468736,MONITOR
2025-12-06,30,2147.688666666667,11.38662043919316,MONITOR
2025-12-07,30,2036.6626666666668,10.766950226282617,MONITOR
2025-12-08,30,2080.6279999999997,10.934299283289082,MONITOR
2025-12-09,30,2075.1786666666667,10.842947892321119,MONITOR
2025-12-10,30,2112.032,10.93673304538194,MONITOR
2025-12-11,30,2099.4526666666666,10.895994064114037,MONITOR
2025-12-12,30,2167.2303333333334,11.193992063182293,MONITOR
2025-12-13,30,2156.4116666666664,11.09533664282162,MONITOR
2025-12-14,30,2198.203666666667,11.254686564942986,MONITOR
2025-12-15,30,2225.636,11.41872586367126,MONITOR
2025-12-16,30,2301.176,11.694926538337807,MONITOR
2025-12-17,30,2291.0993333333336,11.463875422148128,MONITOR
2025-12-18,30,2249.033666666667,11.166137390519873,MONITOR
2025-12-19,30,2243.8086666666663,11.09211021547701,MONITOR
2025-12-20,30,2373.8533333333335,11.767205379765985,MONITOR
2025-12-21,30,2451.7669999999994,12.226080108780565,MONITOR
2025-12-22,30,2521.7603333333327,12.556547593854836,MONITOR
2025-12-23,30,2567.386333333333,12.695252019367917,MONITOR
2025-12-24,30,2473.603333333333,12.189184468804125,MONITOR
2025-12-25,30,2514.942,12.393992370972688,MONITOR
2025-12-26,30,2585.3536666666664,12.750806355572669,MONITOR
2025-12-27,30,2586.1829999999995,12.710549033764368,MONITOR
2025-12-28,30,2568.7219999999998,12.608552125013931,MONITOR
2025-12-29,30,2541.7286666666664,12.47443008704829,MONITOR
2025-12-30,30,2524.7206666666666,12.407351265553066,MONITOR
2025-12-31,30,2407.747,11.724639337746678,MONITOR
2026-01-01,30,2415.463666666667,11.767673003918738,MONITOR
2026-01-02,30,2490.316333333333,12.186052656797,MONITOR
2026-01-03,30,2362.1946666666668,11.591651368479926,MONITOR
2026-01-04,30,2438.633,12.011999424085964,MONITOR
2026-01-05,30,2470.729666666666,12.212258669671124,MONITOR
2026-01-06,30,2489.619333333333,12.333553923582198,MONITOR
2026-01-07,30,2338.204333333333,11.562946425031766,MONITOR
2026-01-08,30,2315.704333333333,11.469842613931144,MONITOR
2026-01-09,30,2302.4273333333326,11.462986627852642,MONITOR
2026-01-10,30,2377.844666666666,11.917253308978713,MONITOR
2026-01-11,30,2356.0563333333325,11.931636866647459,MONITOR
2026-01-12,30,2393.556333333333,12.262894769505353,MONITOR
2026-01-13,30,2343.1509999999994,12.144046369749784,MONITOR
2026-01-14,30,2414.8829999999994,12.539178827288177,MONITOR
2026-01-15,30,2361.105666666666,12.388868315546635,MONITOR
2026-01-16,30,2417.0633333333326,12.875330874992615,MONITOR
2026-01-17,30,2340.0449999999996,12.60820804421969,MONITOR
2026-01-18,30,2311.463333333333,12.625267416126713,MONITOR
2026-01-19,30,2161.474666666666,11.836158413810233,MONITOR
2026-01-20,30,2112.5116666666663,11.554783583790734,MONITOR
2026-01-21,30,2053.3379999999993,11.310641471658,MONITOR
2026-01-22,30,1988.6919999999996,11.037089309098294,MONITOR
2026-01-23,30,2079.234333333333,11.571862479953733,MONITOR
2026-01-24,30,2086.679333333333,11.61741407879513,MONITOR
2026-01-25,30,2123.5703333333327,11.84999851473033,MONITOR
2026-01-26,30,2109.9643333333324,11.813770030907618,MONITOR
2026-01-27,30,2093.178333333333,11.779670901897,MONITOR
2026-01-28,30,2197.5989999999997,12.384120240079373,MONITOR
2026-01-29,30,2163.4536666666663,12.20547926709064,MONITOR
2026-01-30,30,2226.913666666666,12.644614066629,MONITOR
2026-01-31,30,2150.4156666666663,12.161822242139037,MONITOR
2026-02-01,30,2088.3789999999995,11.79708338037627,MONITOR
2026-02-02,30,2122.3666666666663,12.062166752829508,MONITOR
2026-02-03,30,2080.524333333333,11.793075373809096,MONITOR
2026-02-04,30,2042.417666666666,11.549175667564548,MONITOR
2026-02-05,30,1993.9849999999992,11.25722656998702,MONITOR
2026-02-06,30,2040.4949999999994,11.563671812839088,MONITOR
2026-02-07,30,1984.6423333333328,11.238056398671782,MONITOR
2026-02-08,30,2005.9993333333327,11.33193132176986,MONITOR
2026-02-09,30,1953.0869999999995,10.953332283724693,MONITOR
2026-02-10,30,1983.2309999999995,11.008219956693829,MONITOR
2026-02-11,30,1891.7496666666661,10.422858391708724,MONITOR
2026-02-12,30,2012.7963333333328,10.922916096859291,MONITOR
2026-02-13,30,1901.2089999999994,10.29256675596437,MONITOR
2026-02-14,30,1883.3469999999995,10.178157720344121,MONITOR
2026-02-15,30,1803.928333333333,9.685313766074664,HEALTHY
2026-02-16,30,1857.674333333333,9.875330885567926,HEALTHY
2026-02-17,30,1923.149,10.158883438388662,MONITOR
2026-02-18,30,1956.5069999999998,10.297164634679062,MONITOR
2026-02-19,30,2012.8969999999997,10.580107416624825,MONITOR
2026-02-20,30,2042.1516666666662,10.673810282600456,MONITOR
2026-02-21,30,2091.8366666666666,10.943536793740826,MONITOR
2026-02-22,30,1943.4126666666664,10.181343632776894,MONITOR
2026-02-23,30,1878.3079999999998,9.821352675587804,HEALTHY
2026-02-24,30,1757.3333333333328,9.192019242006772,HEALTHY
2026-02-25,30,1755.9573333333328,9.152098932354265,HEALTHY
2026-02-26,30,1767.1546666666663,9.20390834473507,HEALTHY
2026-02-27,30,1746.203666666666,9.14817336145035,HEALTHY
2026-02-28,30,1765.483333333333,9.248336999206291,HEALTHY
2026-03-01,30,1739.4623333333332,9.058530850672183,HEALTHY
2026-03-02,30,1728.5606666666665,8.979471091957654,HEALTHY
2026-03-03,30,1737.2323333333334,8.970699702242205,HEALTHY
2026-03-04,30,1714.6743333333334,8.812842295971578,HEALTHY
2026-03-05,30,1762.459,9.0299236857633,HEALTHY
2026-03-06,30,1872.3936666666666,9.594207970106252,HEALTHY
2026-03-07,30,1887.3930000000003,9.658672090909148,HEALTHY
2026-03-08,30,1807.3090000000002,9.2334147918129,HEALTHY
2026-03-09,30,1738.9213333333332,8.893972926149049,HEALTHY
2026-03-10,30,1710.9026666666666,8.7485688381601,HEALTHY
2026-03-11,30,1619.8453333333334,8.283015036045208,HEALTHY
2026-03-12,30,1547.9636666666665,7.929669827538439,HEALTHY
2026-03-13,30,1549.6596666666665,7.939905048280697,HEALTHY
2026-03-14,30,1380.554,7.126067952172923,HEALTHY
2026-03-15,30,1345.8076666666666,6.911555937919537,HEALTHY
2026-03-16,30,1332.298,6.826925870582956,HEALTHY
2026-03-17,30,1311.1596666666667,6.697201824842729,HEALTHY
2026-03-18,30,1264.069,6.4722853504882325,HEALTHY
2026-03-19,30,1196.4393733666666,6.112090908722964,HEALTHY
2026-03-20,30,1164.5620400333335,5.9407235505354725,HEALTHY
2026-03-21,30,1669.0783733666665,8.805732502786137,HEALTHY
2026-03-22,30,1799.5490400333333,9.556508329907262,HEALTHY
2026-03-23,30,1898.6280400333333,10.112517554043398,MONITOR
2026-03-24,30,2036.7843733666664,10.909194164218441,MONITOR
2026-03-25,30,2171.1720400333334,11.74322228534528,MONITOR
2026-03-26,30,2400.831080066667,13.11676053944178,MONITOR
2026-03-27,30,2539.3824134,14.03280256793225,MONITOR
2026-03-28,30,3035.1960800666666,16.805588913893832,RETRAIN
2026-03-29,30,2992.885080066667,16.646462140011483,RETRAIN
2026-03-30,30,3174.6450800666667,18.0156378058938,RETRAIN
2026-03-31,30,3260.9497467333335,18.524722758664414,RETRAIN
2026-04-01,30,3400.648080066667,19.677500583012932,RETRAIN
2026-04-02,30,3671.4767467333336,21.139864036121892,RETRAIN
2026-04-03,30,3658.1304134,21.30113381038746,RETRAIN
2026-04-04,30,3588.4520800666664,21.024052526618107,RETRAIN
2026-04-05,30,3498.1297467333334,20.703321448603702,RETRAIN
2026-04-06,30,3734.5390800666664,22.262026795230437,RETRAIN
2026-04-07,30,3805.9200800666663,22.82182960999892,RETRAIN
2026-04-08,30,4122.7484134,24.726596320754926,RETRAIN
2026-04-09,30,4218.050080066667,25.31284458145781,RETRAIN
2026-04-10,30,4344.843746733333,26.179554799320528,RETRAIN
2026-04-11,30,4369.083080066667,26.41509358100133,RETRAIN
2026-04-12,30,4446.604413399999,27.0126064937471,RETRAIN
2026-04-13,30,4462.580746733333,27.283880790280268,RETRAIN
2026-04-14,30,4460.368080066666,27.43966915010374,RETRAIN
2026-04-15,30,4512.0660800666665,27.941464823142464,RETRAIN
2026-04-16,30,4535.2744133999995,28.206445433416572,RETRAIN
2026-04-17,30,4567.126746733334,28.467395454174728,RETRAIN
2026-04-18,30,4631.9850400333335,28.856133085222947,RETRAIN
2026-04-19,30,4695.207040033333,29.216662939848252,RETRAIN
2026-04-20,30,4107.682040033334,24.60351585601117,RETRAIN
2026-04-21,30,3949.872040033333,23.577957131457776,RETRAIN
2026-04-22,30,3913.6940400333333,23.103839333195708,RETRAIN
2026-04-23,30,3783.2377067,22.25353134254811,RETRAIN
2026-04-24,30,3608.709373366667,21.054746945396115,RETRAIN
2026-04-25,30,3432.1403333333337,19.810503809229417,RETRAIN
2026-04-26,30,3265.92,18.6081100414636,RETRAIN
2026-04-27,30,2769.282,15.766884605312248,RETRAIN
2026-04-28,30,2746.5210000000006,15.506933679612999,RETRAIN
2026-04-29,30,2650.4966666666674,14.729251600626073,MONITOR
2026-04-30,30,2591.6720000000005,14.400584808860833,MONITOR
2026-05-01,30,2444.0530000000003,13.350252390225098,MONITOR
2026-05-02,30,2114.1770000000006,11.648535047538742,MONITOR
2026-05-03,30,2209.370000000001,12.08578188067582,MONITOR
2026-05-04,30,2299.617666666667,12.669024623349717,MONITOR
2026-05-05,30,2324.234000000001,12.76582773059873,MONITOR
2026-05-06,30,2208.4760000000006,12.019478896999868,MONITOR
2026-05-07,30,2277.879000000001,12.442702308848395,MONITOR
2026-05-08,30,1975.4820000000007,10.804015881911335,MONITOR
2026-05-09,30,1876.5410000000006,10.295843722986465,MONITOR
2026-05-10,30,1775.2166666666674,9.72407750902207,HEALTHY
2026-05-11,30,1806.8780000000008,9.950695116109202,HEALTHY
2026-05-12,30,1736.6600000000008,9.571919342178438,HEALTHY
2026-05-13,30,1799.7383333333341,9.897374237136049,HEALTHY
2026-05-14,30,1910.1463333333343,10.47964035020312,MONITOR
2026-05-15,30,1856.6980000000008,10.16899915898137,MONITOR
2026-05-16,30,1846.3480000000006,10.139051993904978,MONITOR
2026-05-17,30,1816.1933333333338,9.973715796089174,HEALTHY
2026-05-18,30,1837.2310000000007,10.131831998471615,MONITOR
2026-05-19,30,1776.3200000000006,9.858190830626059,HEALTHY
2026-05-20,30,1791.2690000000007,9.910536217072224,HEALTHY
2026-05-21,30,1789.9486666666674,9.878889800233924,HEALTHY
2026-05-22,30,1707.4266666666672,9.499036304789799,HEALTHY
2026-05-23,30,1834.0780000000004,10.134404260880817,MONITOR
2026-05-24,30,1895.0276666666673,10.506844633444555,MONITOR
2026-05-25,30,1917.2256666666674,10.6884336179778,MONITOR
2026-05-26,30,1904.6960000000006,10.694337010913335,MONITOR
2026-05-27,30,2128.5913333333338,12.065410442814157,MONITOR
2026-05-28,30,2295.3300000000004,13.152333079441622,MONITOR
2026-05-29,30,2163.754666666667,12.407369260919577,MONITOR
2026-05-30,30,2232.839333333334,12.888349844268518,MONITOR
2026-05-31,30,2223.557666666667,12.887365109029925,MONITOR
2026-06-01,30,2243.4123333333337,13.052454026095187,MONITOR
2026-06-02,30,2161.462666666667,12.608755677392283,MONITOR
2026-06-03,30,2246.3190000000004,12.99086566098463,MONITOR
2026-06-04,30,2368.3783333333336,13.658107934141144,MONITOR
2026-06-05,30,2262.012666666667,13.13483545381541,MONITOR
2026-06-06,30,2177.3793333333333,12.57686657878449,MONITOR
2026-06-07,30,2191.6983333333333,12.678875131795724,MONITOR
2026-06-08,30,2231.884666666667,12.991239404806734,MONITOR
2026-06-09,30,2208.433,12.910071874385157,MONITOR
2026-06-10,30,2141.663666666667,12.461970328909002,MONITOR
2026-06-11,30,2130.9973333333332,12.372357529260526,MONITOR
2026-06-12,30,2049.4683333333332,11.924937501966186,MONITOR
2026-06-13,30,1983.594,11.602791650878219,MONITOR
2026-06-14,30,1991.7852,11.630152651938582,MONITOR
2026-06-15,30,2049.1675333333337,11.955890335124117,MONITOR
2026-06-16,30,2044.3638666666668,11.9827067252827,MONITOR
2026-06-17,30,1953.6538666666665,11.460210812242611,MONITOR
2026-06-18,30,2009.8052,11.80198031213043,MONITOR
2026-06-19,30,1999.3362000000002,11.773634761558506,MONITOR
2026-06-20,30,2012.153866666667,11.879300672682252,MONITOR
2026-06-21,30,1980.7599999999998,11.631000103628853,MONITOR
2026-06-22,30,1903.1986666666667,11.217856249350753,MONITOR
2026-06-23,30,1906.4946666666667,11.203955926822683,MONITOR
2026-06-24,30,1846.0196666666668,10.818805773787833,MONITOR
2026-06-25,30,1874.1516666666669,10.977085877574405,MONITOR
2026-06-26,30,1610.3049999999998,9.294668366669809,HEALTHY
2026-06-27,30,1414.4963333333333,8.088583151915865,HEALTHY
2026-06-28,30,1439.7523333333331,8.201849096072717,HEALTHY
2026-06-29,30,1410.65,8.052165466740306,HEALTHY
2026-06-30,30,1412.5183333333334,8.042797475008513,HEALTHY
2026-07-01,30,1426.5456666666664,8.094632907958717,HEALTHY
2026-07-02,30,1414.4626666666668,8.0106708160828,HEALTHY
2026-07-03,30,1272.131,7.207852178005054,HEALTHY
2026-07-04,30,1134.2316666666668,6.417564317887107,HEALTHY
2026-07-05,30,1103.8616666666667,6.233011221940444,HEALTHY
2026-07-06,30,1129.7166666666667,6.382337052117052,HEALTHY
2026-07-07,30,1134.4096666666665,6.4159984771258145,HEALTHY
2026-07-08,30,1074.8243333333335,6.037875866584286,HEALTHY
2026-07-09,30,1103.7680000000003,6.176908059760479,HEALTHY
2026-07-10,30,1106.8416666666667,6.194812666171031,HEALTHY
2026-07-11,30,1131.621,6.336646096367879,HEALTHY
2026-07-12,30,1165.1776666666667,6.5236359260179535,HEALTHY
2026-07-13,30,1151.7113333333332,6.446719039833386,HEALTHY
2026-07-14,30,1143.6578,6.411607300565699,HEALTHY
2026-07-15,30,1071.2298,6.0002423107370255,HEALTHY
2026-07-16,30,1103.9298000000001,6.148756682997494,HEALTHY
2026-07-17,30,1164.3574666666668,6.463487069482027,HEALTHY
2026-07-18,30,1174.9404666666665,6.467447805143409,HEALTHY
2026-07-19,30,1231.2278,6.755419219567711,HEALTHY
2026-07-20,30,1344.5928,7.33013416154468,HEALTHY
2026-07-21,30,1929.677,10.901872281549654,MONITOR
