date,actual_fuel,forecast_fuel,lower_interval,upper_interval,model_name,residual,abs_error,pct_error,within_interval
2025-01-08,20620.13,17857.29,14122.709,21152.795000000002,PLACEHOLDER_SEASONAL_NAIVE_7,2762.84,2762.84,13.398751608258532,True
2025-01-09,18834.93,19771.52,16036.939,23067.025,PLACEHOLDER_SEASONAL_NAIVE_7,-936.5900000000001,936.5900000000001,-4.9726226749979965,True
2025-01-10,19492.57,20220.27,16485.689000000002,23515.775,PLACEHOLDER_SEASONAL_NAIVE_7,-727.7000000000007,727.7000000000007,-3.7332173233185815,True
2025-01-11,20592.75,20760.54,17025.959000000003,24056.045000000002,PLACEHOLDER_SEASONAL_NAIVE_7,-167.79000000000087,167.79000000000087,-0.8148013257092952,True
2025-01-12,19504.37,20136.47,16401.889000000003,23431.975000000002,PLACEHOLDER_SEASONAL_NAIVE_7,-632.1000000000022,632.1000000000022,-3.240812187217543,True
2025-01-13,17693.72,19470.48,15735.899,22765.985,PLACEHOLDER_SEASONAL_NAIVE_7,-1776.7599999999984,1776.7599999999984,-10.041754927737063,True
2025-01-14,20642.71,19132.48,15397.899,22427.985,PLACEHOLDER_SEASONAL_NAIVE_7,1510.2299999999996,1510.2299999999996,7.316045228557683,True
2025-01-15,19354.88,20620.13,16885.549000000003,23915.635000000002,PLACEHOLDER_SEASONAL_NAIVE_7,-1265.25,1265.25,-6.537111054163085,True
2025-01-16,20482.93,18834.93,15100.349,22130.435,PLACEHOLDER_SEASONAL_NAIVE_7,1648.0,1648.0,8.045723927192057,True
2025-01-17,19078.8,19492.57,15757.989,22788.075,PLACEHOLDER_SEASONAL_NAIVE_7,-413.77000000000044,413.77000000000044,-2.1687422689058033,True
2025-01-18,20801.18,20592.75,16858.169,23888.255,PLACEHOLDER_SEASONAL_NAIVE_7,208.4300000000003,208.4300000000003,1.0020104628679734,True
2025-01-19,17595.96,19504.37,15769.788999999999,22799.875,PLACEHOLDER_SEASONAL_NAIVE_7,-1908.4099999999999,1908.4099999999999,-10.845728223978686,True
2025-01-20,18104.81,17693.72,13959.139000000001,20989.225000000002,PLACEHOLDER_SEASONAL_NAIVE_7,411.09000000000015,411.09000000000015,2.2706120638659013,True
2025-01-21,20696.0,20642.71,16908.129,23938.215,PLACEHOLDER_SEASONAL_NAIVE_7,53.29000000000087,53.29000000000087,0.2574893699265601,True
2025-01-22,18682.25,19354.88,15620.299,22650.385000000002,PLACEHOLDER_SEASONAL_NAIVE_7,-672.630000000001,672.630000000001,-3.600369334528769,True
2025-01-23,19141.67,20482.93,16748.349000000002,23778.435,PLACEHOLDER_SEASONAL_NAIVE_7,-1341.260000000002,1341.260000000002,-7.007016629165596,True
2025-01-24,20002.16,19078.8,15344.219,22374.305,PLACEHOLDER_SEASONAL_NAIVE_7,923.3600000000006,923.3600000000006,4.616301439444543,True
2025-01-25,18569.31,20801.18,17066.599000000002,24096.685,PLACEHOLDER_SEASONAL_NAIVE_7,-2231.869999999999,2231.869999999999,-12.019132644131627,True
2025-01-26,16938.09,17595.96,13861.378999999999,20891.465,PLACEHOLDER_SEASONAL_NAIVE_7,-657.869999999999,657.869999999999,-3.8839680270915964,True
2025-01-27,15708.51,18104.81,14370.229000000001,21400.315000000002,PLACEHOLDER_SEASONAL_NAIVE_7,-2396.300000000001,2396.300000000001,-15.254788646408866,True
2025-01-28,12115.14,20696.0,16961.419,23991.505,PLACEHOLDER_SEASONAL_NAIVE_7,-8580.86,8580.86,-70.8275760742344,False
2025-01-29,16551.49,18682.25,14947.669,21977.755,PLACEHOLDER_SEASONAL_NAIVE_7,-2130.7599999999984,2130.7599999999984,-12.873523773388367,True
2025-01-30,17717.75,19141.67,15407.088999999998,22437.175,PLACEHOLDER_SEASONAL_NAIVE_7,-1423.9199999999983,1423.9199999999983,-8.03668637383414,True
2025-01-31,17253.87,20002.16,16267.579,23297.665,PLACEHOLDER_SEASONAL_NAIVE_7,-2748.290000000001,2748.290000000001,-15.928542408166985,True
2025-02-01,19230.489999999998,18569.31,14834.729000000001,21864.815000000002,PLACEHOLDER_SEASONAL_NAIVE_7,661.1799999999967,661.1799999999967,3.4381859224595774,True
2025-02-02,19193.55,16938.09,13203.509,20233.595,PLACEHOLDER_SEASONAL_NAIVE_7,2255.459999999999,2255.459999999999,11.75113514696343,True
2025-02-03,18871.24,15708.51,11973.929,19004.015000000003,PLACEHOLDER_SEASONAL_NAIVE_7,3162.7300000000014,3162.7300000000014,16.759524016439837,True
2025-02-04,16982.74,12115.14,8380.559,15410.645000000002,PLACEHOLDER_SEASONAL_NAIVE_7,4867.600000000002,4867.600000000002,28.662041578685194,False
2025-02-05,16669.36,16551.49,12816.909000000001,19846.995000000003,PLACEHOLDER_SEASONAL_NAIVE_7,117.86999999999898,117.86999999999898,0.7071057317137489,True
2025-02-06,18613.66,17717.75,13983.169,21013.255,PLACEHOLDER_SEASONAL_NAIVE_7,895.9099999999999,895.9099999999999,4.813185585210001,True
2025-02-07,18686.39,17253.87,13519.288999999999,20549.375,PLACEHOLDER_SEASONAL_NAIVE_7,1432.5200000000004,1432.5200000000004,7.666114214677101,True
2025-02-08,17651.51,19230.489999999998,15495.908999999998,22525.995,PLACEHOLDER_SEASONAL_NAIVE_7,-1578.9799999999996,1578.9799999999996,-8.945297031245483,True
2025-02-09,16948.64,19193.55,15458.969,22489.055,PLACEHOLDER_SEASONAL_NAIVE_7,-2244.91,2244.91,-13.245369539974888,True
2025-02-10,15489.039999999999,18871.24,15136.659000000001,22166.745000000003,PLACEHOLDER_SEASONAL_NAIVE_7,-3382.2000000000025,3382.2000000000025,-21.836085386828383,True
2025-02-11,17664.89,16982.74,13248.159000000001,20278.245000000003,PLACEHOLDER_SEASONAL_NAIVE_7,682.1499999999978,682.1499999999978,3.8616147623902433,True
2025-02-12,18610.65,16669.36,12934.779,19964.865,PLACEHOLDER_SEASONAL_NAIVE_7,1941.2900000000009,1941.2900000000009,10.43107038174379,True
2025-02-13,19991.63,18613.66,14879.079,21909.165,PLACEHOLDER_SEASONAL_NAIVE_7,1377.9700000000012,1377.9700000000012,6.892734609434053,True
2025-02-14,19585.22,18686.39,14951.809,21981.895,PLACEHOLDER_SEASONAL_NAIVE_7,898.8300000000017,898.8300000000017,4.58932807494632,True
2025-02-15,19260.79,17651.51,13916.928999999998,20947.015,PLACEHOLDER_SEASONAL_NAIVE_7,1609.2800000000025,1609.2800000000025,8.35521284433298,True
2025-02-16,19575.01,16948.64,13214.059,20244.145,PLACEHOLDER_SEASONAL_NAIVE_7,2626.369999999999,2626.369999999999,13.416953554557567,True
2025-02-17,19066.63,15489.039999999999,11754.458999999999,18784.545000000002,PLACEHOLDER_SEASONAL_NAIVE_7,3577.590000000002,3577.590000000002,18.76361999996854,False
2025-02-18,17250.12,17664.89,13930.309,20960.395,PLACEHOLDER_SEASONAL_NAIVE_7,-414.77000000000044,414.77000000000044,-2.4044470415278294,True
2025-02-19,16239.66,18610.65,14876.069000000001,21906.155000000002,PLACEHOLDER_SEASONAL_NAIVE_7,-2370.9900000000016,2370.9900000000016,-14.599997783204829,True
2025-02-20,17785.58,19991.63,16257.049,23287.135000000002,PLACEHOLDER_SEASONAL_NAIVE_7,-2206.0499999999993,2206.0499999999993,-12.403587625480862,True
2025-02-21,19382.7,19585.22,15850.639000000001,22880.725000000002,PLACEHOLDER_SEASONAL_NAIVE_7,-202.52000000000044,202.52000000000044,-1.0448492728051326,True
2025-02-22,17941.54,19260.79,15526.209,22556.295000000002,PLACEHOLDER_SEASONAL_NAIVE_7,-1319.25,1319.25,-7.353047731688584,True
2025-02-23,15749.79,19575.01,15840.428999999998,22870.515,PLACEHOLDER_SEASONAL_NAIVE_7,-3825.2199999999975,3825.2199999999975,-24.287434943577008,False
2025-02-24,12828.0,19066.63,15332.049,22362.135000000002,PLACEHOLDER_SEASONAL_NAIVE_7,-6238.630000000001,6238.630000000001,-48.63291237917057,False
2025-02-25,15834.59,17250.12,13515.538999999999,20545.625,PLACEHOLDER_SEASONAL_NAIVE_7,-1415.5299999999988,1415.5299999999988,-8.939479961274644,True
2025-02-26,14757.6,16239.66,12505.079,19535.165,PLACEHOLDER_SEASONAL_NAIVE_7,-1482.0599999999995,1482.0599999999995,-10.04268986827126,True
2025-02-27,18610.49,17785.58,14050.999000000002,21081.085000000003,PLACEHOLDER_SEASONAL_NAIVE_7,824.9099999999999,824.9099999999999,4.432500165229394,True
2025-02-28,18243.59,19382.7,15648.119,22678.205,PLACEHOLDER_SEASONAL_NAIVE_7,-1139.1100000000006,1139.1100000000006,-6.24389169017721,True
2025-03-01,18213.59,17941.54,14206.959,21237.045000000002,PLACEHOLDER_SEASONAL_NAIVE_7,272.0499999999993,272.0499999999993,1.4936648952787412,True
2025-03-02,14916.05,15749.79,12015.209,19045.295000000002,PLACEHOLDER_SEASONAL_NAIVE_7,-833.7400000000016,833.7400000000016,-5.589549512102746,True
2025-03-03,14618.05,12828.0,9093.419,16123.505000000003,PLACEHOLDER_SEASONAL_NAIVE_7,1790.0499999999993,1790.0499999999993,12.245477337948628,True
2025-03-04,17076.22,15834.59,12100.009,19130.095,PLACEHOLDER_SEASONAL_NAIVE_7,1241.630000000001,1241.630000000001,7.2711056662423,True
2025-03-05,17636.4,14757.6,11023.019,18053.105000000003,PLACEHOLDER_SEASONAL_NAIVE_7,2878.800000000001,2878.800000000001,16.323059127713144,True
2025-03-06,19753.73,18610.49,14875.909000000001,21905.995000000003,PLACEHOLDER_SEASONAL_NAIVE_7,1143.239999999998,1143.239999999998,5.787463937190586,True
2025-03-07,20922.42,18243.59,14509.009,21539.095,PLACEHOLDER_SEASONAL_NAIVE_7,2678.829999999998,2678.829999999998,12.803633614084786,True
2025-03-08,17826.079999999998,18213.59,14479.009,21509.095,PLACEHOLDER_SEASONAL_NAIVE_7,-387.51000000000204,387.51000000000204,-2.1738374336926687,True
2025-03-09,17475.66,14916.05,11181.469,18211.555,PLACEHOLDER_SEASONAL_NAIVE_7,2559.6100000000006,2559.6100000000006,14.646714344408169,True
2025-03-10,20028.2,14618.05,10883.469,17913.555,PLACEHOLDER_SEASONAL_NAIVE_7,5410.1500000000015,5410.1500000000015,27.012662146373618,False
2025-03-11,19408.16,17076.22,13341.639000000001,20371.725000000002,PLACEHOLDER_SEASONAL_NAIVE_7,2331.9399999999987,2331.9399999999987,12.015255438949383,True
2025-03-12,18195.739999999998,17636.4,13901.819000000001,20931.905000000002,PLACEHOLDER_SEASONAL_NAIVE_7,559.3399999999965,559.3399999999965,3.0740162257759045,True
2025-03-13,18979.68,19753.73,16019.149,23049.235,PLACEHOLDER_SEASONAL_NAIVE_7,-774.0499999999993,774.0499999999993,-4.078309012586089,True
2025-03-14,16412.89,20922.42,17187.839,24217.925,PLACEHOLDER_SEASONAL_NAIVE_7,-4509.529999999999,4509.529999999999,-27.47553904278892,False
2025-03-15,19432.05,17826.079999999998,14091.498999999998,21121.585,PLACEHOLDER_SEASONAL_NAIVE_7,1605.9700000000012,1605.9700000000012,8.26454234113231,True
2025-03-16,20350.56,17475.66,13741.079,20771.165,PLACEHOLDER_SEASONAL_NAIVE_7,2874.9000000000015,2874.9000000000015,14.126883977639935,True
2025-03-17,20831.35,20028.2,16293.619,23323.705,PLACEHOLDER_SEASONAL_NAIVE_7,803.1499999999978,803.1499999999978,3.8554870423664234,True
2025-03-18,21462.98,19408.16,15673.579,22703.665,PLACEHOLDER_SEASONAL_NAIVE_7,2054.8199999999997,2054.8199999999997,9.573787051005963,True
2025-03-19,19283.23,18195.739999999998,14461.158999999998,21491.245,PLACEHOLDER_SEASONAL_NAIVE_7,1087.4900000000016,1087.4900000000016,5.639563496364466,True
2025-03-20,17006.829999999998,18979.68,15245.099,22275.185,PLACEHOLDER_SEASONAL_NAIVE_7,-1972.8500000000022,1972.8500000000022,-11.600339393055629,True
2025-03-21,19387.579999999998,16412.89,12678.309,19708.395,PLACEHOLDER_SEASONAL_NAIVE_7,2974.6899999999987,2974.6899999999987,15.343276468749576,True
2025-03-22,20563.47,19432.05,15697.469,22727.555,PLACEHOLDER_SEASONAL_NAIVE_7,1131.420000000002,1131.420000000002,5.502086953223371,True
2025-03-23,19375.1,20350.56,16615.979000000003,23646.065000000002,PLACEHOLDER_SEASONAL_NAIVE_7,-975.4600000000028,975.4600000000028,-5.034606272999896,True
2025-03-24,19530.92,20831.35,17096.769,24126.855,PLACEHOLDER_SEASONAL_NAIVE_7,-1300.4300000000003,1300.4300000000003,-6.6583140988750165,True
2025-03-25,18855.4,21462.98,17728.399,24758.485,PLACEHOLDER_SEASONAL_NAIVE_7,-2607.579999999998,2607.579999999998,-13.829353925135493,True
2025-03-26,18767.01,19283.23,15548.649,22578.735,PLACEHOLDER_SEASONAL_NAIVE_7,-516.2200000000012,516.2200000000012,-2.7506779183258345,True
2025-03-27,17205.64,17006.829999999998,13272.248999999998,20302.335,PLACEHOLDER_SEASONAL_NAIVE_7,198.8100000000013,198.8100000000013,1.1554931987418156,True
2025-03-28,15662.86,19387.579999999998,15652.998999999998,22683.085,PLACEHOLDER_SEASONAL_NAIVE_7,-3724.7199999999975,3724.7199999999975,-23.78058668723335,True
2025-03-29,15176.23,20563.47,16828.889000000003,23858.975000000002,PLACEHOLDER_SEASONAL_NAIVE_7,-5387.240000000002,5387.240000000002,-35.497880567176445,False
2025-03-30,17161.113,19375.1,15640.518999999998,22670.605,PLACEHOLDER_SEASONAL_NAIVE_7,-2213.9869999999974,2213.9869999999974,-12.90118537183455,True
2025-03-31,0.0,19530.92,15796.338999999998,22826.425,PLACEHOLDER_SEASONAL_NAIVE_7,-19530.92,19530.92,,False
2025-04-01,13365.16,18855.4,15120.819000000001,22150.905000000002,PLACEHOLDER_SEASONAL_NAIVE_7,-5490.240000000002,5490.240000000002,-41.078745035600036,False
2025-04-02,12890.91,18767.01,15032.428999999998,22062.515,PLACEHOLDER_SEASONAL_NAIVE_7,-5876.0999999999985,5876.0999999999985,-45.58328310414082,False
2025-04-03,14374.7,17205.64,13471.059,20501.145,PLACEHOLDER_SEASONAL_NAIVE_7,-2830.9399999999987,2830.9399999999987,-19.693906655443232,True
2025-04-04,16456.71,15662.86,11928.279,18958.365,PLACEHOLDER_SEASONAL_NAIVE_7,793.8499999999985,793.8499999999985,4.823868197227749,True
2025-04-05,11752.27,15176.23,11441.649,18471.735,PLACEHOLDER_SEASONAL_NAIVE_7,-3423.959999999999,3423.959999999999,-29.134456577325054,True
2025-04-06,11667.02,17161.113,13426.532000000001,20456.618000000002,PLACEHOLDER_SEASONAL_NAIVE_7,-5494.093000000001,5494.093000000001,-47.09079953578549,False
2025-04-07,14082.8,0.0,-3734.5809999999997,3295.5050000000024,PLACEHOLDER_SEASONAL_NAIVE_7,14082.8,14082.8,100.0,False
2025-04-08,13883.27,13365.16,9630.579,16660.665,PLACEHOLDER_SEASONAL_NAIVE_7,518.1100000000006,518.1100000000006,3.731901778183386,True
2025-04-09,15579.49,12890.91,9156.329,16186.415000000003,PLACEHOLDER_SEASONAL_NAIVE_7,2688.58,2688.58,17.257175940932598,True
2025-04-10,19960.98,14374.7,10640.119,17670.205,PLACEHOLDER_SEASONAL_NAIVE_7,5586.279999999999,5586.279999999999,27.986000687340994,False
2025-04-11,20152.649999999998,16456.71,12722.128999999999,19752.215,PLACEHOLDER_SEASONAL_NAIVE_7,3695.9399999999987,3695.9399999999987,18.33972207129087,False
2025-04-12,19209.26,11752.27,8017.689,15047.775000000003,PLACEHOLDER_SEASONAL_NAIVE_7,7456.989999999998,7456.989999999998,38.81976713314307,False
2025-04-13,18853.46,11667.02,7932.439,14962.525000000003,PLACEHOLDER_SEASONAL_NAIVE_7,7186.439999999999,7186.439999999999,38.117353525559764,False
2025-04-14,16851.26,14082.8,10348.219,17378.305,PLACEHOLDER_SEASONAL_NAIVE_7,2768.459999999999,2768.459999999999,16.428801169764156,True
2025-04-15,19303.68,13883.27,10148.689,17178.775,PLACEHOLDER_SEASONAL_NAIVE_7,5420.41,5420.41,28.07967185531463,False
2025-04-16,18834.84,15579.49,11844.909,18874.995000000003,PLACEHOLDER_SEASONAL_NAIVE_7,3255.3500000000004,3255.3500000000004,17.283661554863222,True
2025-04-17,17983.329999999998,19960.98,16226.399,23256.485,PLACEHOLDER_SEASONAL_NAIVE_7,-1977.6500000000015,1977.6500000000015,-10.997129007808908,True
2025-04-18,19161.41,20152.649999999998,16418.069,23448.155,PLACEHOLDER_SEASONAL_NAIVE_7,-991.239999999998,991.239999999998,-5.173105736999511,True
2025-04-19,18992.14,19209.26,15474.678999999998,22504.765,PLACEHOLDER_SEASONAL_NAIVE_7,-217.11999999999898,217.11999999999898,-1.1432097699363999,True
2025-04-20,18237.71,18853.46,15118.878999999999,22148.965,PLACEHOLDER_SEASONAL_NAIVE_7,-615.75,615.75,-3.3762462502145283,True
2025-04-21,17710.329999999998,16851.26,13116.678999999998,20146.765,PLACEHOLDER_SEASONAL_NAIVE_7,859.0699999999997,859.0699999999997,4.850671896006454,True
2025-04-22,18833.48,19303.68,15569.099,22599.185,PLACEHOLDER_SEASONAL_NAIVE_7,-470.2000000000007,470.2000000000007,-2.496617725454885,True
2025-04-23,18162.329999999998,18834.84,15100.259,22130.345,PLACEHOLDER_SEASONAL_NAIVE_7,-672.510000000002,672.510000000002,-3.7027738181169605,True
2025-04-24,19119.829999999998,17983.329999999998,14248.748999999998,21278.835,PLACEHOLDER_SEASONAL_NAIVE_7,1136.5,1136.5,5.944090507080869,True
2025-04-25,19916.46,19161.41,15426.829,22456.915,PLACEHOLDER_SEASONAL_NAIVE_7,755.0499999999993,755.0499999999993,3.7910853635636017,True
2025-04-26,16506.21,18992.14,15257.559,22287.645,PLACEHOLDER_SEASONAL_NAIVE_7,-2485.9300000000003,2485.9300000000003,-15.06057417178141,True
2025-04-27,16899.72,18237.71,14503.128999999999,21533.215,PLACEHOLDER_SEASONAL_NAIVE_7,-1337.989999999998,1337.989999999998,-7.917231764786623,True
2025-04-28,17805.75,17710.329999999998,13975.748999999998,21005.835,PLACEHOLDER_SEASONAL_NAIVE_7,95.42000000000189,95.42000000000189,0.5358943038063654,True
2025-04-29,17118.94,18833.48,15098.899,22128.985,PLACEHOLDER_SEASONAL_NAIVE_7,-1714.5400000000009,1714.5400000000009,-10.015456564483555,True
2025-04-30,19187.8,18162.329999999998,14427.748999999998,21457.835,PLACEHOLDER_SEASONAL_NAIVE_7,1025.4700000000012,1025.4700000000012,5.344385494949922,True
2025-05-01,18606.34,19119.829999999998,15385.248999999998,22415.335,PLACEHOLDER_SEASONAL_NAIVE_7,-513.489999999998,513.489999999998,-2.7597582329463934,True
2025-05-02,18866.84,19916.46,16181.878999999999,23211.965,PLACEHOLDER_SEASONAL_NAIVE_7,-1049.619999999999,1049.619999999999,-5.5633057788161615,True
2025-05-03,17134.64,16506.21,12771.628999999999,19801.715,PLACEHOLDER_SEASONAL_NAIVE_7,628.4300000000003,628.4300000000003,3.6675996694415542,True
2025-05-04,19224.46,16899.72,13165.139000000001,20195.225000000002,PLACEHOLDER_SEASONAL_NAIVE_7,2324.739999999998,2324.739999999998,12.092615345242457,True
2025-05-05,16501.81,17805.75,14071.169,21101.255,PLACEHOLDER_SEASONAL_NAIVE_7,-1303.9399999999987,1303.9399999999987,-7.901799863166517,True
2025-05-06,20696.91,17118.94,13384.358999999999,20414.445,PLACEHOLDER_SEASONAL_NAIVE_7,3577.970000000001,3577.970000000001,17.28745981888118,False
2025-05-07,21441.5,19187.8,15453.219,22483.305,PLACEHOLDER_SEASONAL_NAIVE_7,2253.7000000000007,2253.7000000000007,10.51092507520463,True
2025-05-08,21332.04,18606.34,14871.759,21901.845,PLACEHOLDER_SEASONAL_NAIVE_7,2725.7000000000007,2725.7000000000007,12.7774933855365,True
2025-05-09,22195.42,18866.84,15132.259,22162.345,PLACEHOLDER_SEASONAL_NAIVE_7,3328.579999999998,3328.579999999998,14.996697516875097,False
2025-05-10,20426.47,17134.64,13400.059,20430.145,PLACEHOLDER_SEASONAL_NAIVE_7,3291.8300000000017,3291.8300000000017,16.115510903254464,True
2025-05-11,20162.19,19224.46,15489.878999999999,22519.965,PLACEHOLDER_SEASONAL_NAIVE_7,937.7299999999996,937.7299999999996,4.650933256754349,True
2025-05-12,19893.27,16501.81,12767.229000000001,19797.315000000002,PLACEHOLDER_SEASONAL_NAIVE_7,3391.459999999999,3391.459999999999,17.048278136274224,False
2025-05-13,16602.47,20696.91,16962.329,23992.415,PLACEHOLDER_SEASONAL_NAIVE_7,-4094.4399999999987,4094.4399999999987,-24.66163167287758,False
2025-05-14,19628.64,21441.5,17706.919,24737.005,PLACEHOLDER_SEASONAL_NAIVE_7,-1812.8600000000006,1812.8600000000006,-9.235790151533681,True
2025-05-15,18624.69,21332.04,17597.459000000003,24627.545000000002,PLACEHOLDER_SEASONAL_NAIVE_7,-2707.350000000002,2707.350000000002,-14.536349329841208,True
2025-05-16,21075.09,22195.42,18460.839,25490.925,PLACEHOLDER_SEASONAL_NAIVE_7,-1120.329999999998,1120.329999999998,-5.315896634367863,True
2025-05-17,21787.56,20426.47,16691.889000000003,23721.975000000002,PLACEHOLDER_SEASONAL_NAIVE_7,1361.0900000000001,1361.0900000000001,6.247096967260217,True
2025-05-18,20648.1,20162.19,16427.609,23457.695,PLACEHOLDER_SEASONAL_NAIVE_7,485.90999999999985,485.90999999999985,2.353291586150783,True
2025-05-19,18152.56,19893.27,16158.689,23188.775,PLACEHOLDER_SEASONAL_NAIVE_7,-1740.7099999999991,1740.7099999999991,-9.589336159748262,True
2025-05-20,18232.56,16602.47,12867.889000000001,19897.975000000002,PLACEHOLDER_SEASONAL_NAIVE_7,1630.0900000000001,1630.0900000000001,8.940543730556762,True
2025-05-21,19868.77,19628.64,15894.059,22924.145,PLACEHOLDER_SEASONAL_NAIVE_7,240.13000000000102,240.13000000000102,1.2085800983150996,True
2025-05-22,18130.25,18624.69,14890.108999999999,21920.195,PLACEHOLDER_SEASONAL_NAIVE_7,-494.4399999999987,494.4399999999987,-2.7271548930654497,True
2025-05-23,19203.58,21075.09,17340.509000000002,24370.595,PLACEHOLDER_SEASONAL_NAIVE_7,-1871.5099999999984,1871.5099999999984,-9.745630762597383,True
2025-05-24,17380.0,21787.56,18052.979000000003,25083.065000000002,PLACEHOLDER_SEASONAL_NAIVE_7,-4407.560000000001,4407.560000000001,-25.35995397008056,False
2025-05-25,18969.23,20648.1,16913.519,23943.605,PLACEHOLDER_SEASONAL_NAIVE_7,-1678.869999999999,1678.869999999999,-8.850491032055592,True
2025-05-26,14768.63,18152.56,14417.979000000001,21448.065000000002,PLACEHOLDER_SEASONAL_NAIVE_7,-3383.930000000002,3383.930000000002,-22.91295807397167,True
2025-05-27,17312.35,18232.56,14497.979000000001,21528.065000000002,PLACEHOLDER_SEASONAL_NAIVE_7,-920.2100000000028,920.2100000000028,-5.315338472246707,True
2025-05-28,17946.32,19868.77,16134.189,23164.275,PLACEHOLDER_SEASONAL_NAIVE_7,-1922.4500000000007,1922.4500000000007,-10.712224010270633,True
2025-05-29,19085.42,18130.25,14395.669,21425.755,PLACEHOLDER_SEASONAL_NAIVE_7,955.1699999999983,955.1699999999983,5.004710401971758,True
2025-05-30,16503.13,19203.58,15468.999000000002,22499.085000000003,PLACEHOLDER_SEASONAL_NAIVE_7,-2700.4500000000007,2700.4500000000007,-16.363259575607785,True
2025-05-31,13302.25,17380.0,13645.419,20675.505,PLACEHOLDER_SEASONAL_NAIVE_7,-4077.75,4077.75,-30.654588509462684,False
2025-06-01,17043.4,18969.23,15234.649,22264.735,PLACEHOLDER_SEASONAL_NAIVE_7,-1925.829999999998,1925.829999999998,-11.299564640858033,True
2025-06-02,15314.37,14768.63,11034.048999999999,18064.135000000002,PLACEHOLDER_SEASONAL_NAIVE_7,545.7400000000016,545.7400000000016,3.5635811332754894,True
2025-06-03,19431.63,17312.35,13577.768999999998,20607.855,PLACEHOLDER_SEASONAL_NAIVE_7,2119.2800000000025,2119.2800000000025,10.90634187662076,True
2025-06-04,18138.66,17946.32,14211.739,21241.825,PLACEHOLDER_SEASONAL_NAIVE_7,192.34000000000015,192.34000000000015,1.0603870407185543,True
2025-06-05,18522.66,19085.42,15350.838999999998,22380.925,PLACEHOLDER_SEASONAL_NAIVE_7,-562.7599999999984,562.7599999999984,-3.038224531465774,True
2025-06-06,10431.97,16503.13,12768.549,19798.635000000002,PLACEHOLDER_SEASONAL_NAIVE_7,-6071.160000000002,6071.160000000002,-58.19763668798896,False
2025-06-07,14441.02,13302.25,9567.669,16597.755,PLACEHOLDER_SEASONAL_NAIVE_7,1138.7700000000004,1138.7700000000004,7.885661816132104,True
2025-06-08,19959.59,17043.4,13308.819000000001,20338.905000000002,PLACEHOLDER_SEASONAL_NAIVE_7,2916.1899999999987,2916.1899999999987,14.610470455555443,True
2025-06-09,18452.46,15314.37,11579.789,18609.875000000004,PLACEHOLDER_SEASONAL_NAIVE_7,3138.0899999999983,3138.0899999999983,17.006350372795815,True
2025-06-10,17469.04,19431.63,15697.049,22727.135000000002,PLACEHOLDER_SEASONAL_NAIVE_7,-1962.5900000000001,1962.5900000000001,-11.23467574634897,True
2025-06-11,21316.76,18138.66,14404.079,21434.165,PLACEHOLDER_SEASONAL_NAIVE_7,3178.0999999999985,3178.0999999999985,14.90892612198101,True
2025-06-12,21158.37,18522.66,14788.079,21818.165,PLACEHOLDER_SEASONAL_NAIVE_7,2635.709999999999,2635.709999999999,12.457056001950997,True
2025-06-13,20532.78,10431.97,6697.388999999999,13727.475000000002,PLACEHOLDER_SEASONAL_NAIVE_7,10100.81,10100.81,49.19358216471418,False
2025-06-14,19259.41,14441.02,10706.439,17736.525,PLACEHOLDER_SEASONAL_NAIVE_7,4818.389999999999,4818.389999999999,25.018367644699392,False
2025-06-15,17910.42,19959.59,16225.009,23255.095,PLACEHOLDER_SEASONAL_NAIVE_7,-2049.170000000002,2049.170000000002,-11.441216900552874,True
2025-06-16,18069.97,18452.46,14717.878999999999,21747.965,PLACEHOLDER_SEASONAL_NAIVE_7,-382.48999999999796,382.48999999999796,-2.116716297813433,True
2025-06-17,19706.87,17469.04,13734.459,20764.545000000002,PLACEHOLDER_SEASONAL_NAIVE_7,2237.829999999998,2237.829999999998,11.355583103760253,True
2025-06-18,19238.5,21316.76,17582.179,24612.265,PLACEHOLDER_SEASONAL_NAIVE_7,-2078.2599999999984,2078.2599999999984,-10.802609351040873,True
2025-06-19,19745.34,21158.37,17423.789,24453.875,PLACEHOLDER_SEASONAL_NAIVE_7,-1413.0299999999988,1413.0299999999988,-7.156270796046048,True
2025-06-20,20125.43,20532.78,16798.199,23828.285,PLACEHOLDER_SEASONAL_NAIVE_7,-407.34999999999854,407.34999999999854,-2.024056131968353,True
2025-06-21,20439.989999999998,19259.41,15524.829,22554.915,PLACEHOLDER_SEASONAL_NAIVE_7,1180.579999999998,1180.579999999998,5.77583452829477,True
2025-06-22,17148.8,17910.42,14175.838999999998,21205.925,PLACEHOLDER_SEASONAL_NAIVE_7,-761.619999999999,761.619999999999,-4.441243702183238,True
2025-06-23,18996.15,18069.97,14335.389000000001,21365.475000000002,PLACEHOLDER_SEASONAL_NAIVE_7,926.1800000000003,926.1800000000003,4.875619533431776,True
2025-06-24,19154.57,19706.87,15972.288999999999,23002.375,PLACEHOLDER_SEASONAL_NAIVE_7,-552.2999999999993,552.2999999999993,-2.883385009425945,True
2025-06-25,15966.81,19238.5,15503.919,22534.005,PLACEHOLDER_SEASONAL_NAIVE_7,-3271.6900000000005,3271.6900000000005,-20.490567621209248,True
2025-06-26,14198.52,19745.34,16010.759,23040.845,PLACEHOLDER_SEASONAL_NAIVE_7,-5546.82,5546.82,-39.06618436287725,False
2025-06-27,18190.37,20125.43,16390.849000000002,23420.935,PLACEHOLDER_SEASONAL_NAIVE_7,-1935.0600000000013,1935.0600000000013,-10.637826498306529,True
2025-06-28,18499.2,20439.989999999998,16705.409,23735.495,PLACEHOLDER_SEASONAL_NAIVE_7,-1940.7899999999972,1940.7899999999972,-10.491210430721313,True
2025-06-29,17011.96,17148.8,13414.219,20444.305,PLACEHOLDER_SEASONAL_NAIVE_7,-136.84000000000015,136.84000000000015,-0.8043752748066664,True
2025-06-30,14676.43,18996.15,15261.569000000001,22291.655000000002,PLACEHOLDER_SEASONAL_NAIVE_7,-4319.720000000001,4319.720000000001,-29.43304332184326,False
2025-07-01,18346.98,19154.57,15419.989,22450.075,PLACEHOLDER_SEASONAL_NAIVE_7,-807.5900000000001,807.5900000000001,-4.401759853665291,True
2025-07-02,20201.99,15966.81,12232.229,19262.315000000002,PLACEHOLDER_SEASONAL_NAIVE_7,4235.180000000002,4235.180000000002,20.96417234143766,False
2025-07-03,21943.28,14198.52,10463.939,17494.025,PLACEHOLDER_SEASONAL_NAIVE_7,7744.759999999998,7744.759999999998,35.29445005486873,False
2025-07-04,20421.8,18190.37,14455.788999999999,21485.875,PLACEHOLDER_SEASONAL_NAIVE_7,2231.4300000000003,2231.4300000000003,10.926705775201013,True
2025-07-05,21208.579999999998,18499.2,14764.619,21794.705,PLACEHOLDER_SEASONAL_NAIVE_7,2709.3799999999974,2709.3799999999974,12.774924110902274,True
2025-07-06,21984.86,17011.96,13277.378999999999,20307.465,PLACEHOLDER_SEASONAL_NAIVE_7,4972.9000000000015,4972.9000000000015,22.61965734600994,False
2025-07-07,21275.39,14676.43,10941.849,17971.935,PLACEHOLDER_SEASONAL_NAIVE_7,6598.959999999999,6598.959999999999,31.016869726007368,False
2025-07-08,20766.96,18346.98,14612.399,21642.485,PLACEHOLDER_SEASONAL_NAIVE_7,2419.9799999999996,2419.9799999999996,11.653029620127354,True
2025-07-09,20626.9,20201.99,16467.409000000003,23497.495000000003,PLACEHOLDER_SEASONAL_NAIVE_7,424.90999999999985,424.90999999999985,2.05997992912168,True
2025-07-10,19470.05,21943.28,18208.699,25238.785,PLACEHOLDER_SEASONAL_NAIVE_7,-2473.2299999999996,2473.2299999999996,-12.702740876371656,True
2025-07-11,22115.579999999998,20421.8,16687.219,23717.305,PLACEHOLDER_SEASONAL_NAIVE_7,1693.7799999999988,1693.7799999999988,7.6587636408360025,True
2025-07-12,19886.46,21208.579999999998,17473.999,24504.085,PLACEHOLDER_SEASONAL_NAIVE_7,-1322.119999999999,1322.119999999999,-6.648342641173939,True
2025-07-13,20727.8,21984.86,18250.279000000002,25280.365,PLACEHOLDER_SEASONAL_NAIVE_7,-1257.0600000000013,1257.0600000000013,-6.064608882756498,True
2025-07-14,19898.52,21275.39,17540.809,24570.895,PLACEHOLDER_SEASONAL_NAIVE_7,-1376.869999999999,1376.869999999999,-6.91945933667428,True
2025-07-15,19022.15,20766.96,17032.379,24062.465,PLACEHOLDER_SEASONAL_NAIVE_7,-1744.8099999999977,1744.8099999999977,-9.172517302197688,True
2025-07-16,19163.3,20626.9,16892.319000000003,23922.405000000002,PLACEHOLDER_SEASONAL_NAIVE_7,-1463.6000000000022,1463.6000000000022,-7.6375154592372,True
2025-07-17,21072.72,19470.05,15735.469,22765.555,PLACEHOLDER_SEASONAL_NAIVE_7,1602.670000000002,1602.670000000002,7.605425403080389,True
2025-07-18,19345.04,22115.579999999998,18380.999,25411.085,PLACEHOLDER_SEASONAL_NAIVE_7,-2770.5399999999972,2770.5399999999972,-14.321707269667042,True
2025-07-19,20639.44,19886.46,16151.878999999999,23181.965,PLACEHOLDER_SEASONAL_NAIVE_7,752.9799999999996,752.9799999999996,3.6482578984701113,True
2025-07-20,20762.98,20727.8,16993.219,24023.305,PLACEHOLDER_SEASONAL_NAIVE_7,35.18000000000029,35.18000000000029,0.16943617919971166,True
2025-07-21,20795.31,19898.52,16163.939,23194.025,PLACEHOLDER_SEASONAL_NAIVE_7,896.7900000000009,896.7900000000009,4.312462762036252,True
2025-07-22,21699.71,19022.15,15287.569000000001,22317.655000000002,PLACEHOLDER_SEASONAL_NAIVE_7,2677.5599999999977,2677.5599999999977,12.339151076212529,True
2025-07-23,21737.59,19163.3,15428.719,22458.805,PLACEHOLDER_SEASONAL_NAIVE_7,2574.290000000001,2574.290000000001,11.842573164734457,True
2025-07-24,20959.59,21072.72,17338.139000000003,24368.225000000002,PLACEHOLDER_SEASONAL_NAIVE_7,-113.13000000000102,113.13000000000102,-0.5397529245562581,True
2025-07-25,20427.7,19345.04,15610.459,22640.545000000002,PLACEHOLDER_SEASONAL_NAIVE_7,1082.6599999999999,1082.6599999999999,5.299960347958898,True
2025-07-26,18824.22,20639.44,16904.859,23934.945,PLACEHOLDER_SEASONAL_NAIVE_7,-1815.2199999999975,1815.2199999999975,-9.643002472346781,True
2025-07-27,13402.21,20762.98,17028.399,24058.485,PLACEHOLDER_SEASONAL_NAIVE_7,-7360.77,7360.77,-54.92206136152172,False
2025-07-28,11511.77,20795.31,17060.729000000003,24090.815000000002,PLACEHOLDER_SEASONAL_NAIVE_7,-9283.54,9283.54,-80.64389750663887,False
2025-07-29,15254.68,21699.71,17965.129,24995.215,PLACEHOLDER_SEASONAL_NAIVE_7,-6445.029999999999,6445.029999999999,-42.249526047088494,False
2025-07-30,16068.69,21737.59,18003.009000000002,25033.095,PLACEHOLDER_SEASONAL_NAIVE_7,-5668.9,5668.9,-35.27916712563376,False
2025-07-31,20532.25,20959.59,17225.009000000002,24255.095,PLACEHOLDER_SEASONAL_NAIVE_7,-427.34000000000015,427.34000000000015,-2.081311108134764,True
2025-08-01,19565.02,20427.7,16693.119000000002,23723.205,PLACEHOLDER_SEASONAL_NAIVE_7,-862.6800000000003,862.6800000000003,-4.409297818249101,True
2025-08-02,18520.42,18824.22,15089.639000000001,22119.725000000002,PLACEHOLDER_SEASONAL_NAIVE_7,-303.8000000000029,303.8000000000029,-1.6403515687009416,True
2025-08-03,16315.31,13402.21,9667.628999999999,16697.715,PLACEHOLDER_SEASONAL_NAIVE_7,2913.1000000000004,2913.1000000000004,17.855008577832727,True
2025-08-04,16351.07,11511.77,7777.189,14807.275000000003,PLACEHOLDER_SEASONAL_NAIVE_7,4839.299999999999,4839.299999999999,29.59622825906806,False
2025-08-05,21272.079999999998,15254.68,11520.099,18550.185,PLACEHOLDER_SEASONAL_NAIVE_7,6017.399999999998,6017.399999999998,28.28778379923354,False
2025-08-06,21159.84,16068.69,12334.109,19364.195000000003,PLACEHOLDER_SEASONAL_NAIVE_7,5091.15,5091.15,24.060437129959393,False
2025-08-07,21992.51,20532.25,16797.669,23827.755,PLACEHOLDER_SEASONAL_NAIVE_7,1460.2599999999984,1460.2599999999984,6.63980600668136,True
2025-08-08,21234.670000000002,19565.02,15830.439,22860.525,PLACEHOLDER_SEASONAL_NAIVE_7,1669.6500000000015,1669.6500000000015,7.862848822232705,True
2025-08-09,20119.22,18520.42,14785.838999999998,21815.925,PLACEHOLDER_SEASONAL_NAIVE_7,1598.800000000003,1598.800000000003,7.946630137748893,True
2025-08-10,18158.07,16315.31,12580.729,19610.815000000002,PLACEHOLDER_SEASONAL_NAIVE_7,1842.7600000000002,1842.7600000000002,10.148435378870113,True
2025-08-11,18169.82,16351.07,12616.489,19646.575,PLACEHOLDER_SEASONAL_NAIVE_7,1818.75,1818.75,10.009730421104887,True
2025-08-12,18190.57,21272.079999999998,17537.499,24567.585,PLACEHOLDER_SEASONAL_NAIVE_7,-3081.5099999999984,3081.5099999999984,-16.94015085838431,True
2025-08-13,21704.55,21159.84,17425.259000000002,24455.345,PLACEHOLDER_SEASONAL_NAIVE_7,544.7099999999991,544.7099999999991,2.509658113160601,True
2025-08-14,19207.73,21992.51,18257.929,25288.015,PLACEHOLDER_SEASONAL_NAIVE_7,-2784.779999999999,2784.779999999999,-14.498225454022931,True
2025-08-15,20842.31,21234.670000000002,17500.089000000004,24530.175000000003,PLACEHOLDER_SEASONAL_NAIVE_7,-392.3600000000006,392.3600000000006,-1.882516861134877,True
2025-08-16,20732.17,20119.22,16384.639000000003,23414.725000000002,PLACEHOLDER_SEASONAL_NAIVE_7,612.9499999999971,612.9499999999971,2.9565163704522837,True
2025-08-17,18053.31,18158.07,14423.489,21453.575,PLACEHOLDER_SEASONAL_NAIVE_7,-104.7599999999984,104.7599999999984,-0.5802813999205597,True
2025-08-18,13587.34,18169.82,14435.239,21465.325,PLACEHOLDER_SEASONAL_NAIVE_7,-4582.48,4582.48,-33.726100914527784,False
2025-08-19,12083.1,18190.57,14455.989,21486.075,PLACEHOLDER_SEASONAL_NAIVE_7,-6107.469999999999,6107.469999999999,-50.54555536244837,False
2025-08-20,17790.61,21704.55,17969.969,25000.055,PLACEHOLDER_SEASONAL_NAIVE_7,-3913.9399999999987,3913.9399999999987,-22.000032601467844,False
2025-08-21,22428.67,19207.73,15473.149,22503.235,PLACEHOLDER_SEASONAL_NAIVE_7,3220.9399999999987,3220.9399999999987,14.360815866478035,True
2025-08-22,19742.39,20842.31,17107.729000000003,24137.815000000002,PLACEHOLDER_SEASONAL_NAIVE_7,-1099.920000000002,1099.920000000002,-5.571361927304657,True
2025-08-23,16930.89,20732.17,16997.589,24027.675,PLACEHOLDER_SEASONAL_NAIVE_7,-3801.279999999999,3801.279999999999,-22.4517435291352,False
2025-08-24,17085.02,18053.31,14318.729000000001,21348.815000000002,PLACEHOLDER_SEASONAL_NAIVE_7,-968.2900000000009,968.2900000000009,-5.667479464466537,True
2025-08-25,14445.82,13587.34,9852.759,16882.845,PLACEHOLDER_SEASONAL_NAIVE_7,858.4799999999996,858.4799999999996,5.942757143588938,True
2025-08-26,20216.26,12083.1,8348.519,15378.605000000003,PLACEHOLDER_SEASONAL_NAIVE_7,8133.159999999998,8133.159999999998,40.23078452691051,False
2025-08-27,19214.22,17790.61,14056.029,21086.115,PLACEHOLDER_SEASONAL_NAIVE_7,1423.6100000000006,1423.6100000000006,7.409148016417011,True
2025-08-28,21003.82,22428.67,18694.089,25724.175,PLACEHOLDER_SEASONAL_NAIVE_7,-1424.8499999999985,1424.8499999999985,-6.783766000660825,True
2025-08-29,19458.14,19742.39,16007.809,23037.895,PLACEHOLDER_SEASONAL_NAIVE_7,-284.25,284.25,-1.460828218935623,True
2025-08-30,19863.81,16930.89,13196.309,20226.395,PLACEHOLDER_SEASONAL_NAIVE_7,2932.920000000002,2932.920000000002,14.765143242912623,True
2025-08-31,17050.62,17085.02,13350.439,20380.525,PLACEHOLDER_SEASONAL_NAIVE_7,-34.400000000001455,34.400000000001455,-0.20175219434836658,True
2025-09-01,21647.22,14445.82,10711.239,17741.325,PLACEHOLDER_SEASONAL_NAIVE_7,7201.4000000000015,7201.4000000000015,33.267089261346264,False
2025-09-02,21990.69,20216.26,16481.679,23511.765,PLACEHOLDER_SEASONAL_NAIVE_7,1774.4300000000003,1774.4300000000003,8.069005565537054,True
2025-09-03,20329.88,19214.22,15479.639000000001,22509.725000000002,PLACEHOLDER_SEASONAL_NAIVE_7,1115.6599999999999,1115.6599999999999,5.487784482741658,True
2025-09-04,21787.48,21003.82,17269.239,24299.325,PLACEHOLDER_SEASONAL_NAIVE_7,783.6599999999999,783.6599999999999,3.5968363482146626,True
2025-09-05,21609.13,19458.14,15723.559,22753.645,PLACEHOLDER_SEASONAL_NAIVE_7,2150.9900000000016,2150.9900000000016,9.954079595060058,True
2025-09-06,20514.45,19863.81,16129.229000000001,23159.315000000002,PLACEHOLDER_SEASONAL_NAIVE_7,650.6399999999994,650.6399999999994,3.1716180545907857,True
2025-09-07,19653.71,17050.62,13316.038999999999,20346.125,PLACEHOLDER_SEASONAL_NAIVE_7,2603.09,2603.09,13.24477668592851,True
2025-09-08,14898.86,21647.22,17912.639000000003,24942.725000000002,PLACEHOLDER_SEASONAL_NAIVE_7,-6748.360000000001,6748.360000000001,-45.2944721945169,False
2025-09-09,20344.81,21990.69,18256.109,25286.195,PLACEHOLDER_SEASONAL_NAIVE_7,-1645.8799999999974,1645.8799999999974,-8.089925637054352,True
2025-09-10,21993.66,20329.88,16595.299000000003,23625.385000000002,PLACEHOLDER_SEASONAL_NAIVE_7,1663.7799999999988,1663.7799999999988,7.564816406182503,True
2025-09-11,20066.32,21787.48,18052.899,25082.985,PLACEHOLDER_SEASONAL_NAIVE_7,-1721.1599999999999,1721.1599999999999,-8.577357482587738,True
2025-09-12,15971.39,21609.13,17874.549000000003,24904.635000000002,PLACEHOLDER_SEASONAL_NAIVE_7,-5637.740000000002,5637.740000000002,-35.2989940136707,False
2025-09-13,18506.78,20514.45,16779.869000000002,23809.955,PLACEHOLDER_SEASONAL_NAIVE_7,-2007.670000000002,2007.670000000002,-10.848294516928402,True
2025-09-14,13405.71,19653.71,15919.128999999999,22949.215,PLACEHOLDER_SEASONAL_NAIVE_7,-6248.0,6248.0,-46.60700552227372,False
2025-09-15,17912.99,14898.86,11164.279,18194.365,PLACEHOLDER_SEASONAL_NAIVE_7,3014.130000000001,3014.130000000001,16.826504117961328,True
2025-09-16,20276.23,20344.81,16610.229000000003,23640.315000000002,PLACEHOLDER_SEASONAL_NAIVE_7,-68.58000000000175,68.58000000000175,-0.33822855629474385,True
2025-09-17,19826.36,21993.66,18259.079,25289.165,PLACEHOLDER_SEASONAL_NAIVE_7,-2167.2999999999993,2167.2999999999993,-10.931406470981052,True
2025-09-18,18824.54,20066.32,16331.739,23361.825,PLACEHOLDER_SEASONAL_NAIVE_7,-1241.7799999999988,1241.7799999999988,-6.596602094925022,True
2025-09-19,18188.07,15971.39,12236.809,19266.895,PLACEHOLDER_SEASONAL_NAIVE_7,2216.6800000000003,2216.6800000000003,12.187549311169356,True
2025-09-20,18127.18,18506.78,14772.198999999999,21802.285,PLACEHOLDER_SEASONAL_NAIVE_7,-379.59999999999854,379.59999999999854,-2.0940929587503323,True
2025-09-21,15407.2,13405.71,9671.128999999999,16701.215,PLACEHOLDER_SEASONAL_NAIVE_7,2001.4900000000016,2001.4900000000016,12.990614777506629,True
2025-09-22,16044.3,17912.99,14178.409000000001,21208.495000000003,PLACEHOLDER_SEASONAL_NAIVE_7,-1868.6900000000023,1868.6900000000023,-11.647064689640573,True
2025-09-23,13732.09,20276.23,16541.649,23571.735,PLACEHOLDER_SEASONAL_NAIVE_7,-6544.139999999999,6544.139999999999,-47.655819325390375,False
2025-09-24,13605.9,19826.36,16091.779,23121.865,PLACEHOLDER_SEASONAL_NAIVE_7,-6220.460000000001,6220.460000000001,-45.718842560947834,False
2025-09-25,19916.4,18824.54,15089.959,22120.045000000002,PLACEHOLDER_SEASONAL_NAIVE_7,1091.8600000000006,1091.8600000000006,5.482215661464926,True
2025-09-26,17478.79,18188.07,14453.489,21483.575,PLACEHOLDER_SEASONAL_NAIVE_7,-709.2799999999988,709.2799999999988,-4.057946802953745,True
2025-09-27,19445.58,18127.18,14392.599,21422.685,PLACEHOLDER_SEASONAL_NAIVE_7,1318.4000000000015,1318.4000000000015,6.7799469082434225,True
2025-09-28,17835.38,15407.2,11672.619,18702.705,PLACEHOLDER_SEASONAL_NAIVE_7,2428.1800000000003,2428.1800000000003,13.614400141740743,True
2025-09-29,17895.08,16044.3,12309.719,19339.805,PLACEHOLDER_SEASONAL_NAIVE_7,1850.7800000000025,1850.7800000000025,10.34239578699845,True
2025-09-30,20583.02,13732.09,9997.509,17027.595,PLACEHOLDER_SEASONAL_NAIVE_7,6850.93,6850.93,33.284377122501944,False
2025-10-01,21591.85,13605.9,9871.319,16901.405000000002,PLACEHOLDER_SEASONAL_NAIVE_7,7985.949999999999,7985.949999999999,36.98594608613898,False
2025-10-02,19966.41,19916.4,16181.819000000001,23211.905000000002,PLACEHOLDER_SEASONAL_NAIVE_7,50.0099999999984,50.0099999999984,0.2504706654826701,True
2025-10-03,17158.59,17478.79,13744.209,20774.295000000002,PLACEHOLDER_SEASONAL_NAIVE_7,-320.2000000000007,320.2000000000007,-1.8661207010599399,True
2025-10-04,19056.02,19445.58,15710.999000000002,22741.085000000003,PLACEHOLDER_SEASONAL_NAIVE_7,-389.5600000000013,389.5600000000013,-2.044288366615911,True
2025-10-05,16841.48,17835.38,14100.799,21130.885000000002,PLACEHOLDER_SEASONAL_NAIVE_7,-993.9000000000015,993.9000000000015,-5.90150034320025,True
2025-10-06,16151.17,17895.08,14160.499000000002,21190.585000000003,PLACEHOLDER_SEASONAL_NAIVE_7,-1743.9100000000017,1743.9100000000017,-10.79742210626228,True
2025-10-07,20836.76,20583.02,16848.439000000002,23878.525,PLACEHOLDER_SEASONAL_NAIVE_7,253.73999999999796,253.73999999999796,1.2177517041996835,True
2025-10-08,19790.42,21591.85,17857.269,24887.355,PLACEHOLDER_SEASONAL_NAIVE_7,-1801.4300000000003,1801.4300000000003,-9.102535469181555,True
2025-10-09,16663.4,19966.41,16231.829,23261.915,PLACEHOLDER_SEASONAL_NAIVE_7,-3303.0099999999984,3303.0099999999984,-19.821945101239834,True
2025-10-10,20816.87,17158.59,13424.009,20454.095,PLACEHOLDER_SEASONAL_NAIVE_7,3658.279999999999,3658.279999999999,17.573631386466836,False
2025-10-11,18961.54,19056.02,15321.439,22351.525,PLACEHOLDER_SEASONAL_NAIVE_7,-94.47999999999956,94.47999999999956,-0.49827176484610197,True
2025-10-12,17178.59,16841.48,13106.899,20136.985,PLACEHOLDER_SEASONAL_NAIVE_7,337.1100000000006,337.1100000000006,1.9623845728898623,True
2025-10-13,15203.86,16151.17,12416.589,19446.675000000003,PLACEHOLDER_SEASONAL_NAIVE_7,-947.3099999999995,947.3099999999995,-6.230720356541033,True
2025-10-14,14635.37,20836.76,17102.179,24132.265,PLACEHOLDER_SEASONAL_NAIVE_7,-6201.389999999998,6201.389999999998,-42.37262194259521,False
2025-10-15,19565.95,19790.42,16055.838999999998,23085.925,PLACEHOLDER_SEASONAL_NAIVE_7,-224.46999999999753,224.46999999999753,-1.1472481530413678,True
2025-10-16,19570.82,16663.4,12928.819000000001,19958.905000000002,PLACEHOLDER_SEASONAL_NAIVE_7,2907.4199999999983,2907.4199999999983,14.855892599288115,True
2025-10-17,16779.38,20816.87,17082.289,24112.375,PLACEHOLDER_SEASONAL_NAIVE_7,-4037.489999999998,4037.489999999998,-24.062212072198125,False
2025-10-18,16691.59,18961.54,15226.959,22257.045000000002,PLACEHOLDER_SEASONAL_NAIVE_7,-2269.9500000000007,2269.9500000000007,-13.599363511804452,True
2025-10-19,18131.72,17178.59,13444.009,20474.095,PLACEHOLDER_SEASONAL_NAIVE_7,953.130000000001,953.130000000001,5.256699309276787,True
2025-10-20,21075.829999999998,15203.86,11469.279,18499.365,PLACEHOLDER_SEASONAL_NAIVE_7,5871.9699999999975,5871.9699999999975,27.861156595019025,False
2025-10-21,21575.19,14635.37,10900.789,17930.875000000004,PLACEHOLDER_SEASONAL_NAIVE_7,6939.819999999998,6939.819999999998,32.16574222521331,False
2025-10-22,22091.97,19565.95,15831.369,22861.455,PLACEHOLDER_SEASONAL_NAIVE_7,2526.0200000000004,2526.0200000000004,11.434109316643108,True
2025-10-23,21849.36,19570.82,15836.239,22866.325,PLACEHOLDER_SEASONAL_NAIVE_7,2278.540000000001,2278.540000000001,10.428406140957907,True
2025-10-24,17812.18,16779.38,13044.799,20074.885000000002,PLACEHOLDER_SEASONAL_NAIVE_7,1032.7999999999993,1032.7999999999993,5.798279604180955,True
2025-10-25,20115.92,16691.59,12957.009,19987.095,PLACEHOLDER_SEASONAL_NAIVE_7,3424.329999999998,3424.329999999998,17.022984780213875,False
2025-10-26,19643.81,18131.72,14397.139000000001,21427.225000000002,PLACEHOLDER_SEASONAL_NAIVE_7,1512.0900000000001,1512.0900000000001,7.697539326637755,True
2025-10-27,21294.15,21075.829999999998,17341.249,24371.335,PLACEHOLDER_SEASONAL_NAIVE_7,218.32000000000335,218.32000000000335,1.0252581107957035,True
2025-10-28,21033.17,21575.19,17840.609,24870.695,PLACEHOLDER_SEASONAL_NAIVE_7,-542.0200000000004,542.0200000000004,-2.5769772221686056,True
2025-10-29,20438.79,22091.97,18357.389000000003,25387.475000000002,PLACEHOLDER_SEASONAL_NAIVE_7,-1653.1800000000003,1653.1800000000003,-8.088443591817326,True
2025-10-30,21508.13,21849.36,18114.779000000002,25144.865,PLACEHOLDER_SEASONAL_NAIVE_7,-341.22999999999956,341.22999999999956,-1.5865163545133842,True
2025-10-31,21773.92,17812.18,14077.599,21107.685,PLACEHOLDER_SEASONAL_NAIVE_7,3961.739999999998,3961.739999999998,18.19488635946122,False
2025-11-01,21582.24,20115.92,16381.338999999998,23411.425,PLACEHOLDER_SEASONAL_NAIVE_7,1466.3200000000033,1466.3200000000033,6.79410478245077,True
2025-11-02,21893.96,19643.81,15909.229000000001,22939.315000000002,PLACEHOLDER_SEASONAL_NAIVE_7,2250.149999999998,2250.149999999998,10.277492057170095,True
2025-11-03,16939.26,21294.15,17559.569000000003,24589.655000000002,PLACEHOLDER_SEASONAL_NAIVE_7,-4354.890000000003,4354.890000000003,-25.70885623102782,False
2025-11-04,18597.0,21033.17,17298.589,24328.675,PLACEHOLDER_SEASONAL_NAIVE_7,-2436.1699999999983,2436.1699999999983,-13.099801043179,True
2025-11-05,18881.81,20438.79,16704.209000000003,23734.295000000002,PLACEHOLDER_SEASONAL_NAIVE_7,-1556.9799999999996,1556.9799999999996,-8.245925575990858,True
2025-11-06,18600.12,21508.13,17773.549000000003,24803.635000000002,PLACEHOLDER_SEASONAL_NAIVE_7,-2908.010000000002,2908.010000000002,-15.63436149874303,True
2025-11-07,17432.25,21773.92,18039.339,25069.425,PLACEHOLDER_SEASONAL_NAIVE_7,-4341.669999999998,4341.669999999998,-24.905964519783723,False
2025-11-08,17217.21,21582.24,17847.659000000003,24877.745000000003,PLACEHOLDER_SEASONAL_NAIVE_7,-4365.0300000000025,4365.0300000000025,-25.352713941457427,False
2025-11-09,17310.83,21893.96,18159.379,25189.465,PLACEHOLDER_SEASONAL_NAIVE_7,-4583.129999999997,4583.129999999997,-26.475506951428656,False
2025-11-10,16204.99,16939.26,13204.678999999998,20234.765,PLACEHOLDER_SEASONAL_NAIVE_7,-734.2699999999986,734.2699999999986,-4.5311351626875345,True
2025-11-11,21046.56,18597.0,14862.419,21892.505,PLACEHOLDER_SEASONAL_NAIVE_7,2449.5600000000013,2449.5600000000013,11.638766620293298,True
2025-11-12,19123.66,18881.81,15147.229000000001,22177.315000000002,PLACEHOLDER_SEASONAL_NAIVE_7,241.84999999999854,241.84999999999854,1.2646637725205245,True
2025-11-13,20724.97,18600.12,14865.538999999999,21895.625,PLACEHOLDER_SEASONAL_NAIVE_7,2124.850000000002,2124.850000000002,10.252608327056697,True
2025-11-14,19608.01,17432.25,13697.669,20727.755,PLACEHOLDER_SEASONAL_NAIVE_7,2175.7599999999984,2175.7599999999984,11.096281570643827,True
2025-11-15,19099.6,17217.21,13482.628999999999,20512.715,PLACEHOLDER_SEASONAL_NAIVE_7,1882.3899999999994,1882.3899999999994,9.855651427255019,True
2025-11-16,18377.21,17310.83,13576.249000000002,20606.335000000003,PLACEHOLDER_SEASONAL_NAIVE_7,1066.3799999999974,1066.3799999999974,5.802730664774454,True
2025-11-17,14016.42,16204.99,12470.409,19500.495000000003,PLACEHOLDER_SEASONAL_NAIVE_7,-2188.5699999999997,2188.5699999999997,-15.614329479282155,True
2025-11-18,17424.3,21046.56,17311.979000000003,24342.065000000002,PLACEHOLDER_SEASONAL_NAIVE_7,-3622.260000000002,3622.260000000002,-20.788553916082726,True
2025-11-19,20381.13,19123.66,15389.079,22419.165,PLACEHOLDER_SEASONAL_NAIVE_7,1257.4700000000012,1257.4700000000012,6.169775669945685,True
2025-11-20,19661.52,20724.97,16990.389000000003,24020.475000000002,PLACEHOLDER_SEASONAL_NAIVE_7,-1063.4500000000007,1063.4500000000007,-5.408788333760568,True
2025-11-21,21679.9,19608.01,15873.428999999998,22903.515,PLACEHOLDER_SEASONAL_NAIVE_7,2071.890000000003,2071.890000000003,9.556732272750349,True
2025-11-22,19276.24,19099.6,15365.018999999998,22395.105,PLACEHOLDER_SEASONAL_NAIVE_7,176.64000000000306,176.64000000000306,0.9163612820757733,True
2025-11-23,17315.49,18377.21,14642.628999999999,21672.715,PLACEHOLDER_SEASONAL_NAIVE_7,-1061.7199999999975,1061.7199999999975,-6.131619723149604,True
2025-11-24,18999.95,14016.42,10281.839,17311.925000000003,PLACEHOLDER_SEASONAL_NAIVE_7,4983.530000000001,4983.530000000001,26.22917428730076,False
2025-11-25,19173.9,17424.3,13689.719,20719.805,PLACEHOLDER_SEASONAL_NAIVE_7,1749.6000000000022,1749.6000000000022,9.124904166601484,True
2025-11-26,20869.0,20381.13,16646.549000000003,23676.635000000002,PLACEHOLDER_SEASONAL_NAIVE_7,487.869999999999,487.869999999999,2.3377737313718865,True
2025-11-27,17781.75,19661.52,15926.939,22957.025,PLACEHOLDER_SEASONAL_NAIVE_7,-1879.7700000000004,1879.7700000000004,-10.571344215276902,True
2025-11-28,19228.06,21679.9,17945.319000000003,24975.405000000002,PLACEHOLDER_SEASONAL_NAIVE_7,-2451.84,2451.84,-12.751364412218393,True
2025-11-29,20554.23,19276.24,15541.659000000001,22571.745000000003,PLACEHOLDER_SEASONAL_NAIVE_7,1277.989999999998,1277.989999999998,6.217649603025742,True
2025-11-30,20074.01,17315.49,13580.909000000001,20610.995000000003,PLACEHOLDER_SEASONAL_NAIVE_7,2758.519999999997,2758.519999999997,13.741748659087033,True
2025-12-01,14910.61,18999.95,15265.369,22295.455,PLACEHOLDER_SEASONAL_NAIVE_7,-4089.34,4089.34,-27.425705588168427,False
2025-12-02,16192.89,19173.9,15439.319000000001,22469.405000000002,PLACEHOLDER_SEASONAL_NAIVE_7,-2981.010000000002,2981.010000000002,-18.409375966859542,True
2025-12-03,19550.65,20869.0,17134.419,24164.505,PLACEHOLDER_SEASONAL_NAIVE_7,-1318.3499999999985,1318.3499999999985,-6.743254060606672,True
2025-12-04,21821.36,17781.75,14047.169,21077.255,PLACEHOLDER_SEASONAL_NAIVE_7,4039.6100000000006,4039.6100000000006,18.512182558740612,False
2025-12-05,19624.72,19228.06,15493.479000000001,22523.565000000002,PLACEHOLDER_SEASONAL_NAIVE_7,396.65999999999985,396.65999999999985,2.021226290107578,True
2025-12-06,21163.91,20554.23,16819.649,23849.735,PLACEHOLDER_SEASONAL_NAIVE_7,609.6800000000003,609.6800000000003,2.880753131155823,True
2025-12-07,19063.12,20074.01,16339.428999999998,23369.515,PLACEHOLDER_SEASONAL_NAIVE_7,-1010.8899999999994,1010.8899999999994,-5.302857034944959,True
2025-12-08,20594.6,14910.61,11176.029,18206.115,PLACEHOLDER_SEASONAL_NAIVE_7,5683.989999999998,5683.989999999998,27.59941926524428,False
2025-12-09,20612.54,16192.89,12458.309,19488.395,PLACEHOLDER_SEASONAL_NAIVE_7,4419.6500000000015,4419.6500000000015,21.441559361437267,False
2025-12-10,21390.52,19550.65,15816.069000000001,22846.155000000002,PLACEHOLDER_SEASONAL_NAIVE_7,1839.869999999999,1839.869999999999,8.601333674917669,True
2025-12-11,19749.18,21821.36,18086.779000000002,25116.865,PLACEHOLDER_SEASONAL_NAIVE_7,-2072.1800000000003,2072.1800000000003,-10.492486270316034,True
2025-12-12,21899.9,19624.72,15890.139000000001,22920.225000000002,PLACEHOLDER_SEASONAL_NAIVE_7,2275.1800000000003,2275.1800000000003,10.388997210032922,True
2025-12-13,22964.2,21163.91,17429.329,24459.415,PLACEHOLDER_SEASONAL_NAIVE_7,1800.2900000000009,1800.2900000000009,7.839550256486186,True
2025-12-14,22492.64,19063.12,15328.538999999999,22358.625,PLACEHOLDER_SEASONAL_NAIVE_7,3429.5200000000004,3429.5200000000004,15.247298671921127,False
2025-12-15,17889.24,20594.6,16860.019,23890.105,PLACEHOLDER_SEASONAL_NAIVE_7,-2705.359999999997,2705.359999999997,-15.122833613948924,True
2025-12-16,23945.12,20612.54,16877.959000000003,23908.045000000002,PLACEHOLDER_SEASONAL_NAIVE_7,3332.579999999998,3332.579999999998,13.917574854500616,False
2025-12-17,23276.79,21390.52,17655.939000000002,24686.025,PLACEHOLDER_SEASONAL_NAIVE_7,1886.2700000000004,1886.2700000000004,8.103651749231746,True
2025-12-18,22109.47,19749.18,16014.599,23044.685,PLACEHOLDER_SEASONAL_NAIVE_7,2360.290000000001,2360.290000000001,10.675470737199944,True
2025-12-19,23000.62,21899.9,18165.319000000003,25195.405000000002,PLACEHOLDER_SEASONAL_NAIVE_7,1100.7199999999975,1100.7199999999975,4.785610127031347,True
2025-12-20,17999.41,22964.2,19229.619000000002,26259.705,PLACEHOLDER_SEASONAL_NAIVE_7,-4964.790000000001,4964.790000000001,-27.583070778431072,False
2025-12-21,18083.34,22492.64,18758.059,25788.145,PLACEHOLDER_SEASONAL_NAIVE_7,-4409.299999999999,4409.299999999999,-24.383216817247252,False
2025-12-22,20165.68,17889.24,14154.659000000001,21184.745000000003,PLACEHOLDER_SEASONAL_NAIVE_7,2276.4399999999987,2276.4399999999987,11.288684537293058,True
2025-12-23,21514.62,23945.12,20210.539,27240.625,PLACEHOLDER_SEASONAL_NAIVE_7,-2430.5,2430.5,-11.29696922371857,True
2025-12-24,21106.75,23276.79,19542.209000000003,26572.295000000002,PLACEHOLDER_SEASONAL_NAIVE_7,-2170.040000000001,2170.040000000001,-10.281260734125343,True
2025-12-25,19119.71,22109.47,18374.889000000003,25404.975000000002,PLACEHOLDER_SEASONAL_NAIVE_7,-2989.760000000002,2989.760000000002,-15.637057256621581,True
2025-12-26,20400.4,23000.62,19266.039,26296.125,PLACEHOLDER_SEASONAL_NAIVE_7,-2600.2199999999975,2600.2199999999975,-12.745926550459782,True
2025-12-27,19904.06,17999.41,14264.829,21294.915,PLACEHOLDER_SEASONAL_NAIVE_7,1904.6500000000015,1904.6500000000015,9.56915322803489,True
2025-12-28,20011.35,18083.34,14348.759,21378.845,PLACEHOLDER_SEASONAL_NAIVE_7,1928.0099999999984,1928.0099999999984,9.634582374502463,True
2025-12-29,20633.87,20165.68,16431.099000000002,23461.185,PLACEHOLDER_SEASONAL_NAIVE_7,468.1899999999987,468.1899999999987,2.2690362980865864,True
2025-12-30,19266.34,21514.62,17780.039,24810.125,PLACEHOLDER_SEASONAL_NAIVE_7,-2248.279999999999,2248.279999999999,-11.669471212487679,True
2025-12-31,20526.62,21106.75,17372.169,24402.255,PLACEHOLDER_SEASONAL_NAIVE_7,-580.130000000001,580.130000000001,-2.826232472759768,True
2026-01-01,15907.2,19119.71,15385.128999999999,22415.215,PLACEHOLDER_SEASONAL_NAIVE_7,-3212.5099999999984,3212.5099999999984,-20.195320358076835,True
2026-01-02,16836.47,20400.4,16665.819000000003,23695.905000000002,PLACEHOLDER_SEASONAL_NAIVE_7,-3563.9300000000003,3563.9300000000003,-21.167917027738,True
2026-01-03,20100.02,19904.06,16169.479000000001,23199.565000000002,PLACEHOLDER_SEASONAL_NAIVE_7,195.95999999999913,195.95999999999913,0.9749244030602912,True
2026-01-04,17321.54,20011.35,16276.768999999998,23306.855,PLACEHOLDER_SEASONAL_NAIVE_7,-2689.8099999999977,2689.8099999999977,-15.528700104032305,True
2026-01-05,19061.29,20633.87,16899.289,23929.375,PLACEHOLDER_SEASONAL_NAIVE_7,-1572.579999999998,1572.579999999998,-8.250123679981774,True
2026-01-06,17688.76,19266.34,15531.759,22561.845,PLACEHOLDER_SEASONAL_NAIVE_7,-1577.5800000000017,1577.5800000000017,-8.918544883869767,True
2026-01-07,21668.16,20526.62,16792.039,23822.125,PLACEHOLDER_SEASONAL_NAIVE_7,1141.5400000000009,1141.5400000000009,5.268283047568418,True
2026-01-08,19651.85,15907.2,12172.619,19202.705,PLACEHOLDER_SEASONAL_NAIVE_7,3744.649999999998,3744.649999999998,19.05494902515538,False
2026-01-09,18278.03,16836.47,13101.889000000001,20131.975000000002,PLACEHOLDER_SEASONAL_NAIVE_7,1441.5599999999977,1441.5599999999977,7.88684557362034,True
2026-01-10,15765.32,20100.02,16365.439,23395.525,PLACEHOLDER_SEASONAL_NAIVE_7,-4334.700000000001,4334.700000000001,-27.495160263159903,False
2026-01-11,15700.01,17321.54,13586.959,20617.045000000002,PLACEHOLDER_SEASONAL_NAIVE_7,-1621.5300000000007,1621.5300000000007,-10.328209982031861,True
2026-01-12,16136.0,19061.29,15326.709,22356.795000000002,PLACEHOLDER_SEASONAL_NAIVE_7,-2925.290000000001,2925.290000000001,-18.12896628656421,True
2026-01-13,15771.4,17688.76,13954.178999999998,20984.265,PLACEHOLDER_SEASONAL_NAIVE_7,-1917.3599999999988,1917.3599999999988,-12.157195936949154,True
2026-01-14,16810.84,21668.16,17933.579,24963.665,PLACEHOLDER_SEASONAL_NAIVE_7,-4857.32,4857.32,-28.893975553868813,False
2026-01-15,17932.59,19651.85,15917.268999999998,22947.355,PLACEHOLDER_SEASONAL_NAIVE_7,-1719.2599999999984,1719.2599999999984,-9.587349066699225,True
2026-01-16,14713.03,18278.03,14543.448999999999,21573.535,PLACEHOLDER_SEASONAL_NAIVE_7,-3564.999999999998,3564.999999999998,-24.23022314234388,True
2026-01-17,15715.58,15765.32,12030.739,19060.825,PLACEHOLDER_SEASONAL_NAIVE_7,-49.73999999999978,49.73999999999978,-0.3165012045371522,True
2026-01-18,15456.74,15700.01,11965.429,18995.515000000003,PLACEHOLDER_SEASONAL_NAIVE_7,-243.27000000000044,243.27000000000044,-1.5738765095356488,True
2026-01-19,16601.13,16136.0,12401.419,19431.505,PLACEHOLDER_SEASONAL_NAIVE_7,465.130000000001,465.130000000001,2.8017972270562366,True
2026-01-20,18711.81,15771.4,12036.819,19066.905000000002,PLACEHOLDER_SEASONAL_NAIVE_7,2940.4100000000017,2940.4100000000017,15.714193335652732,True
2026-01-21,16309.61,16810.84,13076.259,20106.345,PLACEHOLDER_SEASONAL_NAIVE_7,-501.22999999999956,501.22999999999956,-3.0732187955444643,True
2026-01-22,17441.47,17932.59,14198.009,21228.095,PLACEHOLDER_SEASONAL_NAIVE_7,-491.119999999999,491.119999999999,-2.8158177034389817,True
2026-01-23,19599.34,14713.03,10978.449,18008.535000000003,PLACEHOLDER_SEASONAL_NAIVE_7,4886.3099999999995,4886.3099999999995,24.930992574239742,False
2026-01-24,18928.69,15715.58,11980.999,19011.085000000003,PLACEHOLDER_SEASONAL_NAIVE_7,3213.1099999999988,3213.1099999999988,16.974814421917202,True
2026-01-25,19163.69,15456.74,11722.159,18752.245000000003,PLACEHOLDER_SEASONAL_NAIVE_7,3706.949999999999,3706.949999999999,19.343612842829323,False
2026-01-26,18097.6,16601.13,12866.549,19896.635000000002,PLACEHOLDER_SEASONAL_NAIVE_7,1496.4699999999975,1496.4699999999975,8.26888648218547,True
2026-01-27,17287.38,18711.81,14977.229000000001,22007.315000000002,PLACEHOLDER_SEASONAL_NAIVE_7,-1424.4300000000003,1424.4300000000003,-8.239710123801295,True
2026-01-28,19910.42,16309.61,12575.029,19605.115,PLACEHOLDER_SEASONAL_NAIVE_7,3600.8099999999977,3600.8099999999977,18.085052952172774,False
2026-01-29,18665.39,17441.47,13706.889000000001,20736.975000000002,PLACEHOLDER_SEASONAL_NAIVE_7,1223.9199999999983,1223.9199999999983,6.557162748809418,True
2026-01-30,17115.41,19599.34,15864.759,22894.845,PLACEHOLDER_SEASONAL_NAIVE_7,-2483.9300000000003,2483.9300000000003,-14.512827913558601,True
2026-01-31,18011.12,18928.69,15194.108999999999,22224.195,PLACEHOLDER_SEASONAL_NAIVE_7,-917.5699999999997,917.5699999999997,-5.094463864545902,True
2026-02-01,17460.86,19163.69,15429.108999999999,22459.195,PLACEHOLDER_SEASONAL_NAIVE_7,-1702.829999999998,1702.829999999998,-9.75226878859345,True
2026-02-02,16882.01,18097.6,14363.018999999998,21393.105,PLACEHOLDER_SEASONAL_NAIVE_7,-1215.5900000000001,1215.5900000000001,-7.200505153118616,True
2026-02-03,18721.92,17287.38,13552.799,20582.885000000002,PLACEHOLDER_SEASONAL_NAIVE_7,1434.5399999999972,1434.5399999999972,7.662355143062236,True
2026-02-04,20339.8,19910.42,16175.838999999998,23205.925,PLACEHOLDER_SEASONAL_NAIVE_7,429.380000000001,429.380000000001,2.111033540152809,True
2026-02-05,18540.79,18665.39,14930.809,21960.895,PLACEHOLDER_SEASONAL_NAIVE_7,-124.59999999999854,124.59999999999854,-0.672031774266353,True
2026-02-06,19652.25,17115.41,13380.829,20410.915,PLACEHOLDER_SEASONAL_NAIVE_7,2536.84,2536.84,12.90864913686728,True
2026-02-07,20080.19,18011.12,14276.538999999999,21306.625,PLACEHOLDER_SEASONAL_NAIVE_7,2069.0699999999997,2069.0699999999997,10.304035967787156,True
2026-02-08,19543.13,17460.86,13726.279,20756.365,PLACEHOLDER_SEASONAL_NAIVE_7,2082.2700000000004,2082.2700000000004,10.65474158949974,True
2026-02-09,19629.34,16882.01,13147.428999999998,20177.515,PLACEHOLDER_SEASONAL_NAIVE_7,2747.3300000000017,2747.3300000000017,13.996038583059859,True
2026-02-10,21247.77,18721.92,14987.338999999998,22017.425,PLACEHOLDER_SEASONAL_NAIVE_7,2525.850000000002,2525.850000000002,11.887600439952061,True
2026-02-11,20158.95,20339.8,16605.219,23635.305,PLACEHOLDER_SEASONAL_NAIVE_7,-180.84999999999854,180.84999999999854,-0.8971201377055775,True
2026-02-12,24089.55,18540.79,14806.209,21836.295000000002,PLACEHOLDER_SEASONAL_NAIVE_7,5548.759999999998,5548.759999999998,23.033888138217602,False
2026-02-13,18142.55,19652.25,15917.669,22947.755,PLACEHOLDER_SEASONAL_NAIVE_7,-1509.7000000000007,1509.7000000000007,-8.321321975135804,True
2026-02-14,18896.79,20080.19,16345.608999999999,23375.695,PLACEHOLDER_SEASONAL_NAIVE_7,-1183.3999999999978,1183.3999999999978,-6.262439282015611,True
2026-02-15,18360.69,19543.13,15808.549,22838.635000000002,PLACEHOLDER_SEASONAL_NAIVE_7,-1182.4400000000023,1182.4400000000023,-6.440062982382483,True
2026-02-16,21291.46,19629.34,15894.759,22924.845,PLACEHOLDER_SEASONAL_NAIVE_7,1662.119999999999,1662.119999999999,7.8065102158330095,True
2026-02-17,19040.26,21247.77,17513.189000000002,24543.275,PLACEHOLDER_SEASONAL_NAIVE_7,-2207.510000000002,2207.510000000002,-11.593906805894468,True
2026-02-18,18693.08,20158.95,16424.369000000002,23454.455,PLACEHOLDER_SEASONAL_NAIVE_7,-1465.869999999999,1465.869999999999,-7.841778882880718,True
2026-02-19,19457.44,24089.55,20354.969,27385.055,PLACEHOLDER_SEASONAL_NAIVE_7,-4632.110000000001,4632.110000000001,-23.806369183201905,False
2026-02-20,19521.42,18142.55,14407.969,21438.055,PLACEHOLDER_SEASONAL_NAIVE_7,1378.869999999999,1378.869999999999,7.063369365548199,True
2026-02-21,16915.12,18896.79,15162.209,22192.295000000002,PLACEHOLDER_SEASONAL_NAIVE_7,-1981.670000000002,1981.670000000002,-11.71537653885992,True
2026-02-22,18794.28,18360.69,14626.108999999999,21656.195,PLACEHOLDER_SEASONAL_NAIVE_7,433.59000000000015,433.59000000000015,2.3070317139044443,True
2026-02-23,20031.49,21291.46,17556.879,24586.965,PLACEHOLDER_SEASONAL_NAIVE_7,-1259.9699999999975,1259.9699999999975,-6.289946479268379,True
2026-02-24,18962.55,19040.26,15305.678999999998,22335.765,PLACEHOLDER_SEASONAL_NAIVE_7,-77.70999999999913,77.70999999999913,-0.40980775264929625,True
2026-02-25,20148.27,18693.08,14958.499000000002,21988.585000000003,PLACEHOLDER_SEASONAL_NAIVE_7,1455.1899999999987,1455.1899999999987,7.22240668801837,True
2026-02-26,17697.09,19457.44,15722.858999999999,22752.945,PLACEHOLDER_SEASONAL_NAIVE_7,-1760.3499999999985,1760.3499999999985,-9.947115599231278,True
2026-02-27,16549.14,19521.42,15786.838999999998,22816.925,PLACEHOLDER_SEASONAL_NAIVE_7,-2972.279999999999,2972.279999999999,-17.96032905637392,True
2026-02-28,18717.43,16915.12,13180.538999999999,20210.625,PLACEHOLDER_SEASONAL_NAIVE_7,1802.3100000000013,1802.3100000000013,9.629046295351452,True
2026-03-01,20497.58,18794.28,15059.698999999999,22089.785,PLACEHOLDER_SEASONAL_NAIVE_7,1703.300000000003,1703.300000000003,8.30976144500962,True
2026-03-02,19440.97,20031.49,16296.909000000001,23326.995000000003,PLACEHOLDER_SEASONAL_NAIVE_7,-590.5200000000004,590.5200000000004,-3.0375027583500227,True
2026-03-03,20925.53,18962.55,15227.969,22258.055,PLACEHOLDER_SEASONAL_NAIVE_7,1962.9799999999996,1962.9799999999996,9.38078987724564,True
2026-03-04,19609.42,20148.27,16413.689000000002,23443.775,PLACEHOLDER_SEASONAL_NAIVE_7,-538.8500000000022,538.8500000000022,-2.7479140127551056,True
2026-03-05,20565.17,17697.09,13962.509,20992.595,PLACEHOLDER_SEASONAL_NAIVE_7,2868.079999999998,2868.079999999998,13.946298523182636,True
2026-03-06,20276.56,16549.14,12814.559,19844.645,PLACEHOLDER_SEASONAL_NAIVE_7,3727.420000000002,3727.420000000002,18.38290124163074,False
2026-03-07,19292.01,18717.43,14982.849,22012.935,PLACEHOLDER_SEASONAL_NAIVE_7,574.5799999999981,574.5799999999981,2.9783314439501023,True
2026-03-08,20631.9,20497.58,16762.999000000003,23793.085000000003,PLACEHOLDER_SEASONAL_NAIVE_7,134.3199999999997,134.3199999999997,0.6510306854918825,True
2026-03-09,19423.53,19440.97,15706.389000000001,22736.475000000002,PLACEHOLDER_SEASONAL_NAIVE_7,-17.44000000000233,17.44000000000233,-0.08978800454913359,True
2026-03-10,19683.82,20925.53,17190.949,24221.035,PLACEHOLDER_SEASONAL_NAIVE_7,-1241.7099999999991,1241.7099999999991,-6.308277559945169,True
2026-03-11,19625.03,19609.42,15874.838999999998,22904.925,PLACEHOLDER_SEASONAL_NAIVE_7,15.610000000000582,15.610000000000582,0.07954127968212321,True
2026-03-12,20195.77,20565.17,16830.589,23860.675,PLACEHOLDER_SEASONAL_NAIVE_7,-369.3999999999978,369.3999999999978,-1.8290958948334122,True
2026-03-13,20044.83,20276.56,16541.979000000003,23572.065000000002,PLACEHOLDER_SEASONAL_NAIVE_7,-231.72999999999956,231.72999999999956,-1.1560586944364186,True
2026-03-14,19767.6,19292.01,15557.428999999998,22587.515,PLACEHOLDER_SEASONAL_NAIVE_7,475.59000000000015,475.59000000000015,2.4059066350998615,True
2026-03-15,21099.21,20631.9,16897.319000000003,23927.405000000002,PLACEHOLDER_SEASONAL_NAIVE_7,467.3099999999977,467.3099999999977,2.2148222611178223,True
2026-03-16,20201.64,19423.53,15688.948999999999,22719.035,PLACEHOLDER_SEASONAL_NAIVE_7,778.1100000000006,778.1100000000006,3.851716989313742,True
2026-03-17,20232.11,19683.82,15949.239,22979.325,PLACEHOLDER_SEASONAL_NAIVE_7,548.2900000000009,548.2900000000009,2.709999105382488,True
2026-03-18,19874.43,19625.03,15890.448999999999,22920.535,PLACEHOLDER_SEASONAL_NAIVE_7,249.40000000000146,249.40000000000146,1.2548787562712562,True
2026-03-19,20374.391201,20195.77,16461.189000000002,23491.275,PLACEHOLDER_SEASONAL_NAIVE_7,178.6212009999981,178.6212009999981,0.8766946665441036,True
2026-03-20,19535.28,20044.83,16310.249000000002,23340.335000000003,PLACEHOLDER_SEASONAL_NAIVE_7,-509.5500000000029,509.5500000000029,-2.608357801884605,True
2026-03-21,0.0,19767.6,16033.018999999998,23063.105,PLACEHOLDER_SEASONAL_NAIVE_7,-19767.6,19767.6,,False
2026-03-22,15806.22,21099.21,17364.629,24394.715,PLACEHOLDER_SEASONAL_NAIVE_7,-5292.99,5292.99,-33.486753948761944,False
2026-03-23,15247.6,20201.64,16467.059,23497.145,PLACEHOLDER_SEASONAL_NAIVE_7,-4954.039999999999,4954.039999999999,-32.490621474855054,False
2026-03-24,15653.83,20232.11,16497.529000000002,23527.615,PLACEHOLDER_SEASONAL_NAIVE_7,-4578.280000000001,4578.280000000001,-29.24702772420552,False
2026-03-25,14582.83,19874.43,16139.849,23169.935,PLACEHOLDER_SEASONAL_NAIVE_7,-5291.6,5291.6,-36.28650954581518,False
2026-03-26,13406.91,20374.391201,16639.810201,23669.896201,PLACEHOLDER_SEASONAL_NAIVE_7,-6967.481200999999,6967.481200999999,-51.96932925633124,False
2026-03-27,13923.55,19535.28,15800.698999999999,22830.785,PLACEHOLDER_SEASONAL_NAIVE_7,-5611.73,5611.73,-40.30387365291179,False
2026-03-28,16634.76,0.0,-3734.5809999999997,3295.5050000000024,PLACEHOLDER_SEASONAL_NAIVE_7,16634.76,16634.76,100.0,False
2026-03-29,14103.27,15806.22,12071.639,19101.725000000002,PLACEHOLDER_SEASONAL_NAIVE_7,-1702.949999999999,1702.949999999999,-12.074859234773204,True
2026-03-30,7992.49,15247.6,11513.019,18543.105000000003,PLACEHOLDER_SEASONAL_NAIVE_7,-7255.110000000001,7255.110000000001,-90.77408917621418,False
2026-03-31,19946.27,15653.83,11919.249,18949.335000000003,PLACEHOLDER_SEASONAL_NAIVE_7,4292.4400000000005,4292.4400000000005,21.520013516311572,False
2026-04-01,9801.36,14582.83,10848.249,17878.335000000003,PLACEHOLDER_SEASONAL_NAIVE_7,-4781.469999999999,4781.469999999999,-48.78374021564353,False
2026-04-02,23494.75,13406.91,9672.329,16702.415,PLACEHOLDER_SEASONAL_NAIVE_7,10087.84,10087.84,42.936570936060185,False
2026-04-03,13785.09,13923.55,10188.969,17219.055,PLACEHOLDER_SEASONAL_NAIVE_7,-138.45999999999913,138.45999999999913,-1.0044185420624683,True
2026-04-04,17412.49,16634.76,12900.178999999998,19930.265,PLACEHOLDER_SEASONAL_NAIVE_7,777.7300000000032,777.7300000000032,4.466506513428023,True
2026-04-05,15121.02,14103.27,10368.689,17398.775,PLACEHOLDER_SEASONAL_NAIVE_7,1017.75,1017.75,6.73069673871207,True
2026-04-06,15659.35,7992.49,4257.909,11287.995000000003,PLACEHOLDER_SEASONAL_NAIVE_7,7666.860000000001,7666.860000000001,48.960269742997,False
2026-04-07,17670.52,19946.27,16211.689,23241.775,PLACEHOLDER_SEASONAL_NAIVE_7,-2275.75,2275.75,-12.878794738355182,True
2026-04-08,19323.65,9801.36,6066.779,13096.865000000003,PLACEHOLDER_SEASONAL_NAIVE_7,9522.29,9522.29,49.27790557166995,False
2026-04-09,19393.99,23494.75,19760.169,26790.255,PLACEHOLDER_SEASONAL_NAIVE_7,-4100.759999999998,4100.759999999998,-21.144488576100112,False
2026-04-10,17604.51,13785.09,10050.509,17080.595,PLACEHOLDER_SEASONAL_NAIVE_7,3819.4199999999983,3819.4199999999983,21.695690479314667,False
2026-04-11,18509.07,17412.49,13677.909000000001,20707.995000000003,PLACEHOLDER_SEASONAL_NAIVE_7,1096.579999999998,1096.579999999998,5.924554826363497,True
2026-04-12,17678.39,15121.02,11386.439,18416.525,PLACEHOLDER_SEASONAL_NAIVE_7,2557.369999999999,2557.369999999999,14.466079773101503,True
2026-04-13,16614.23,15659.35,11924.769,18954.855000000003,PLACEHOLDER_SEASONAL_NAIVE_7,954.8799999999992,954.8799999999992,5.7473623514300645,True
2026-04-14,18071.45,17670.52,13935.939,20966.025,PLACEHOLDER_SEASONAL_NAIVE_7,400.9300000000003,400.9300000000003,2.218582349507097,True
2026-04-15,16994.6,19323.65,15589.069000000001,22619.155000000002,PLACEHOLDER_SEASONAL_NAIVE_7,-2329.050000000003,2329.050000000003,-13.70464735857274,True
2026-04-16,18149.45,19393.99,15659.409000000001,22689.495000000003,PLACEHOLDER_SEASONAL_NAIVE_7,-1244.5400000000009,1244.5400000000009,-6.857177490226982,True
2026-04-17,18809.48,17604.51,13869.928999999998,20900.015,PLACEHOLDER_SEASONAL_NAIVE_7,1204.9700000000012,1204.9700000000012,6.406184540986786,True
2026-04-18,20633.44,18509.07,14774.489,21804.575,PLACEHOLDER_SEASONAL_NAIVE_7,2124.369999999999,2124.369999999999,10.295762606719961,True
2026-04-19,20084.6,17678.39,13943.809,20973.895,PLACEHOLDER_SEASONAL_NAIVE_7,2406.209999999999,2406.209999999999,11.980373022116444,True
2026-04-20,18756.08,16614.23,12879.649,19909.735,PLACEHOLDER_SEASONAL_NAIVE_7,2141.850000000002,2141.850000000002,11.419497037760566,True
2026-04-21,17512.76,18071.45,14336.869,21366.955,PLACEHOLDER_SEASONAL_NAIVE_7,-558.6900000000023,558.6900000000023,-3.1901881827878777,True
2026-04-22,20863.3,16994.6,13260.018999999998,20290.105,PLACEHOLDER_SEASONAL_NAIVE_7,3868.7000000000007,3868.7000000000007,18.543087622763423,False
2026-04-23,17484.86,18149.45,14414.869,21444.955,PLACEHOLDER_SEASONAL_NAIVE_7,-664.5900000000001,664.5900000000001,-3.8009455037100675,True
2026-04-24,18753.73,18809.48,15074.899,22104.985,PLACEHOLDER_SEASONAL_NAIVE_7,-55.75,55.75,-0.2972741955866913,True
2026-04-25,18963.03,20633.44,16898.859,23928.945,PLACEHOLDER_SEASONAL_NAIVE_7,-1670.4099999999999,1670.4099999999999,-8.808771593991043,True
2026-04-26,20709.72,20084.6,16350.018999999998,23380.105,PLACEHOLDER_SEASONAL_NAIVE_7,625.1200000000026,625.1200000000026,3.01848600560511,True
2026-04-27,17020.46,18756.08,15021.499000000002,22051.585000000003,PLACEHOLDER_SEASONAL_NAIVE_7,-1735.6200000000026,1735.6200000000026,-10.197256713390841,True
2026-04-28,18532.88,17512.76,13778.178999999998,20808.265,PLACEHOLDER_SEASONAL_NAIVE_7,1020.1200000000026,1020.1200000000026,5.504379243808855,True
2026-04-29,16488.92,20863.3,17128.719,24158.805,PLACEHOLDER_SEASONAL_NAIVE_7,-4374.380000000001,4374.380000000001,-26.52920870499706,False
2026-04-30,20012.56,17484.86,13750.279,20780.365,PLACEHOLDER_SEASONAL_NAIVE_7,2527.7000000000007,2527.7000000000007,12.630568003293934,True
2026-05-01,19106.63,18753.73,15019.149,22049.235,PLACEHOLDER_SEASONAL_NAIVE_7,352.90000000000146,352.90000000000146,1.8470028466558541,True
2026-05-02,18771.47,18963.03,15228.448999999999,22258.535,PLACEHOLDER_SEASONAL_NAIVE_7,-191.55999999999767,191.55999999999767,-1.0204848101933288,True
2026-05-03,17715.47,20709.72,16975.139000000003,24005.225000000002,PLACEHOLDER_SEASONAL_NAIVE_7,-2994.25,2994.25,-16.90189422013641,True
2026-05-04,13535.3,17020.46,13285.878999999999,20315.965,PLACEHOLDER_SEASONAL_NAIVE_7,-3485.16,3485.16,-25.748671991016085,True
2026-05-05,16776.64,18532.88,14798.299,21828.385000000002,PLACEHOLDER_SEASONAL_NAIVE_7,-1756.2400000000016,1756.2400000000016,-10.468365536841713,True
2026-05-06,20683.04,16488.92,12754.338999999998,19784.425,PLACEHOLDER_SEASONAL_NAIVE_7,4194.120000000003,4194.120000000003,20.278063572859708,False
2026-05-07,15654.72,20012.56,16277.979000000001,23308.065000000002,PLACEHOLDER_SEASONAL_NAIVE_7,-4357.840000000002,4357.840000000002,-27.837227366570605,False
2026-05-08,18656.25,19106.63,15372.049,22402.135000000002,PLACEHOLDER_SEASONAL_NAIVE_7,-450.380000000001,450.380000000001,-2.414097152428816,True
2026-05-09,17638.94,18771.47,15036.889000000001,22066.975000000002,PLACEHOLDER_SEASONAL_NAIVE_7,-1132.5300000000025,1132.5300000000025,-6.420623915042528,True
2026-05-10,18495.16,17715.47,13980.889000000001,21010.975000000002,PLACEHOLDER_SEASONAL_NAIVE_7,779.6899999999987,779.6899999999987,4.215643444014535,True
2026-05-11,15581.72,13535.3,9800.719,16830.805,PLACEHOLDER_SEASONAL_NAIVE_7,2046.42,2046.42,13.133466651948567,True
2026-05-12,17227.47,16776.64,13042.059,20072.145,PLACEHOLDER_SEASONAL_NAIVE_7,450.83000000000175,450.83000000000175,2.6169251782182856,True
2026-05-13,17835.81,20683.04,16948.459000000003,23978.545000000002,PLACEHOLDER_SEASONAL_NAIVE_7,-2847.2299999999996,2847.2299999999996,-15.96355870577226,True
2026-05-14,19367.89,15654.72,11920.139,18950.225000000002,PLACEHOLDER_SEASONAL_NAIVE_7,3713.17,3713.17,19.17178381331162,False
2026-05-15,17930.65,18656.25,14921.669,21951.755,PLACEHOLDER_SEASONAL_NAIVE_7,-725.5999999999985,725.5999999999985,-4.046702155248128,True
2026-05-16,16704.9,17638.94,13904.358999999999,20934.445,PLACEHOLDER_SEASONAL_NAIVE_7,-934.0399999999972,934.0399999999972,-5.591413297894612,True
2026-05-17,18795.49,18495.16,14760.579,21790.665,PLACEHOLDER_SEASONAL_NAIVE_7,300.33000000000175,300.33000000000175,1.597883322009704,True
2026-05-18,18337.22,15581.72,11847.139,18877.225000000002,PLACEHOLDER_SEASONAL_NAIVE_7,2755.500000000002,2755.500000000002,15.026814315365153,True
2026-05-19,16648.59,17227.47,13492.889000000001,20522.975000000002,PLACEHOLDER_SEASONAL_NAIVE_7,-578.880000000001,578.880000000001,-3.477051209742092,True
2026-05-20,20426.13,17835.81,14101.229000000001,21131.315000000002,PLACEHOLDER_SEASONAL_NAIVE_7,2590.3199999999997,2590.3199999999997,12.681403672648708,True
2026-05-21,18848.81,19367.89,15633.309,22663.395,PLACEHOLDER_SEASONAL_NAIVE_7,-519.0799999999981,519.0799999999981,-2.7539139075623242,True
2026-05-22,16537.61,17930.65,14196.069000000001,21226.155000000002,PLACEHOLDER_SEASONAL_NAIVE_7,-1393.0400000000009,1393.0400000000009,-8.423466268705097,True
2026-05-23,21169.03,16704.9,12970.319000000001,20000.405000000002,PLACEHOLDER_SEASONAL_NAIVE_7,4464.129999999997,4464.129999999997,21.088023400221918,False
2026-05-24,16911.25,18795.49,15060.909000000001,22090.995000000003,PLACEHOLDER_SEASONAL_NAIVE_7,-1884.2400000000016,1884.2400000000016,-11.141932145760967,True
2026-05-25,16000.869999999999,18337.22,14602.639000000001,21632.725000000002,PLACEHOLDER_SEASONAL_NAIVE_7,-2336.350000000002,2336.350000000002,-14.601393549225774,True
2026-05-26,16897.82,16648.59,12914.009,19944.095,PLACEHOLDER_SEASONAL_NAIVE_7,249.22999999999956,249.22999999999956,1.4749239842772592,True
2026-05-27,11973.65,20426.13,16691.549000000003,23721.635000000002,PLACEHOLDER_SEASONAL_NAIVE_7,-8452.480000000001,8452.480000000001,-70.59234235174739,False
2026-05-28,12826.53,18848.81,15114.229000000001,22144.315000000002,PLACEHOLDER_SEASONAL_NAIVE_7,-6022.280000000001,6022.280000000001,-46.95174766675009,False
2026-05-29,16110.49,16537.61,12803.029,19833.115,PLACEHOLDER_SEASONAL_NAIVE_7,-427.1200000000008,427.1200000000008,-2.6511918631897653,True
2026-05-30,16568.79,21169.03,17434.449,24464.535,PLACEHOLDER_SEASONAL_NAIVE_7,-4600.239999999998,4600.239999999998,-27.764489742461567,False
2026-05-31,16985.7,16911.25,13176.669,20206.755,PLACEHOLDER_SEASONAL_NAIVE_7,74.45000000000073,74.45000000000073,0.43830987242210057,True
2026-06-01,16788.07,16000.869999999999,12266.288999999999,19296.375,PLACEHOLDER_SEASONAL_NAIVE_7,787.2000000000007,787.2000000000007,4.689044065220128,True
2026-06-02,16362.06,16897.82,13163.239,20193.325,PLACEHOLDER_SEASONAL_NAIVE_7,-535.7600000000002,535.7600000000002,-3.2744043231720226,True
2026-06-03,18004.5,11973.65,8239.069,15269.155000000002,PLACEHOLDER_SEASONAL_NAIVE_7,6030.85,6030.85,33.49634813518843,False
2026-06-04,18244.55,12826.53,9091.949,16122.035000000003,PLACEHOLDER_SEASONAL_NAIVE_7,5418.019999999999,5418.019999999999,29.696649136317415,False
2026-06-05,17113.64,16110.49,12375.909,19405.995000000003,PLACEHOLDER_SEASONAL_NAIVE_7,1003.1499999999996,1003.1499999999996,5.861698621684222,True
2026-06-06,18387.63,16568.79,12834.209,19864.295000000002,PLACEHOLDER_SEASONAL_NAIVE_7,1818.8400000000001,1818.8400000000001,9.89164998425572,True
2026-06-07,17865.65,16985.7,13251.119,20281.205,PLACEHOLDER_SEASONAL_NAIVE_7,879.9500000000007,879.9500000000007,4.925373552039812,True
2026-06-08,14449.95,16788.07,13053.489,20083.575,PLACEHOLDER_SEASONAL_NAIVE_7,-2338.119999999999,2338.119999999999,-16.180817234661703,True
2026-06-09,16285.92,16362.06,12627.479,19657.565000000002,PLACEHOLDER_SEASONAL_NAIVE_7,-76.13999999999942,76.13999999999942,-0.4675204102684983,True
2026-06-10,17961.16,18004.5,14269.919,21300.005,PLACEHOLDER_SEASONAL_NAIVE_7,-43.340000000000146,43.340000000000146,-0.24129844620280733,True
2026-06-11,18375.39,18244.55,14509.969,21540.055,PLACEHOLDER_SEASONAL_NAIVE_7,130.84000000000015,130.84000000000015,0.712039309097658,True
2026-06-12,16712.28,17113.64,13379.059,20409.145,PLACEHOLDER_SEASONAL_NAIVE_7,-401.3600000000006,401.3600000000006,-2.4015873357794426,True
2026-06-13,16650.69,18387.63,14653.049,21683.135000000002,PLACEHOLDER_SEASONAL_NAIVE_7,-1736.9400000000023,1736.9400000000023,-10.431639769883425,True
2026-06-14,18836.986,17865.65,14131.069000000001,21161.155000000002,PLACEHOLDER_SEASONAL_NAIVE_7,971.3359999999993,971.3359999999993,5.1565361889635595,True
2026-06-15,17105.46,14449.95,10715.369,17745.455,PLACEHOLDER_SEASONAL_NAIVE_7,2655.5099999999984,2655.5099999999984,15.524341350656448,True
2026-06-16,16442.14,16285.92,12551.339,19581.425000000003,PLACEHOLDER_SEASONAL_NAIVE_7,156.21999999999935,156.21999999999935,0.9501196316294555,True
2026-06-17,17926.96,17961.16,14226.579,21256.665,PLACEHOLDER_SEASONAL_NAIVE_7,-34.20000000000073,34.20000000000073,-0.19077411898057858,True
2026-06-18,16111.97,18375.39,14640.809,21670.895,PLACEHOLDER_SEASONAL_NAIVE_7,-2263.42,2263.42,-14.048064885920219,True
2026-06-19,18988.53,16712.28,12977.698999999999,20007.785,PLACEHOLDER_SEASONAL_NAIVE_7,2276.25,2276.25,11.987499822261123,True
2026-06-20,17554.3,16650.69,12916.108999999999,19946.195,PLACEHOLDER_SEASONAL_NAIVE_7,903.6100000000006,903.6100000000006,5.1475137145884515,True
2026-06-21,19288.21,18836.986,15102.405,22132.491,PLACEHOLDER_SEASONAL_NAIVE_7,451.22399999999834,451.22399999999834,2.3393772672528885,True
2026-06-22,19242.75,17105.46,13370.878999999999,20400.965,PLACEHOLDER_SEASONAL_NAIVE_7,2137.290000000001,2137.290000000001,11.106988346260284,True
2026-06-23,18425.26,16442.14,12707.559,19737.645,PLACEHOLDER_SEASONAL_NAIVE_7,1983.119999999999,1983.119999999999,10.76305029074216,True
2026-06-24,17404.86,17926.96,14192.378999999999,21222.465,PLACEHOLDER_SEASONAL_NAIVE_7,-522.0999999999985,522.0999999999985,-2.9997368551082775,True
2026-06-25,17205.16,16111.97,12377.389,19407.475000000002,PLACEHOLDER_SEASONAL_NAIVE_7,1093.1900000000005,1093.1900000000005,6.353849659055774,True
2026-06-26,19525.61,18988.53,15253.948999999999,22284.035,PLACEHOLDER_SEASONAL_NAIVE_7,537.0800000000017,537.0800000000017,2.7506438979371284,True
2026-06-27,17702.32,17554.3,13819.719,20849.805,PLACEHOLDER_SEASONAL_NAIVE_7,148.02000000000044,148.02000000000044,0.8361615878596728,True
2026-06-28,18103.41,19288.21,15553.628999999999,22583.715,PLACEHOLDER_SEASONAL_NAIVE_7,-1184.7999999999993,1184.7999999999993,-6.544623361013198,True
2026-06-29,15515.58,19242.75,15508.169,22538.255,PLACEHOLDER_SEASONAL_NAIVE_7,-3727.17,3727.17,-24.02211196745465,True
2026-06-30,18294.76,18425.26,14690.678999999998,21720.765,PLACEHOLDER_SEASONAL_NAIVE_7,-130.5,130.5,-0.7133190050047118,True
2026-07-01,18612.88,17404.86,13670.279,20700.365,PLACEHOLDER_SEASONAL_NAIVE_7,1208.0200000000004,1208.0200000000004,6.490236868233182,True
2026-07-02,17378.43,17205.16,13470.579,20500.665,PLACEHOLDER_SEASONAL_NAIVE_7,173.27000000000044,173.27000000000044,0.9970405842184847,True
2026-07-03,17764.71,19525.61,15791.029,22821.115,PLACEHOLDER_SEASONAL_NAIVE_7,-1760.9000000000015,1760.9000000000015,-9.912348695813225,True
2026-07-04,18983.36,17702.32,13967.739,20997.825,PLACEHOLDER_SEASONAL_NAIVE_7,1281.0400000000009,1281.0400000000009,6.748225814608166,True
2026-07-05,18195.46,18103.41,14368.829,21398.915,PLACEHOLDER_SEASONAL_NAIVE_7,92.04999999999927,92.04999999999927,0.505895426661372,True
2026-07-06,18110.07,15515.58,11780.999,18811.085000000003,PLACEHOLDER_SEASONAL_NAIVE_7,2594.49,2594.49,14.326228446383697,True
2026-07-07,17274.02,18294.76,14560.178999999998,21590.265,PLACEHOLDER_SEASONAL_NAIVE_7,-1020.739999999998,1020.739999999998,-5.909105118553747,True
2026-07-08,18062.32,18612.88,14878.299,21908.385000000002,PLACEHOLDER_SEASONAL_NAIVE_7,-550.5600000000013,550.5600000000013,-3.04811342064586,True
2026-07-09,18322.88,17378.43,13643.849,20673.935,PLACEHOLDER_SEASONAL_NAIVE_7,944.4500000000007,944.4500000000007,5.154484447859729,True
2026-07-10,17900.26,17764.71,14030.128999999999,21060.215,PLACEHOLDER_SEASONAL_NAIVE_7,135.54999999999927,135.54999999999927,0.7572515706475732,True
2026-07-11,18109.14,18983.36,15248.779,22278.865,PLACEHOLDER_SEASONAL_NAIVE_7,-874.2200000000012,874.2200000000012,-4.827506993705947,True
2026-07-12,16787.4,18195.46,14460.878999999999,21490.965,PLACEHOLDER_SEASONAL_NAIVE_7,-1408.0599999999977,1408.0599999999977,-8.387600223977493,True
2026-07-13,16777.12,18110.07,14375.489,21405.575,PLACEHOLDER_SEASONAL_NAIVE_7,-1332.9500000000007,1332.9500000000007,-7.945046587256936,True
2026-07-14,18003.75,17274.02,13539.439,20569.525,PLACEHOLDER_SEASONAL_NAIVE_7,729.7299999999996,729.7299999999996,4.053211136568768,True
2026-07-15,17579.65,18062.32,14327.739,21357.825,PLACEHOLDER_SEASONAL_NAIVE_7,-482.66999999999825,482.66999999999825,-2.745617802402199,True
2026-07-16,19460.1,18322.88,14588.299,21618.385000000002,PLACEHOLDER_SEASONAL_NAIVE_7,1137.2199999999975,1137.2199999999975,5.843854861999669,True
2026-07-17,19747.29,17900.26,14165.678999999998,21195.765,PLACEHOLDER_SEASONAL_NAIVE_7,1847.0300000000025,1847.0300000000025,9.353334052419356,True
2026-07-18,20690.05,18109.14,14374.559,21404.645,PLACEHOLDER_SEASONAL_NAIVE_7,2580.91,2580.91,12.474160284774566,True
2026-07-19,20752.27,16787.4,13052.819000000001,20082.905000000002,PLACEHOLDER_SEASONAL_NAIVE_7,3964.869999999999,3964.869999999999,19.10571710950175,False
2026-07-20,21081.68,16777.12,13042.538999999999,20072.625,PLACEHOLDER_SEASONAL_NAIVE_7,4304.560000000001,4304.560000000001,20.418486572227646,False
2026-07-21,0.0,18003.75,14269.169,21299.255,PLACEHOLDER_SEASONAL_NAIVE_7,-18003.75,18003.75,,False
