year,month,month_name,equipment_category,workbook_reported_total,recalculated_total,difference_liter,difference_percentage,validation_status
2025,1,Januari 2025,BUS,4556.69,4556.69,0.0,0.0,MATCH
2025,1,Januari 2025,ELF,3223.39,3223.39,0.0,0.0,MATCH
2025,1,Januari 2025,HEAD_TRUCK,183572.9,183572.9,0.0,0.0,MATCH
2025,1,Januari 2025,KEND_OPS,6771.5199999999995,6771.52,9.094947017729282e-13,0.0,MATCH
2025,1,Januari 2025,MODUL,4002.5,4002.5,0.0,0.0,MATCH
2025,1,Januari 2025,RTGC,369577.89999999997,369577.9,5.820766091346741e-11,0.0,MATCH
2025,1,Januari 2025,SUPPORT,11820.130000000001,11820.13,-1.8189894035458565e-12,-0.0,MATCH
2025,2,Februari 2025,BUS,3991.79,3991.79,0.0,0.0,MATCH
2025,2,Februari 2025,ELF,2894.14,2894.14,0.0,0.0,MATCH
2025,2,Februari 2025,HEAD_TRUCK,155153.2,155153.2,0.0,0.0,MATCH
2025,2,Februari 2025,KEND_OPS,5890.7,5890.7,0.0,0.0,MATCH
2025,2,Februari 2025,MODUL,2000.0,2000.0,0.0,0.0,MATCH
2025,2,Februari 2025,RTGC,317356.70999999996,317356.71,5.820766091346741e-11,0.0,MATCH
2025,2,Februari 2025,SUPPORT,9428.56,9428.56,0.0,0.0,MATCH
2025,3,Maret 2025,BUS,4130.33,4413.16,282.8299999999999,6.85,MAJOR DIFFERENCE
2025,3,Maret 2025,ELF,3046.43,3251.98,205.55000000000018,6.75,MAJOR DIFFERENCE
2025,3,Maret 2025,HEAD_TRUCK,157164.63999999998,167627.62,10462.98000000001,6.66,MAJOR DIFFERENCE
2025,3,Maret 2025,KEND_OPS,5631.0,6108.44,477.4399999999996,8.48,MAJOR DIFFERENCE
2025,3,Maret 2025,MODUL,0.0,0.0,0.0,,NO_WORKBOOK_VALUE
2025,3,Maret 2025,RTGC,340622.89999999997,360839.00299999997,20216.103000000003,5.94,MAJOR DIFFERENCE
2025,3,Maret 2025,SUPPORT,8582.550000000001,9274.99,692.4399999999987,8.07,MAJOR DIFFERENCE
2025,4,April 2025,BUS,4076.64,4366.51,289.87000000000035,7.11,MAJOR DIFFERENCE
2025,4,April 2025,ELF,2975.39,3200.38,224.99000000000024,7.56,MAJOR DIFFERENCE
2025,4,April 2025,HEAD_TRUCK,155764.78999999998,165604.52,9839.73000000001,6.32,MAJOR DIFFERENCE
2025,4,April 2025,KEND_OPS,5284.92,5711.25,426.3299999999999,8.07,MAJOR DIFFERENCE
2025,4,April 2025,MODUL,0.0,0.0,0.0,,NO_WORKBOOK_VALUE
2025,4,April 2025,RTGC,299161.2,323704.7,24543.5,8.2,MAJOR DIFFERENCE
2025,4,April 2025,SUPPORT,9284.22,10266.54,982.3200000000015,10.58,REQUIRES REVIEW
2025,5,Mei 2025,BUS,4604.71,4460.57,-144.14000000000033,-3.13,MAJOR DIFFERENCE
2025,5,Mei 2025,ELF,3275.94,3179.46,-96.48000000000002,-2.95,MINOR DIFFERENCE
2025,5,Mei 2025,HEAD_TRUCK,181472.69999999998,181472.7,2.9103830456733704e-11,0.0,MATCH
2025,5,Mei 2025,KEND_OPS,5744.18,5616.87,-127.3100000000004,-2.22,MINOR DIFFERENCE
2025,5,Mei 2025,MODUL,428.02,428.02,0.0,0.0,MATCH
2025,5,Mei 2025,RTGC,378487.5,378487.5,0.0,0.0,MATCH
2025,5,Mei 2025,SUPPORT,10266.6,10058.37,-208.22999999999956,-2.03,MINOR DIFFERENCE
2025,6,Juni 2025,BUS,4243.7300000000005,4243.73,-9.094947017729282e-13,-0.0,MATCH
2025,6,Juni 2025,ELF,3287.77,3287.77,0.0,0.0,MATCH
2025,6,Juni 2025,HEAD_TRUCK,172789.03999999998,172789.04,2.9103830456733704e-11,0.0,MATCH
2025,6,Juni 2025,KEND_OPS,5447.17,5447.17,0.0,0.0,MATCH
2025,6,Juni 2025,MODUL,599.9,599.9,0.0,0.0,MATCH
2025,6,Juni 2025,RTGC,343170.8,343170.8,0.0,0.0,MATCH
2025,6,Juni 2025,SUPPORT,11013.04,11013.04,0.0,0.0,MATCH
2025,7,Juli 2025,BUS,4592.58,4592.58,0.0,0.0,MATCH
2025,7,Juli 2025,ELF,3525.58,3525.58,0.0,0.0,MATCH
2025,7,Juli 2025,HEAD_TRUCK,189647.48,189647.48,0.0,0.0,MATCH
2025,7,Juli 2025,KEND_OPS,5849.63,5849.63,0.0,0.0,MATCH
2025,7,Juli 2025,MODUL,600.1,600.1,0.0,0.0,MATCH
2025,7,Juli 2025,RTGC,395797.3,395797.3,0.0,0.0,MATCH
2025,7,Juli 2025,SUPPORT,10081.83,10081.83,0.0,0.0,MATCH
2025,8,Agustus 2025,BUS,4582.2,4582.2,0.0,0.0,MATCH
2025,8,Agustus 2025,ELF,3499.86,3499.86,0.0,0.0,MATCH
2025,8,Agustus 2025,HEAD_TRUCK,182117.03999999998,182117.04,2.9103830456733704e-11,0.0,MATCH
2025,8,Agustus 2025,KEND_OPS,5394.78,5394.78,0.0,0.0,MATCH
2025,8,Agustus 2025,MODUL,1059.0,1059.0,0.0,0.0,MATCH
2025,8,Agustus 2025,RTGC,375534.6,375534.6,0.0,0.0,MATCH
2025,8,Agustus 2025,SUPPORT,10301.9,10301.9,0.0,0.0,MATCH
2025,9,September 2025,BUS,4462.42,4462.42,0.0,0.0,MATCH
2025,9,September 2025,ELF,3284.9,3284.9,0.0,0.0,MATCH
2025,9,September 2025,HEAD_TRUCK,170504.43,170504.43,0.0,0.0,MATCH
2025,9,September 2025,KEND_OPS,5801.33,5801.33,0.0,0.0,MATCH
2025,9,September 2025,MODUL,0.0,0.0,0.0,,NO_WORKBOOK_VALUE
2025,9,September 2025,RTGC,363695.0,363695.0,0.0,0.0,MATCH
2025,9,September 2025,SUPPORT,10071.12,10071.12,0.0,0.0,MATCH
2025,10,Oktober 2025,BUS,4573.66,4573.66,0.0,0.0,MATCH
2025,10,Oktober 2025,ELF,3532.91,3532.91,0.0,0.0,MATCH
2025,10,Oktober 2025,HEAD_TRUCK,181241.1,181241.1,0.0,0.0,MATCH
2025,10,Oktober 2025,KEND_OPS,5806.61,5806.61,0.0,0.0,MATCH
2025,10,Oktober 2025,MODUL,0.0,0.0,0.0,,NO_WORKBOOK_VALUE
2025,10,Oktober 2025,RTGC,391473.0,391473.0,0.0,0.0,MATCH
2025,10,Oktober 2025,SUPPORT,9176.93,9176.93,0.0,0.0,MATCH
2025,11,November 2025,BUS,4376.46,4376.46,0.0,0.0,MATCH
2025,11,November 2025,ELF,3216.28,3216.28,0.0,0.0,MATCH
2025,11,November 2025,HEAD_TRUCK,182305.99000000002,182305.99,-2.9103830456733704e-11,-0.0,MATCH
2025,11,November 2025,KEND_OPS,5347.23,5347.23,0.0,0.0,MATCH
2025,11,November 2025,MODUL,0.0,0.0,0.0,,NO_WORKBOOK_VALUE
2025,11,November 2025,RTGC,363087.0,363087.0,0.0,0.0,MATCH
2025,11,November 2025,SUPPORT,10742.62,10742.62,0.0,0.0,MATCH
2025,12,Desember 2025,BUS,4483.13,4483.13,0.0,0.0,MATCH
2025,12,Desember 2025,ELF,3151.32,3151.32,0.0,0.0,MATCH
2025,12,Desember 2025,HEAD_TRUCK,193026.13,193026.13,0.0,0.0,MATCH
2025,12,Desember 2025,KEND_OPS,5340.15,5340.15,0.0,0.0,MATCH
2025,12,Desember 2025,MODUL,5646.0,5646.0,0.0,0.0,MATCH
2025,12,Desember 2025,RTGC,408377.0,408377.0,0.0,0.0,MATCH
2025,12,Desember 2025,SUPPORT,10960.5,10960.5,0.0,0.0,MATCH
2026,1,Januari 2026,BUS,4338.98,4338.98,0.0,0.0,MATCH
2026,1,Januari 2026,COMPRESSOR,0.0,0.0,0.0,,NO_WORKBOOK_VALUE
2026,1,Januari 2026,HEAD_TRUCK,179753.2,179753.2,0.0,0.0,MATCH
2026,1,Januari 2026,KEND_OPS,4955.69,4955.69,0.0,0.0,MATCH
2026,1,Januari 2026,MODUL,1000.0,1000.0,0.0,0.0,MATCH
2026,1,Januari 2026,RTGC,360649.0,360649.0,0.0,0.0,MATCH
2026,1,Januari 2026,SUPPORT,10173.85,10173.85,0.0,0.0,MATCH
2026,2,Februari 2026,BUS,3978.51,3978.51,0.0,0.0,MATCH
2026,2,Februari 2026,COMPRESSOR,0.0,0.0,0.0,,NO_WORKBOOK_VALUE
2026,2,Februari 2026,ELF,2851.83,2851.83,0.0,0.0,MATCH
2026,2,Februari 2026,HEAD_TRUCK,166798.38,166798.38,0.0,0.0,MATCH
2026,2,Februari 2026,KEND_OPS,4624.64,4624.64,0.0,0.0,MATCH
2026,2,Februari 2026,MODUL,0.0,0.0,0.0,,NO_WORKBOOK_VALUE
2026,2,Februari 2026,RTGC,366142.6,366142.6,0.0,0.0,MATCH
2026,2,Februari 2026,SUPPORT,3146.44,3146.45,0.009999999999763531,0.0,MATCH
2026,3,Maret 2026,BUS,4299.79,4299.79,0.0,0.0,MATCH
2026,3,Maret 2026,COMPRESSOR,0.0,0.0,0.0,,NO_WORKBOOK_VALUE
2026,3,Maret 2026,ELF,3082.44,66.13,-3016.31,-97.85,REQUIRES REVIEW
2026,3,Maret 2026,HEAD_TRUCK,169255.39,169255.39,0.0,0.0,MATCH
2026,3,Maret 2026,KEND_OPS,5118.12,5118.12,0.0,0.0,MATCH
2026,3,Maret 2026,MODUL,4686.0,4686.0,0.0,0.0,MATCH
2026,3,Maret 2026,RTGC,369501.0,369535.001201,34.001201000006404,0.01,MATCH
2026,3,Maret 2026,SUPPORT,1016.82,984.0,-32.82000000000005,-3.23,MAJOR DIFFERENCE
2026,4,April 2026,BUS,4189.16,4189.16,0.0,0.0,MATCH
2026,4,April 2026,HEAD_TRUCK,182496.07,182496.07,0.0,0.0,MATCH
2026,4,April 2026,KEND_OPS,5736.97,5736.97,0.0,0.0,MATCH
2026,4,April 2026,RTGC,351676.7,351676.7,0.0,0.0,MATCH
2026,4,April 2026,SUPPORT,900.5,900.5,0.0,0.0,MATCH
2026,5,Mei 2026,BUS,4216.97,4216.97,0.0,0.0,MATCH
2026,5,Mei 2026,HEAD_TRUCK,182915.41,182915.41,0.0,0.0,MATCH
2026,5,Mei 2026,KEND_OPS,5399.1,5399.1,0.0,0.0,MATCH
2026,5,Mei 2026,MODUL,2069.45,2069.45,0.0,0.0,MATCH
2026,5,Mei 2026,RTGC,346336.08,346336.08,0.0,0.0,MATCH
2026,5,Mei 2026,SUPPORT,1140.85,1140.85,0.0,0.0,MATCH
2026,6,Juni 2026,BUS,4229.4,4229.4,0.0,0.0,MATCH
2026,6,Juni 2026,COMPRESSOR,71.22999999999999,51.41,-19.819999999999993,-27.83,REQUIRES REVIEW
2026,6,Juni 2026,HEAD_TRUCK,179887.26,179887.26,0.0,0.0,MATCH
2026,6,Juni 2026,KEND_OPS,5667.62,5667.62,0.0,0.0,MATCH
2026,6,Juni 2026,RTGC,341320.88,341320.876,-0.0040000000153668225,-0.0,MATCH
2026,6,Juni 2026,SUPPORT,1166.65,1166.65,0.0,0.0,MATCH
2026,7,Juli 2026,BUS,2918.85,2918.85,0.0,0.0,MATCH
2026,7,Juli 2026,HEAD_TRUCK,120536.67,120536.67,0.0,0.0,MATCH
2026,7,Juli 2026,KEND_OPS,3594.1099999999997,3594.11,4.547473508864641e-13,0.0,MATCH
2026,7,Juli 2026,MODUL,2000.0,2000.0,0.0,0.0,MATCH
2026,7,Juli 2026,RTGC,243461.86,243462.06,0.20000000001164153,0.0,MATCH
2026,7,Juli 2026,SUPPORT,1629.62,1629.6200000000001,2.2737367544323206e-13,0.0,MATCH
