priority,equipment_id,equipment_category,finding,evidence,recommended_action,responsible_role,target_date,status
HIGH,177,HEAD_TRUCK,"Health score rendah, disertai anomali kritis berulang dan tren konsumsi naik.","health_score=44.1, critical_anomaly_count=5, trend_percentage=22.6%",Prioritas tinggi untuk validasi data dan inspeksi operasional.,Maintenance,2026-07-30,OPEN
HIGH,178,HEAD_TRUCK,"Health score rendah, disertai anomali kritis berulang dan tren konsumsi naik.","health_score=47.5, critical_anomaly_count=6, trend_percentage=21.0%",Prioritas tinggi untuk validasi data dan inspeksi operasional.,Maintenance,2026-07-30,OPEN
HIGH,181,HEAD_TRUCK,"Health score rendah, disertai anomali kritis berulang dan tren konsumsi naik.","health_score=45.4, critical_anomaly_count=11, trend_percentage=18.1%",Prioritas tinggi untuk validasi data dan inspeksi operasional.,Maintenance,2026-07-30,OPEN
HIGH,ARMADA (seluruh alat),ALL,Proyeksi konsumsi Business-as-Usual melebihi target penghematan tahunan.,"gap_to_target=1,400,548 L, required_daily_reduction=3,837.1 L/hari","Diperlukan pengurangan rata-rata 3,837.1 liter per hari untuk mencapai target penghematan tahunan.",Supervisor,2026-07-30,OPEN
HIGH,B 9621 TVC,KEND_OPS,"Health score rendah, disertai anomali kritis berulang dan tren konsumsi naik.","health_score=37.4, critical_anomaly_count=17, trend_percentage=133.9%",Prioritas tinggi untuk validasi data dan inspeksi operasional.,Maintenance,2026-07-30,OPEN
HIGH,SL 03,SUPPORT,"Health score rendah, disertai anomali kritis berulang dan tren konsumsi naik.","health_score=27.9, critical_anomaly_count=26, trend_percentage=46.3%",Prioritas tinggi untuk validasi data dan inspeksi operasional.,Maintenance,2026-07-30,OPEN
MEDIUM,104,HEAD_TRUCK,Perubahan pola konsumsi yang menetap terdeteksi (bukan sekadar lonjakan sesaat).,"change_point_penalty=100.0, last_change_point=2025-03-09 00:00:00",Bandingkan dengan hour meter dan log operasi unit ini di sekitar tanggal perubahan.,Equipment,2026-08-06,OPEN
MEDIUM,11,RTGC,Perubahan pola konsumsi yang menetap terdeteksi (bukan sekadar lonjakan sesaat).,"change_point_penalty=69.0, last_change_point=2026-04-21 00:00:00",Bandingkan dengan hour meter dan log operasi unit ini di sekitar tanggal perubahan.,Equipment,2026-08-06,OPEN
MEDIUM,118,HEAD_TRUCK,"Jumlah anomali cukup tinggi, namun kelengkapan data unit ini rendah.","anomaly_count=8, data_completeness=0.0%",Validasi kualitas data sebelum menyimpulkan kondisi unit.,ICT/Data Team,2026-08-06,OPEN
MEDIUM,132,HEAD_TRUCK,"Jumlah anomali cukup tinggi, namun kelengkapan data unit ini rendah.","anomaly_count=61, data_completeness=16.7%",Validasi kualitas data sebelum menyimpulkan kondisi unit.,ICT/Data Team,2026-08-06,OPEN
MEDIUM,134,HEAD_TRUCK,Perubahan pola konsumsi yang menetap terdeteksi (bukan sekadar lonjakan sesaat).,"change_point_penalty=60.0, last_change_point=2026-01-09 00:00:00",Bandingkan dengan hour meter dan log operasi unit ini di sekitar tanggal perubahan.,Equipment,2026-08-06,OPEN
MEDIUM,138,HEAD_TRUCK,"Jumlah anomali cukup tinggi, namun kelengkapan data unit ini rendah.","anomaly_count=60, data_completeness=42.9%",Validasi kualitas data sebelum menyimpulkan kondisi unit.,ICT/Data Team,2026-08-06,OPEN
MEDIUM,145,HEAD_TRUCK,"Jumlah anomali cukup tinggi, namun kelengkapan data unit ini rendah.","anomaly_count=84, data_completeness=47.6%",Validasi kualitas data sebelum menyimpulkan kondisi unit.,ICT/Data Team,2026-08-06,OPEN
MEDIUM,146,HEAD_TRUCK,"Jumlah anomali cukup tinggi, namun kelengkapan data unit ini rendah.","anomaly_count=7, data_completeness=0.0%",Validasi kualitas data sebelum menyimpulkan kondisi unit.,ICT/Data Team,2026-08-06,OPEN
MEDIUM,148,HEAD_TRUCK,"Jumlah anomali cukup tinggi, namun kelengkapan data unit ini rendah.","anomaly_count=81, data_completeness=23.8%",Validasi kualitas data sebelum menyimpulkan kondisi unit.,ICT/Data Team,2026-08-06,OPEN
MEDIUM,149,HEAD_TRUCK,"Jumlah anomali cukup tinggi, namun kelengkapan data unit ini rendah.","anomaly_count=54, data_completeness=0.0%",Validasi kualitas data sebelum menyimpulkan kondisi unit.,ICT/Data Team,2026-08-06,OPEN
MEDIUM,149,HEAD_TRUCK,Perubahan pola konsumsi yang menetap terdeteksi (bukan sekadar lonjakan sesaat).,"change_point_penalty=66.0, last_change_point=2026-04-06 00:00:00",Bandingkan dengan hour meter dan log operasi unit ini di sekitar tanggal perubahan.,Equipment,2026-08-06,OPEN
MEDIUM,150,HEAD_TRUCK,"Jumlah anomali cukup tinggi, namun kelengkapan data unit ini rendah.","anomaly_count=59, data_completeness=28.6%",Validasi kualitas data sebelum menyimpulkan kondisi unit.,ICT/Data Team,2026-08-06,OPEN
MEDIUM,150,HEAD_TRUCK,Perubahan pola konsumsi yang menetap terdeteksi (bukan sekadar lonjakan sesaat).,"change_point_penalty=84.0, last_change_point=2026-03-25 00:00:00",Bandingkan dengan hour meter dan log operasi unit ini di sekitar tanggal perubahan.,Equipment,2026-08-06,OPEN
MEDIUM,151,HEAD_TRUCK,Perubahan pola konsumsi yang menetap terdeteksi (bukan sekadar lonjakan sesaat).,"change_point_penalty=60.0, last_change_point=2025-05-05 00:00:00",Bandingkan dengan hour meter dan log operasi unit ini di sekitar tanggal perubahan.,Equipment,2026-08-06,OPEN
MEDIUM,152,HEAD_TRUCK,"Jumlah anomali cukup tinggi, namun kelengkapan data unit ini rendah.","anomaly_count=52, data_completeness=0.0%",Validasi kualitas data sebelum menyimpulkan kondisi unit.,ICT/Data Team,2026-08-06,OPEN
MEDIUM,154,HEAD_TRUCK,"Jumlah anomali cukup tinggi, namun kelengkapan data unit ini rendah.","anomaly_count=61, data_completeness=14.3%",Validasi kualitas data sebelum menyimpulkan kondisi unit.,ICT/Data Team,2026-08-06,OPEN
MEDIUM,159,HEAD_TRUCK,Perubahan pola konsumsi yang menetap terdeteksi (bukan sekadar lonjakan sesaat).,"change_point_penalty=60.0, last_change_point=2025-12-03 00:00:00",Bandingkan dengan hour meter dan log operasi unit ini di sekitar tanggal perubahan.,Equipment,2026-08-06,OPEN
MEDIUM,167,HEAD_TRUCK,Perubahan pola konsumsi yang menetap terdeteksi (bukan sekadar lonjakan sesaat).,"change_point_penalty=60.0, last_change_point=2025-05-03 00:00:00",Bandingkan dengan hour meter dan log operasi unit ini di sekitar tanggal perubahan.,Equipment,2026-08-06,OPEN
MEDIUM,174,HEAD_TRUCK,"Jumlah anomali cukup tinggi, namun kelengkapan data unit ini rendah.","anomaly_count=57, data_completeness=0.0%",Validasi kualitas data sebelum menyimpulkan kondisi unit.,ICT/Data Team,2026-08-06,OPEN
MEDIUM,176,HEAD_TRUCK,"Jumlah anomali cukup tinggi, namun kelengkapan data unit ini rendah.","anomaly_count=41, data_completeness=0.0%",Validasi kualitas data sebelum menyimpulkan kondisi unit.,ICT/Data Team,2026-08-06,OPEN
MEDIUM,177,HEAD_TRUCK,"Jumlah anomali cukup tinggi, namun kelengkapan data unit ini rendah.","anomaly_count=60, data_completeness=0.0%",Validasi kualitas data sebelum menyimpulkan kondisi unit.,ICT/Data Team,2026-08-06,OPEN
MEDIUM,177,HEAD_TRUCK,Perubahan pola konsumsi yang menetap terdeteksi (bukan sekadar lonjakan sesaat).,"change_point_penalty=60.0, last_change_point=2026-01-10 00:00:00",Bandingkan dengan hour meter dan log operasi unit ini di sekitar tanggal perubahan.,Equipment,2026-08-06,OPEN
MEDIUM,178,HEAD_TRUCK,"Jumlah anomali cukup tinggi, namun kelengkapan data unit ini rendah.","anomaly_count=57, data_completeness=23.8%",Validasi kualitas data sebelum menyimpulkan kondisi unit.,ICT/Data Team,2026-08-06,OPEN
MEDIUM,178,HEAD_TRUCK,Perubahan pola konsumsi yang menetap terdeteksi (bukan sekadar lonjakan sesaat).,"change_point_penalty=60.0, last_change_point=2025-08-27 00:00:00",Bandingkan dengan hour meter dan log operasi unit ini di sekitar tanggal perubahan.,Equipment,2026-08-06,OPEN
MEDIUM,179,HEAD_TRUCK,Perubahan pola konsumsi yang menetap terdeteksi (bukan sekadar lonjakan sesaat).,"change_point_penalty=60.0, last_change_point=2025-10-31 00:00:00",Bandingkan dengan hour meter dan log operasi unit ini di sekitar tanggal perubahan.,Equipment,2026-08-06,OPEN
MEDIUM,181,HEAD_TRUCK,Perubahan pola konsumsi yang menetap terdeteksi (bukan sekadar lonjakan sesaat).,"change_point_penalty=100.0, last_change_point=2025-08-30 00:00:00",Bandingkan dengan hour meter dan log operasi unit ini di sekitar tanggal perubahan.,Equipment,2026-08-06,OPEN
MEDIUM,182,HEAD_TRUCK,"Jumlah anomali cukup tinggi, namun kelengkapan data unit ini rendah.","anomaly_count=60, data_completeness=0.0%",Validasi kualitas data sebelum menyimpulkan kondisi unit.,ICT/Data Team,2026-08-06,OPEN
MEDIUM,183,HEAD_TRUCK,Perubahan pola konsumsi yang menetap terdeteksi (bukan sekadar lonjakan sesaat).,"change_point_penalty=60.0, last_change_point=2026-02-14 00:00:00",Bandingkan dengan hour meter dan log operasi unit ini di sekitar tanggal perubahan.,Equipment,2026-08-06,OPEN
MEDIUM,184,HEAD_TRUCK,"Jumlah anomali cukup tinggi, namun kelengkapan data unit ini rendah.","anomaly_count=77, data_completeness=38.1%",Validasi kualitas data sebelum menyimpulkan kondisi unit.,ICT/Data Team,2026-08-06,OPEN
MEDIUM,184,HEAD_TRUCK,Perubahan pola konsumsi yang menetap terdeteksi (bukan sekadar lonjakan sesaat).,"change_point_penalty=84.0, last_change_point=2026-02-14 00:00:00",Bandingkan dengan hour meter dan log operasi unit ini di sekitar tanggal perubahan.,Equipment,2026-08-06,OPEN
MEDIUM,186,HEAD_TRUCK,"Jumlah anomali cukup tinggi, namun kelengkapan data unit ini rendah.","anomaly_count=63, data_completeness=0.0%",Validasi kualitas data sebelum menyimpulkan kondisi unit.,ICT/Data Team,2026-08-06,OPEN
MEDIUM,188,HEAD_TRUCK,"Jumlah anomali cukup tinggi, namun kelengkapan data unit ini rendah.","anomaly_count=60, data_completeness=0.0%",Validasi kualitas data sebelum menyimpulkan kondisi unit.,ICT/Data Team,2026-08-06,OPEN
MEDIUM,190,HEAD_TRUCK,"Jumlah anomali cukup tinggi, namun kelengkapan data unit ini rendah.","anomaly_count=58, data_completeness=7.1%",Validasi kualitas data sebelum menyimpulkan kondisi unit.,ICT/Data Team,2026-08-06,OPEN
MEDIUM,191,HEAD_TRUCK,Perubahan pola konsumsi yang menetap terdeteksi (bukan sekadar lonjakan sesaat).,"change_point_penalty=60.0, last_change_point=2025-11-22 00:00:00",Bandingkan dengan hour meter dan log operasi unit ini di sekitar tanggal perubahan.,Equipment,2026-08-06,OPEN
MEDIUM,192,HEAD_TRUCK,Perubahan pola konsumsi yang menetap terdeteksi (bukan sekadar lonjakan sesaat).,"change_point_penalty=100.0, last_change_point=2026-04-22 00:00:00",Bandingkan dengan hour meter dan log operasi unit ini di sekitar tanggal perubahan.,Equipment,2026-08-06,OPEN
MEDIUM,193,HEAD_TRUCK,Perubahan pola konsumsi yang menetap terdeteksi (bukan sekadar lonjakan sesaat).,"change_point_penalty=60.0, last_change_point=2025-12-15 00:00:00",Bandingkan dengan hour meter dan log operasi unit ini di sekitar tanggal perubahan.,Equipment,2026-08-06,OPEN
MEDIUM,194,HEAD_TRUCK,"Jumlah anomali cukup tinggi, namun kelengkapan data unit ini rendah.","anomaly_count=65, data_completeness=47.6%",Validasi kualitas data sebelum menyimpulkan kondisi unit.,ICT/Data Team,2026-08-06,OPEN
MEDIUM,195,HEAD_TRUCK,Perubahan pola konsumsi yang menetap terdeteksi (bukan sekadar lonjakan sesaat).,"change_point_penalty=72.0, last_change_point=2026-02-14 00:00:00",Bandingkan dengan hour meter dan log operasi unit ini di sekitar tanggal perubahan.,Equipment,2026-08-06,OPEN
MEDIUM,198,HEAD_TRUCK,"Jumlah anomali cukup tinggi, namun kelengkapan data unit ini rendah.","anomaly_count=61, data_completeness=31.0%",Validasi kualitas data sebelum menyimpulkan kondisi unit.,ICT/Data Team,2026-08-06,OPEN
MEDIUM,200,HEAD_TRUCK,"Jumlah anomali cukup tinggi, namun kelengkapan data unit ini rendah.","anomaly_count=26, data_completeness=0.0%",Validasi kualitas data sebelum menyimpulkan kondisi unit.,ICT/Data Team,2026-08-06,OPEN
MEDIUM,208,HEAD_TRUCK,"Jumlah anomali cukup tinggi, namun kelengkapan data unit ini rendah.","anomaly_count=69, data_completeness=9.5%",Validasi kualitas data sebelum menyimpulkan kondisi unit.,ICT/Data Team,2026-08-06,OPEN
MEDIUM,210,HEAD_TRUCK,"Jumlah anomali cukup tinggi, namun kelengkapan data unit ini rendah.","anomaly_count=73, data_completeness=33.3%",Validasi kualitas data sebelum menyimpulkan kondisi unit.,ICT/Data Team,2026-08-06,OPEN
MEDIUM,23,HEAD_TRUCK,"Jumlah anomali cukup tinggi, namun kelengkapan data unit ini rendah.","anomaly_count=8, data_completeness=0.0%",Validasi kualitas data sebelum menyimpulkan kondisi unit.,ICT/Data Team,2026-08-06,OPEN
MEDIUM,27,RTGC,Perubahan pola konsumsi yang menetap terdeteksi (bukan sekadar lonjakan sesaat).,"change_point_penalty=100.0, last_change_point=2026-03-24 00:00:00",Bandingkan dengan hour meter dan log operasi unit ini di sekitar tanggal perubahan.,Equipment,2026-08-06,OPEN
MEDIUM,28,RTGC,Perubahan pola konsumsi yang menetap terdeteksi (bukan sekadar lonjakan sesaat).,"change_point_penalty=84.0, last_change_point=2026-03-23 00:00:00",Bandingkan dengan hour meter dan log operasi unit ini di sekitar tanggal perubahan.,Equipment,2026-08-06,OPEN
MEDIUM,3,RTGC,Perubahan pola konsumsi yang menetap terdeteksi (bukan sekadar lonjakan sesaat).,"change_point_penalty=84.0, last_change_point=2026-01-18 00:00:00",Bandingkan dengan hour meter dan log operasi unit ini di sekitar tanggal perubahan.,Equipment,2026-08-06,OPEN
MEDIUM,30,RTGC,Perubahan pola konsumsi yang menetap terdeteksi (bukan sekadar lonjakan sesaat).,"change_point_penalty=66.0, last_change_point=2026-03-25 00:00:00",Bandingkan dengan hour meter dan log operasi unit ini di sekitar tanggal perubahan.,Equipment,2026-08-06,OPEN
MEDIUM,31,RTGC,Perubahan pola konsumsi yang menetap terdeteksi (bukan sekadar lonjakan sesaat).,"change_point_penalty=100.0, last_change_point=2026-03-20 00:00:00",Bandingkan dengan hour meter dan log operasi unit ini di sekitar tanggal perubahan.,Equipment,2026-08-06,OPEN
MEDIUM,33,RTGC,Perubahan pola konsumsi yang menetap terdeteksi (bukan sekadar lonjakan sesaat).,"change_point_penalty=63.0, last_change_point=2026-03-23 00:00:00",Bandingkan dengan hour meter dan log operasi unit ini di sekitar tanggal perubahan.,Equipment,2026-08-06,OPEN
MEDIUM,39,RTGC,Perubahan pola konsumsi yang menetap terdeteksi (bukan sekadar lonjakan sesaat).,"change_point_penalty=57.0, last_change_point=2026-03-20 00:00:00",Bandingkan dengan hour meter dan log operasi unit ini di sekitar tanggal perubahan.,Equipment,2026-08-06,OPEN
MEDIUM,4,RTGC,Perubahan pola konsumsi yang menetap terdeteksi (bukan sekadar lonjakan sesaat).,"change_point_penalty=100.0, last_change_point=2026-04-01 00:00:00",Bandingkan dengan hour meter dan log operasi unit ini di sekitar tanggal perubahan.,Equipment,2026-08-06,OPEN
MEDIUM,43,RTGC,Perubahan pola konsumsi yang menetap terdeteksi (bukan sekadar lonjakan sesaat).,"change_point_penalty=84.0, last_change_point=2026-06-10 00:00:00",Bandingkan dengan hour meter dan log operasi unit ini di sekitar tanggal perubahan.,Equipment,2026-08-06,OPEN
MEDIUM,45,RTGC,Perubahan pola konsumsi yang menetap terdeteksi (bukan sekadar lonjakan sesaat).,"change_point_penalty=84.0, last_change_point=2025-12-15 00:00:00",Bandingkan dengan hour meter dan log operasi unit ini di sekitar tanggal perubahan.,Equipment,2026-08-06,OPEN
MEDIUM,47,RTGC,Perubahan pola konsumsi yang menetap terdeteksi (bukan sekadar lonjakan sesaat).,"change_point_penalty=100.0, last_change_point=2026-03-24 00:00:00",Bandingkan dengan hour meter dan log operasi unit ini di sekitar tanggal perubahan.,Equipment,2026-08-06,OPEN
MEDIUM,48,RTGC,Perubahan pola konsumsi yang menetap terdeteksi (bukan sekadar lonjakan sesaat).,"change_point_penalty=60.0, last_change_point=2026-03-26 00:00:00",Bandingkan dengan hour meter dan log operasi unit ini di sekitar tanggal perubahan.,Equipment,2026-08-06,OPEN
MEDIUM,49,RTGC,Perubahan pola konsumsi yang menetap terdeteksi (bukan sekadar lonjakan sesaat).,"change_point_penalty=90.0, last_change_point=2026-03-22 00:00:00",Bandingkan dengan hour meter dan log operasi unit ini di sekitar tanggal perubahan.,Equipment,2026-08-06,OPEN
MEDIUM,52,RTGC,Perubahan pola konsumsi yang menetap terdeteksi (bukan sekadar lonjakan sesaat).,"change_point_penalty=84.0, last_change_point=2026-03-17 00:00:00",Bandingkan dengan hour meter dan log operasi unit ini di sekitar tanggal perubahan.,Equipment,2026-08-06,OPEN
MEDIUM,6,RTGC,Perubahan pola konsumsi yang menetap terdeteksi (bukan sekadar lonjakan sesaat).,"change_point_penalty=66.0, last_change_point=2026-03-23 00:00:00",Bandingkan dengan hour meter dan log operasi unit ini di sekitar tanggal perubahan.,Equipment,2026-08-06,OPEN
MEDIUM,62,RTGC,Perubahan pola konsumsi yang menetap terdeteksi (bukan sekadar lonjakan sesaat).,"change_point_penalty=84.0, last_change_point=2026-03-20 00:00:00",Bandingkan dengan hour meter dan log operasi unit ini di sekitar tanggal perubahan.,Equipment,2026-08-06,OPEN
MEDIUM,83,HEAD_TRUCK,Perubahan pola konsumsi yang menetap terdeteksi (bukan sekadar lonjakan sesaat).,"change_point_penalty=60.0, last_change_point=2025-06-27 00:00:00",Bandingkan dengan hour meter dan log operasi unit ini di sekitar tanggal perubahan.,Equipment,2026-08-06,OPEN
MEDIUM,93,HEAD_TRUCK,"Jumlah anomali cukup tinggi, namun kelengkapan data unit ini rendah.","anomaly_count=36, data_completeness=0.0%",Validasi kualitas data sebelum menyimpulkan kondisi unit.,ICT/Data Team,2026-08-06,OPEN
MEDIUM,98,HEAD_TRUCK,"Jumlah anomali cukup tinggi, namun kelengkapan data unit ini rendah.","anomaly_count=11, data_completeness=0.0%",Validasi kualitas data sebelum menyimpulkan kondisi unit.,ICT/Data Team,2026-08-06,OPEN
MEDIUM,B 1557 CZQ,KEND_OPS,"Jumlah anomali cukup tinggi, namun kelengkapan data unit ini rendah.","anomaly_count=10, data_completeness=0.0%",Validasi kualitas data sebelum menyimpulkan kondisi unit.,ICT/Data Team,2026-08-06,OPEN
MEDIUM,B 8984 CY,KEND_OPS,"Jumlah anomali cukup tinggi, namun kelengkapan data unit ini rendah.","anomaly_count=6, data_completeness=0.0%",Validasi kualitas data sebelum menyimpulkan kondisi unit.,ICT/Data Team,2026-08-06,OPEN
MEDIUM,B 9015 UBE,KEND_OPS,Perubahan pola konsumsi yang menetap terdeteksi (bukan sekadar lonjakan sesaat).,"change_point_penalty=66.0, last_change_point=2026-03-11 00:00:00",Bandingkan dengan hour meter dan log operasi unit ini di sekitar tanggal perubahan.,Equipment,2026-08-06,OPEN
MEDIUM,B 9269 UWM,KEND_OPS,"Jumlah anomali cukup tinggi, namun kelengkapan data unit ini rendah.","anomaly_count=13, data_completeness=47.6%",Validasi kualitas data sebelum menyimpulkan kondisi unit.,ICT/Data Team,2026-08-06,OPEN
MEDIUM,B 9428 UAT,KEND_OPS,Perubahan pola konsumsi yang menetap terdeteksi (bukan sekadar lonjakan sesaat).,"change_point_penalty=66.0, last_change_point=2026-04-09 00:00:00",Bandingkan dengan hour meter dan log operasi unit ini di sekitar tanggal perubahan.,Equipment,2026-08-06,OPEN
MEDIUM,B 9498 BAY,KEND_OPS,"Jumlah anomali cukup tinggi, namun kelengkapan data unit ini rendah.","anomaly_count=9, data_completeness=0.0%",Validasi kualitas data sebelum menyimpulkan kondisi unit.,ICT/Data Team,2026-08-06,OPEN
MEDIUM,B 9578 BAY,KEND_OPS,"Jumlah anomali cukup tinggi, namun kelengkapan data unit ini rendah.","anomaly_count=8, data_completeness=0.0%",Validasi kualitas data sebelum menyimpulkan kondisi unit.,ICT/Data Team,2026-08-06,OPEN
MEDIUM,B 9580 BAY,KEND_OPS,"Jumlah anomali cukup tinggi, namun kelengkapan data unit ini rendah.","anomaly_count=6, data_completeness=7.1%",Validasi kualitas data sebelum menyimpulkan kondisi unit.,ICT/Data Team,2026-08-06,OPEN
MEDIUM,B 9586 BAY,KEND_OPS,"Jumlah anomali cukup tinggi, namun kelengkapan data unit ini rendah.","anomaly_count=12, data_completeness=0.0%",Validasi kualitas data sebelum menyimpulkan kondisi unit.,ICT/Data Team,2026-08-06,OPEN
MEDIUM,B 9586 BAY,KEND_OPS,Perubahan pola konsumsi yang menetap terdeteksi (bukan sekadar lonjakan sesaat).,"change_point_penalty=100.0, last_change_point=2025-09-01 00:00:00",Bandingkan dengan hour meter dan log operasi unit ini di sekitar tanggal perubahan.,Equipment,2026-08-06,OPEN
MEDIUM,B 9594 BAY,KEND_OPS,"Jumlah anomali cukup tinggi, namun kelengkapan data unit ini rendah.","anomaly_count=11, data_completeness=0.0%",Validasi kualitas data sebelum menyimpulkan kondisi unit.,ICT/Data Team,2026-08-06,OPEN
MEDIUM,B 9594 BAY,KEND_OPS,Perubahan pola konsumsi yang menetap terdeteksi (bukan sekadar lonjakan sesaat).,"change_point_penalty=60.0, last_change_point=2025-09-01 00:00:00",Bandingkan dengan hour meter dan log operasi unit ini di sekitar tanggal perubahan.,Equipment,2026-08-06,OPEN
MEDIUM,B 9621 TVC,KEND_OPS,Perubahan pola konsumsi yang menetap terdeteksi (bukan sekadar lonjakan sesaat).,"change_point_penalty=100.0, last_change_point=2026-06-19 00:00:00",Bandingkan dengan hour meter dan log operasi unit ini di sekitar tanggal perubahan.,Equipment,2026-08-06,OPEN
MEDIUM,B 9623 BAY,KEND_OPS,"Jumlah anomali cukup tinggi, namun kelengkapan data unit ini rendah.","anomaly_count=6, data_completeness=0.0%",Validasi kualitas data sebelum menyimpulkan kondisi unit.,ICT/Data Team,2026-08-06,OPEN
MEDIUM,B 9629 BAY,KEND_OPS,"Jumlah anomali cukup tinggi, namun kelengkapan data unit ini rendah.","anomaly_count=10, data_completeness=16.7%",Validasi kualitas data sebelum menyimpulkan kondisi unit.,ICT/Data Team,2026-08-06,OPEN
MEDIUM,B 9631 BAY,KEND_OPS,"Jumlah anomali cukup tinggi, namun kelengkapan data unit ini rendah.","anomaly_count=8, data_completeness=0.0%",Validasi kualitas data sebelum menyimpulkan kondisi unit.,ICT/Data Team,2026-08-06,OPEN
MEDIUM,B 9656 UAU,KEND_OPS,Perubahan pola konsumsi yang menetap terdeteksi (bukan sekadar lonjakan sesaat).,"change_point_penalty=60.0, last_change_point=2026-04-07 00:00:00",Bandingkan dengan hour meter dan log operasi unit ini di sekitar tanggal perubahan.,Equipment,2026-08-06,OPEN
MEDIUM,B 9786 BAZ,KEND_OPS,"Jumlah anomali cukup tinggi, namun kelengkapan data unit ini rendah.","anomaly_count=17, data_completeness=23.8%",Validasi kualitas data sebelum menyimpulkan kondisi unit.,ICT/Data Team,2026-08-06,OPEN
MEDIUM,B 9801 BAZ,KEND_OPS,Perubahan pola konsumsi yang menetap terdeteksi (bukan sekadar lonjakan sesaat).,"change_point_penalty=100.0, last_change_point=2025-08-11 00:00:00",Bandingkan dengan hour meter dan log operasi unit ini di sekitar tanggal perubahan.,Equipment,2026-08-06,OPEN
MEDIUM,B 9870 CAJ,KEND_OPS,"Jumlah anomali cukup tinggi, namun kelengkapan data unit ini rendah.","anomaly_count=8, data_completeness=0.0%",Validasi kualitas data sebelum menyimpulkan kondisi unit.,ICT/Data Team,2026-08-06,OPEN
MEDIUM,B 9872 CAJ,KEND_OPS,"Jumlah anomali cukup tinggi, namun kelengkapan data unit ini rendah.","anomaly_count=22, data_completeness=21.4%",Validasi kualitas data sebelum menyimpulkan kondisi unit.,ICT/Data Team,2026-08-06,OPEN
MEDIUM,FRK 17,SUPPORT,"Jumlah anomali cukup tinggi, namun kelengkapan data unit ini rendah.","anomaly_count=8, data_completeness=9.5%",Validasi kualitas data sebelum menyimpulkan kondisi unit.,ICT/Data Team,2026-08-06,OPEN
MEDIUM,FRK 26,SUPPORT,"Jumlah anomali cukup tinggi, namun kelengkapan data unit ini rendah.","anomaly_count=9, data_completeness=11.9%",Validasi kualitas data sebelum menyimpulkan kondisi unit.,ICT/Data Team,2026-08-06,OPEN
MEDIUM,FRK 28,SUPPORT,"Jumlah anomali cukup tinggi, namun kelengkapan data unit ini rendah.","anomaly_count=19, data_completeness=47.6%",Validasi kualitas data sebelum menyimpulkan kondisi unit.,ICT/Data Team,2026-08-06,OPEN
MEDIUM,FRK 29,SUPPORT,"Jumlah anomali cukup tinggi, namun kelengkapan data unit ini rendah.","anomaly_count=10, data_completeness=0.0%",Validasi kualitas data sebelum menyimpulkan kondisi unit.,ICT/Data Team,2026-08-06,OPEN
MEDIUM,FRK 32,SUPPORT,"Jumlah anomali cukup tinggi, namun kelengkapan data unit ini rendah.","anomaly_count=8, data_completeness=0.0%",Validasi kualitas data sebelum menyimpulkan kondisi unit.,ICT/Data Team,2026-08-06,OPEN
MEDIUM,RS 01,SUPPORT,"Jumlah anomali cukup tinggi, namun kelengkapan data unit ini rendah.","anomaly_count=6, data_completeness=45.2%",Validasi kualitas data sebelum menyimpulkan kondisi unit.,ICT/Data Team,2026-08-06,OPEN
MEDIUM,RS 02,SUPPORT,"Jumlah anomali cukup tinggi, namun kelengkapan data unit ini rendah.","anomaly_count=14, data_completeness=19.0%",Validasi kualitas data sebelum menyimpulkan kondisi unit.,ICT/Data Team,2026-08-06,OPEN
MEDIUM,RS 06,SUPPORT,"Jumlah anomali cukup tinggi, namun kelengkapan data unit ini rendah.","anomaly_count=18, data_completeness=0.0%",Validasi kualitas data sebelum menyimpulkan kondisi unit.,ICT/Data Team,2026-08-06,OPEN
MEDIUM,RS 25,SUPPORT,"Jumlah anomali cukup tinggi, namun kelengkapan data unit ini rendah.","anomaly_count=22, data_completeness=31.0%",Validasi kualitas data sebelum menyimpulkan kondisi unit.,ICT/Data Team,2026-08-06,OPEN
MEDIUM,SEMUA UNIT (BUS),BUS,"Selisih rekonsiliasi signifikan pada kategori BUS untuk bulan: Maret 2025, April 2025, Mei 2025.","n_bulan_bermasalah=3, max_diff_pct=7.1%",Verifikasi pencatatan pengisian solar kategori ini pada bulan terkait sebelum dipakai untuk kesimpulan operasional.,Fuel Administration,2026-08-06,OPEN
MEDIUM,SEMUA UNIT (ELF),ELF,"Selisih rekonsiliasi signifikan pada kategori ELF untuk bulan: Maret 2025, April 2025.","n_bulan_bermasalah=2, max_diff_pct=7.6%",Verifikasi pencatatan pengisian solar kategori ini pada bulan terkait sebelum dipakai untuk kesimpulan operasional.,Fuel Administration,2026-08-06,OPEN
MEDIUM,SEMUA UNIT (HEAD_TRUCK),HEAD_TRUCK,"Selisih rekonsiliasi signifikan pada kategori HEAD_TRUCK untuk bulan: Maret 2025, April 2025.","n_bulan_bermasalah=2, max_diff_pct=6.7%",Verifikasi pencatatan pengisian solar kategori ini pada bulan terkait sebelum dipakai untuk kesimpulan operasional.,Fuel Administration,2026-08-06,OPEN
MEDIUM,SEMUA UNIT (KEND_OPS),KEND_OPS,"Selisih rekonsiliasi signifikan pada kategori KEND_OPS untuk bulan: Maret 2025, April 2025.","n_bulan_bermasalah=2, max_diff_pct=8.5%",Verifikasi pencatatan pengisian solar kategori ini pada bulan terkait sebelum dipakai untuk kesimpulan operasional.,Fuel Administration,2026-08-06,OPEN
MEDIUM,SEMUA UNIT (RTGC),RTGC,"Selisih rekonsiliasi signifikan pada kategori RTGC untuk bulan: Maret 2025, April 2025.","n_bulan_bermasalah=2, max_diff_pct=8.2%",Verifikasi pencatatan pengisian solar kategori ini pada bulan terkait sebelum dipakai untuk kesimpulan operasional.,Fuel Administration,2026-08-06,OPEN
MEDIUM,SEMUA UNIT (SUPPORT),SUPPORT,"Selisih rekonsiliasi signifikan pada kategori SUPPORT untuk bulan: Maret 2025, April 2025.","n_bulan_bermasalah=2, max_diff_pct=10.6%",Verifikasi pencatatan pengisian solar kategori ini pada bulan terkait sebelum dipakai untuk kesimpulan operasional.,Fuel Administration,2026-08-06,OPEN
MEDIUM,SL 03,SUPPORT,"Jumlah anomali cukup tinggi, namun kelengkapan data unit ini rendah.","anomaly_count=39, data_completeness=0.0%",Validasi kualitas data sebelum menyimpulkan kondisi unit.,ICT/Data Team,2026-08-06,OPEN
MEDIUM,SL 03,SUPPORT,Perubahan pola konsumsi yang menetap terdeteksi (bukan sekadar lonjakan sesaat).,"change_point_penalty=100.0, last_change_point=2025-10-02 00:00:00",Bandingkan dengan hour meter dan log operasi unit ini di sekitar tanggal perubahan.,Equipment,2026-08-06,OPEN
MEDIUM,SL 04,SUPPORT,"Jumlah anomali cukup tinggi, namun kelengkapan data unit ini rendah.","anomaly_count=7, data_completeness=0.0%",Validasi kualitas data sebelum menyimpulkan kondisi unit.,ICT/Data Team,2026-08-06,OPEN
MEDIUM,SL 05,SUPPORT,"Jumlah anomali cukup tinggi, namun kelengkapan data unit ini rendah.","anomaly_count=9, data_completeness=0.0%",Validasi kualitas data sebelum menyimpulkan kondisi unit.,ICT/Data Team,2026-08-06,OPEN
MEDIUM,SL 10,SUPPORT,"Jumlah anomali cukup tinggi, namun kelengkapan data unit ini rendah.","anomaly_count=39, data_completeness=0.0%",Validasi kualitas data sebelum menyimpulkan kondisi unit.,ICT/Data Team,2026-08-06,OPEN
MEDIUM,SL 24,SUPPORT,"Jumlah anomali cukup tinggi, namun kelengkapan data unit ini rendah.","anomaly_count=23, data_completeness=45.2%",Validasi kualitas data sebelum menyimpulkan kondisi unit.,ICT/Data Team,2026-08-06,OPEN
LOW,118,HEAD_TRUCK,Terdapat jeda panjang tanpa transaksi solar di tengah masa aktif unit.,"missing_data_penalty=100.0, data_completeness=0.0%","Cek kemungkinan duplikasi transaksi / konfirmasi status alat (aktif, dipindah, atau nonaktif).",Operations Admin,2026-08-22,OPEN
LOW,132,HEAD_TRUCK,Terdapat jeda panjang tanpa transaksi solar di tengah masa aktif unit.,"missing_data_penalty=83.3, data_completeness=16.7%","Cek kemungkinan duplikasi transaksi / konfirmasi status alat (aktif, dipindah, atau nonaktif).",Operations Admin,2026-08-22,OPEN
LOW,138,HEAD_TRUCK,Terdapat jeda panjang tanpa transaksi solar di tengah masa aktif unit.,"missing_data_penalty=57.1, data_completeness=42.9%","Cek kemungkinan duplikasi transaksi / konfirmasi status alat (aktif, dipindah, atau nonaktif).",Operations Admin,2026-08-22,OPEN
LOW,145,HEAD_TRUCK,Terdapat jeda panjang tanpa transaksi solar di tengah masa aktif unit.,"missing_data_penalty=52.4, data_completeness=47.6%","Cek kemungkinan duplikasi transaksi / konfirmasi status alat (aktif, dipindah, atau nonaktif).",Operations Admin,2026-08-22,OPEN
LOW,146,HEAD_TRUCK,Terdapat jeda panjang tanpa transaksi solar di tengah masa aktif unit.,"missing_data_penalty=100.0, data_completeness=0.0%","Cek kemungkinan duplikasi transaksi / konfirmasi status alat (aktif, dipindah, atau nonaktif).",Operations Admin,2026-08-22,OPEN
LOW,148,HEAD_TRUCK,Terdapat jeda panjang tanpa transaksi solar di tengah masa aktif unit.,"missing_data_penalty=76.2, data_completeness=23.8%","Cek kemungkinan duplikasi transaksi / konfirmasi status alat (aktif, dipindah, atau nonaktif).",Operations Admin,2026-08-22,OPEN
LOW,149,HEAD_TRUCK,Terdapat jeda panjang tanpa transaksi solar di tengah masa aktif unit.,"missing_data_penalty=100.0, data_completeness=0.0%","Cek kemungkinan duplikasi transaksi / konfirmasi status alat (aktif, dipindah, atau nonaktif).",Operations Admin,2026-08-22,OPEN
LOW,150,HEAD_TRUCK,Terdapat jeda panjang tanpa transaksi solar di tengah masa aktif unit.,"missing_data_penalty=71.4, data_completeness=28.6%","Cek kemungkinan duplikasi transaksi / konfirmasi status alat (aktif, dipindah, atau nonaktif).",Operations Admin,2026-08-22,OPEN
LOW,152,HEAD_TRUCK,Terdapat jeda panjang tanpa transaksi solar di tengah masa aktif unit.,"missing_data_penalty=100.0, data_completeness=0.0%","Cek kemungkinan duplikasi transaksi / konfirmasi status alat (aktif, dipindah, atau nonaktif).",Operations Admin,2026-08-22,OPEN
LOW,154,HEAD_TRUCK,Terdapat jeda panjang tanpa transaksi solar di tengah masa aktif unit.,"missing_data_penalty=85.7, data_completeness=14.3%","Cek kemungkinan duplikasi transaksi / konfirmasi status alat (aktif, dipindah, atau nonaktif).",Operations Admin,2026-08-22,OPEN
LOW,172,HEAD_TRUCK,Terdapat jeda panjang tanpa transaksi solar di tengah masa aktif unit.,"missing_data_penalty=50.0, data_completeness=50.0%","Cek kemungkinan duplikasi transaksi / konfirmasi status alat (aktif, dipindah, atau nonaktif).",Operations Admin,2026-08-22,OPEN
LOW,173,HEAD_TRUCK,Terdapat jeda panjang tanpa transaksi solar di tengah masa aktif unit.,"missing_data_penalty=50.0, data_completeness=50.0%","Cek kemungkinan duplikasi transaksi / konfirmasi status alat (aktif, dipindah, atau nonaktif).",Operations Admin,2026-08-22,OPEN
LOW,174,HEAD_TRUCK,Terdapat jeda panjang tanpa transaksi solar di tengah masa aktif unit.,"missing_data_penalty=100.0, data_completeness=0.0%","Cek kemungkinan duplikasi transaksi / konfirmasi status alat (aktif, dipindah, atau nonaktif).",Operations Admin,2026-08-22,OPEN
LOW,176,HEAD_TRUCK,Terdapat jeda panjang tanpa transaksi solar di tengah masa aktif unit.,"missing_data_penalty=100.0, data_completeness=0.0%","Cek kemungkinan duplikasi transaksi / konfirmasi status alat (aktif, dipindah, atau nonaktif).",Operations Admin,2026-08-22,OPEN
LOW,177,HEAD_TRUCK,Terdapat jeda panjang tanpa transaksi solar di tengah masa aktif unit.,"missing_data_penalty=100.0, data_completeness=0.0%","Cek kemungkinan duplikasi transaksi / konfirmasi status alat (aktif, dipindah, atau nonaktif).",Operations Admin,2026-08-22,OPEN
LOW,178,HEAD_TRUCK,Terdapat jeda panjang tanpa transaksi solar di tengah masa aktif unit.,"missing_data_penalty=76.2, data_completeness=23.8%","Cek kemungkinan duplikasi transaksi / konfirmasi status alat (aktif, dipindah, atau nonaktif).",Operations Admin,2026-08-22,OPEN
LOW,182,HEAD_TRUCK,Terdapat jeda panjang tanpa transaksi solar di tengah masa aktif unit.,"missing_data_penalty=100.0, data_completeness=0.0%","Cek kemungkinan duplikasi transaksi / konfirmasi status alat (aktif, dipindah, atau nonaktif).",Operations Admin,2026-08-22,OPEN
LOW,184,HEAD_TRUCK,Terdapat jeda panjang tanpa transaksi solar di tengah masa aktif unit.,"missing_data_penalty=61.9, data_completeness=38.1%","Cek kemungkinan duplikasi transaksi / konfirmasi status alat (aktif, dipindah, atau nonaktif).",Operations Admin,2026-08-22,OPEN
LOW,186,HEAD_TRUCK,Terdapat jeda panjang tanpa transaksi solar di tengah masa aktif unit.,"missing_data_penalty=100.0, data_completeness=0.0%","Cek kemungkinan duplikasi transaksi / konfirmasi status alat (aktif, dipindah, atau nonaktif).",Operations Admin,2026-08-22,OPEN
LOW,188,HEAD_TRUCK,Terdapat jeda panjang tanpa transaksi solar di tengah masa aktif unit.,"missing_data_penalty=100.0, data_completeness=0.0%","Cek kemungkinan duplikasi transaksi / konfirmasi status alat (aktif, dipindah, atau nonaktif).",Operations Admin,2026-08-22,OPEN
LOW,190,HEAD_TRUCK,Terdapat jeda panjang tanpa transaksi solar di tengah masa aktif unit.,"missing_data_penalty=92.9, data_completeness=7.1%","Cek kemungkinan duplikasi transaksi / konfirmasi status alat (aktif, dipindah, atau nonaktif).",Operations Admin,2026-08-22,OPEN
LOW,194,HEAD_TRUCK,Terdapat jeda panjang tanpa transaksi solar di tengah masa aktif unit.,"missing_data_penalty=52.4, data_completeness=47.6%","Cek kemungkinan duplikasi transaksi / konfirmasi status alat (aktif, dipindah, atau nonaktif).",Operations Admin,2026-08-22,OPEN
LOW,198,HEAD_TRUCK,Terdapat jeda panjang tanpa transaksi solar di tengah masa aktif unit.,"missing_data_penalty=69.0, data_completeness=31.0%","Cek kemungkinan duplikasi transaksi / konfirmasi status alat (aktif, dipindah, atau nonaktif).",Operations Admin,2026-08-22,OPEN
LOW,199,HEAD_TRUCK,Terdapat jeda panjang tanpa transaksi solar di tengah masa aktif unit.,"missing_data_penalty=50.0, data_completeness=50.0%","Cek kemungkinan duplikasi transaksi / konfirmasi status alat (aktif, dipindah, atau nonaktif).",Operations Admin,2026-08-22,OPEN
LOW,200,HEAD_TRUCK,Terdapat jeda panjang tanpa transaksi solar di tengah masa aktif unit.,"missing_data_penalty=100.0, data_completeness=0.0%","Cek kemungkinan duplikasi transaksi / konfirmasi status alat (aktif, dipindah, atau nonaktif).",Operations Admin,2026-08-22,OPEN
LOW,208,HEAD_TRUCK,Terdapat jeda panjang tanpa transaksi solar di tengah masa aktif unit.,"missing_data_penalty=90.5, data_completeness=9.5%","Cek kemungkinan duplikasi transaksi / konfirmasi status alat (aktif, dipindah, atau nonaktif).",Operations Admin,2026-08-22,OPEN
LOW,210,HEAD_TRUCK,Terdapat jeda panjang tanpa transaksi solar di tengah masa aktif unit.,"missing_data_penalty=66.7, data_completeness=33.3%","Cek kemungkinan duplikasi transaksi / konfirmasi status alat (aktif, dipindah, atau nonaktif).",Operations Admin,2026-08-22,OPEN
LOW,23,HEAD_TRUCK,Terdapat jeda panjang tanpa transaksi solar di tengah masa aktif unit.,"missing_data_penalty=100.0, data_completeness=0.0%","Cek kemungkinan duplikasi transaksi / konfirmasi status alat (aktif, dipindah, atau nonaktif).",Operations Admin,2026-08-22,OPEN
LOW,93,HEAD_TRUCK,Terdapat jeda panjang tanpa transaksi solar di tengah masa aktif unit.,"missing_data_penalty=100.0, data_completeness=0.0%","Cek kemungkinan duplikasi transaksi / konfirmasi status alat (aktif, dipindah, atau nonaktif).",Operations Admin,2026-08-22,OPEN
LOW,98,HEAD_TRUCK,Terdapat jeda panjang tanpa transaksi solar di tengah masa aktif unit.,"missing_data_penalty=100.0, data_completeness=0.0%","Cek kemungkinan duplikasi transaksi / konfirmasi status alat (aktif, dipindah, atau nonaktif).",Operations Admin,2026-08-22,OPEN
LOW,B 1133 RYD,KEND_OPS,Terdapat jeda panjang tanpa transaksi solar di tengah masa aktif unit.,"missing_data_penalty=83.3, data_completeness=16.7%","Cek kemungkinan duplikasi transaksi / konfirmasi status alat (aktif, dipindah, atau nonaktif).",Operations Admin,2026-08-22,OPEN
LOW,B 1557 CZQ,KEND_OPS,Terdapat jeda panjang tanpa transaksi solar di tengah masa aktif unit.,"missing_data_penalty=100.0, data_completeness=0.0%","Cek kemungkinan duplikasi transaksi / konfirmasi status alat (aktif, dipindah, atau nonaktif).",Operations Admin,2026-08-22,OPEN
LOW,B 1975 HKN,KEND_OPS,Terdapat jeda panjang tanpa transaksi solar di tengah masa aktif unit.,"missing_data_penalty=52.4, data_completeness=47.6%","Cek kemungkinan duplikasi transaksi / konfirmasi status alat (aktif, dipindah, atau nonaktif).",Operations Admin,2026-08-22,OPEN
LOW,B 8935 CY,KEND_OPS,Terdapat jeda panjang tanpa transaksi solar di tengah masa aktif unit.,"missing_data_penalty=100.0, data_completeness=0.0%","Cek kemungkinan duplikasi transaksi / konfirmasi status alat (aktif, dipindah, atau nonaktif).",Operations Admin,2026-08-22,OPEN
LOW,B 8984 CY,KEND_OPS,Terdapat jeda panjang tanpa transaksi solar di tengah masa aktif unit.,"missing_data_penalty=100.0, data_completeness=0.0%","Cek kemungkinan duplikasi transaksi / konfirmasi status alat (aktif, dipindah, atau nonaktif).",Operations Admin,2026-08-22,OPEN
LOW,B 9015 RFP,KEND_OPS,Rata-rata konsumsi per pengisian jauh di atas median unit sejenis.,average_daily_fuel=49.7 L vs median kategori 32.2 L (rasio 1.54x),"Bandingkan jam operasi, trip, idle time, dan hour meter dengan unit sejenis.",Operations Admin,2026-08-22,OPEN
LOW,B 9015 RFP,KEND_OPS,Terdapat jeda panjang tanpa transaksi solar di tengah masa aktif unit.,"missing_data_penalty=100.0, data_completeness=0.0%","Cek kemungkinan duplikasi transaksi / konfirmasi status alat (aktif, dipindah, atau nonaktif).",Operations Admin,2026-08-22,OPEN
LOW,B 9080 VE,KEND_OPS,Rata-rata konsumsi per pengisian jauh di atas median unit sejenis.,average_daily_fuel=51.8 L vs median kategori 32.2 L (rasio 1.61x),"Bandingkan jam operasi, trip, idle time, dan hour meter dengan unit sejenis.",Operations Admin,2026-08-22,OPEN
LOW,B 9080 VE,KEND_OPS,Terdapat jeda panjang tanpa transaksi solar di tengah masa aktif unit.,"missing_data_penalty=50.0, data_completeness=50.0%","Cek kemungkinan duplikasi transaksi / konfirmasi status alat (aktif, dipindah, atau nonaktif).",Operations Admin,2026-08-22,OPEN
LOW,B 9118 SO,KEND_OPS,Rata-rata konsumsi per pengisian jauh di atas median unit sejenis.,average_daily_fuel=62.4 L vs median kategori 32.2 L (rasio 1.94x),"Bandingkan jam operasi, trip, idle time, dan hour meter dengan unit sejenis.",Operations Admin,2026-08-22,OPEN
LOW,B 9118 SO,KEND_OPS,Terdapat jeda panjang tanpa transaksi solar di tengah masa aktif unit.,"missing_data_penalty=100.0, data_completeness=0.0%","Cek kemungkinan duplikasi transaksi / konfirmasi status alat (aktif, dipindah, atau nonaktif).",Operations Admin,2026-08-22,OPEN
LOW,B 9118 SQ,KEND_OPS,Rata-rata konsumsi per pengisian jauh di atas median unit sejenis.,average_daily_fuel=64.7 L vs median kategori 32.2 L (rasio 2.01x),"Bandingkan jam operasi, trip, idle time, dan hour meter dengan unit sejenis.",Operations Admin,2026-08-22,OPEN
LOW,B 9118 SQ,KEND_OPS,Terdapat jeda panjang tanpa transaksi solar di tengah masa aktif unit.,"missing_data_penalty=100.0, data_completeness=0.0%","Cek kemungkinan duplikasi transaksi / konfirmasi status alat (aktif, dipindah, atau nonaktif).",Operations Admin,2026-08-22,OPEN
LOW,B 9150 TBD,KEND_OPS,Terdapat jeda panjang tanpa transaksi solar di tengah masa aktif unit.,"missing_data_penalty=90.5, data_completeness=9.5%","Cek kemungkinan duplikasi transaksi / konfirmasi status alat (aktif, dipindah, atau nonaktif).",Operations Admin,2026-08-22,OPEN
LOW,B 9172 CBA,KEND_OPS,Terdapat jeda panjang tanpa transaksi solar di tengah masa aktif unit.,"missing_data_penalty=97.6, data_completeness=2.4%","Cek kemungkinan duplikasi transaksi / konfirmasi status alat (aktif, dipindah, atau nonaktif).",Operations Admin,2026-08-22,OPEN
LOW,B 9269 UWM,KEND_OPS,Terdapat jeda panjang tanpa transaksi solar di tengah masa aktif unit.,"missing_data_penalty=52.4, data_completeness=47.6%","Cek kemungkinan duplikasi transaksi / konfirmasi status alat (aktif, dipindah, atau nonaktif).",Operations Admin,2026-08-22,OPEN
LOW,B 9301 UAV,KEND_OPS,Terdapat jeda panjang tanpa transaksi solar di tengah masa aktif unit.,"missing_data_penalty=78.6, data_completeness=21.4%","Cek kemungkinan duplikasi transaksi / konfirmasi status alat (aktif, dipindah, atau nonaktif).",Operations Admin,2026-08-22,OPEN
LOW,B 9456 TVC,KEND_OPS,Terdapat jeda panjang tanpa transaksi solar di tengah masa aktif unit.,"missing_data_penalty=100.0, data_completeness=0.0%","Cek kemungkinan duplikasi transaksi / konfirmasi status alat (aktif, dipindah, atau nonaktif).",Operations Admin,2026-08-22,OPEN
LOW,B 9498 BAY,KEND_OPS,Terdapat jeda panjang tanpa transaksi solar di tengah masa aktif unit.,"missing_data_penalty=100.0, data_completeness=0.0%","Cek kemungkinan duplikasi transaksi / konfirmasi status alat (aktif, dipindah, atau nonaktif).",Operations Admin,2026-08-22,OPEN
LOW,B 9537 BAY,KEND_OPS,Terdapat jeda panjang tanpa transaksi solar di tengah masa aktif unit.,"missing_data_penalty=90.5, data_completeness=9.5%","Cek kemungkinan duplikasi transaksi / konfirmasi status alat (aktif, dipindah, atau nonaktif).",Operations Admin,2026-08-22,OPEN
LOW,B 9578 BAY,KEND_OPS,Terdapat jeda panjang tanpa transaksi solar di tengah masa aktif unit.,"missing_data_penalty=100.0, data_completeness=0.0%","Cek kemungkinan duplikasi transaksi / konfirmasi status alat (aktif, dipindah, atau nonaktif).",Operations Admin,2026-08-22,OPEN
LOW,B 9580 BAY,KEND_OPS,Terdapat jeda panjang tanpa transaksi solar di tengah masa aktif unit.,"missing_data_penalty=92.9, data_completeness=7.1%","Cek kemungkinan duplikasi transaksi / konfirmasi status alat (aktif, dipindah, atau nonaktif).",Operations Admin,2026-08-22,OPEN
LOW,B 9584 BAY,KEND_OPS,Terdapat jeda panjang tanpa transaksi solar di tengah masa aktif unit.,"missing_data_penalty=100.0, data_completeness=0.0%","Cek kemungkinan duplikasi transaksi / konfirmasi status alat (aktif, dipindah, atau nonaktif).",Operations Admin,2026-08-22,OPEN
LOW,B 9586 BAY,KEND_OPS,Terdapat jeda panjang tanpa transaksi solar di tengah masa aktif unit.,"missing_data_penalty=100.0, data_completeness=0.0%","Cek kemungkinan duplikasi transaksi / konfirmasi status alat (aktif, dipindah, atau nonaktif).",Operations Admin,2026-08-22,OPEN
LOW,B 9594 BAY,KEND_OPS,Terdapat jeda panjang tanpa transaksi solar di tengah masa aktif unit.,"missing_data_penalty=100.0, data_completeness=0.0%","Cek kemungkinan duplikasi transaksi / konfirmasi status alat (aktif, dipindah, atau nonaktif).",Operations Admin,2026-08-22,OPEN
LOW,B 9615 TVC,KEND_OPS,Terdapat jeda panjang tanpa transaksi solar di tengah masa aktif unit.,"missing_data_penalty=66.7, data_completeness=33.3%","Cek kemungkinan duplikasi transaksi / konfirmasi status alat (aktif, dipindah, atau nonaktif).",Operations Admin,2026-08-22,OPEN
LOW,B 9619 TVC,KEND_OPS,Terdapat jeda panjang tanpa transaksi solar di tengah masa aktif unit.,"missing_data_penalty=50.0, data_completeness=50.0%","Cek kemungkinan duplikasi transaksi / konfirmasi status alat (aktif, dipindah, atau nonaktif).",Operations Admin,2026-08-22,OPEN
LOW,B 9623 BAY,KEND_OPS,Terdapat jeda panjang tanpa transaksi solar di tengah masa aktif unit.,"missing_data_penalty=100.0, data_completeness=0.0%","Cek kemungkinan duplikasi transaksi / konfirmasi status alat (aktif, dipindah, atau nonaktif).",Operations Admin,2026-08-22,OPEN
LOW,B 9625 BAY,KEND_OPS,Terdapat jeda panjang tanpa transaksi solar di tengah masa aktif unit.,"missing_data_penalty=100.0, data_completeness=0.0%","Cek kemungkinan duplikasi transaksi / konfirmasi status alat (aktif, dipindah, atau nonaktif).",Operations Admin,2026-08-22,OPEN
LOW,B 9627 BAY,KEND_OPS,Terdapat jeda panjang tanpa transaksi solar di tengah masa aktif unit.,"missing_data_penalty=100.0, data_completeness=0.0%","Cek kemungkinan duplikasi transaksi / konfirmasi status alat (aktif, dipindah, atau nonaktif).",Operations Admin,2026-08-22,OPEN
LOW,B 9629 BAY,KEND_OPS,Terdapat jeda panjang tanpa transaksi solar di tengah masa aktif unit.,"missing_data_penalty=83.3, data_completeness=16.7%","Cek kemungkinan duplikasi transaksi / konfirmasi status alat (aktif, dipindah, atau nonaktif).",Operations Admin,2026-08-22,OPEN
LOW,B 9631 BAY,KEND_OPS,Terdapat jeda panjang tanpa transaksi solar di tengah masa aktif unit.,"missing_data_penalty=100.0, data_completeness=0.0%","Cek kemungkinan duplikasi transaksi / konfirmasi status alat (aktif, dipindah, atau nonaktif).",Operations Admin,2026-08-22,OPEN
LOW,B 9682 BAY,KEND_OPS,Terdapat jeda panjang tanpa transaksi solar di tengah masa aktif unit.,"missing_data_penalty=57.1, data_completeness=42.9%","Cek kemungkinan duplikasi transaksi / konfirmasi status alat (aktif, dipindah, atau nonaktif).",Operations Admin,2026-08-22,OPEN
LOW,B 9786 BAZ,KEND_OPS,Terdapat jeda panjang tanpa transaksi solar di tengah masa aktif unit.,"missing_data_penalty=76.2, data_completeness=23.8%","Cek kemungkinan duplikasi transaksi / konfirmasi status alat (aktif, dipindah, atau nonaktif).",Operations Admin,2026-08-22,OPEN
LOW,B 9799 BAZ,KEND_OPS,Terdapat jeda panjang tanpa transaksi solar di tengah masa aktif unit.,"missing_data_penalty=64.3, data_completeness=35.7%","Cek kemungkinan duplikasi transaksi / konfirmasi status alat (aktif, dipindah, atau nonaktif).",Operations Admin,2026-08-22,OPEN
LOW,B 9801 BAZ,KEND_OPS,Terdapat jeda panjang tanpa transaksi solar di tengah masa aktif unit.,"missing_data_penalty=100.0, data_completeness=0.0%","Cek kemungkinan duplikasi transaksi / konfirmasi status alat (aktif, dipindah, atau nonaktif).",Operations Admin,2026-08-22,OPEN
LOW,B 9870 CAJ,KEND_OPS,Terdapat jeda panjang tanpa transaksi solar di tengah masa aktif unit.,"missing_data_penalty=100.0, data_completeness=0.0%","Cek kemungkinan duplikasi transaksi / konfirmasi status alat (aktif, dipindah, atau nonaktif).",Operations Admin,2026-08-22,OPEN
LOW,B 9872 CAJ,KEND_OPS,Terdapat jeda panjang tanpa transaksi solar di tengah masa aktif unit.,"missing_data_penalty=78.6, data_completeness=21.4%","Cek kemungkinan duplikasi transaksi / konfirmasi status alat (aktif, dipindah, atau nonaktif).",Operations Admin,2026-08-22,OPEN
LOW,B 9963 CAJ,KEND_OPS,Terdapat jeda panjang tanpa transaksi solar di tengah masa aktif unit.,"missing_data_penalty=50.0, data_completeness=50.0%","Cek kemungkinan duplikasi transaksi / konfirmasi status alat (aktif, dipindah, atau nonaktif).",Operations Admin,2026-08-22,OPEN
LOW,FRK 17,SUPPORT,Terdapat jeda panjang tanpa transaksi solar di tengah masa aktif unit.,"missing_data_penalty=90.5, data_completeness=9.5%","Cek kemungkinan duplikasi transaksi / konfirmasi status alat (aktif, dipindah, atau nonaktif).",Operations Admin,2026-08-22,OPEN
LOW,FRK 19,SUPPORT,Terdapat jeda panjang tanpa transaksi solar di tengah masa aktif unit.,"missing_data_penalty=57.1, data_completeness=42.9%","Cek kemungkinan duplikasi transaksi / konfirmasi status alat (aktif, dipindah, atau nonaktif).",Operations Admin,2026-08-22,OPEN
LOW,FRK 20,SUPPORT,Terdapat jeda panjang tanpa transaksi solar di tengah masa aktif unit.,"missing_data_penalty=100.0, data_completeness=0.0%","Cek kemungkinan duplikasi transaksi / konfirmasi status alat (aktif, dipindah, atau nonaktif).",Operations Admin,2026-08-22,OPEN
LOW,FRK 22,SUPPORT,Terdapat jeda panjang tanpa transaksi solar di tengah masa aktif unit.,"missing_data_penalty=100.0, data_completeness=0.0%","Cek kemungkinan duplikasi transaksi / konfirmasi status alat (aktif, dipindah, atau nonaktif).",Operations Admin,2026-08-22,OPEN
LOW,FRK 26,SUPPORT,Terdapat jeda panjang tanpa transaksi solar di tengah masa aktif unit.,"missing_data_penalty=88.1, data_completeness=11.9%","Cek kemungkinan duplikasi transaksi / konfirmasi status alat (aktif, dipindah, atau nonaktif).",Operations Admin,2026-08-22,OPEN
LOW,FRK 28,SUPPORT,Terdapat jeda panjang tanpa transaksi solar di tengah masa aktif unit.,"missing_data_penalty=52.4, data_completeness=47.6%","Cek kemungkinan duplikasi transaksi / konfirmasi status alat (aktif, dipindah, atau nonaktif).",Operations Admin,2026-08-22,OPEN
LOW,FRK 29,SUPPORT,Terdapat jeda panjang tanpa transaksi solar di tengah masa aktif unit.,"missing_data_penalty=100.0, data_completeness=0.0%","Cek kemungkinan duplikasi transaksi / konfirmasi status alat (aktif, dipindah, atau nonaktif).",Operations Admin,2026-08-22,OPEN
LOW,FRK 30,SUPPORT,Terdapat jeda panjang tanpa transaksi solar di tengah masa aktif unit.,"missing_data_penalty=100.0, data_completeness=0.0%","Cek kemungkinan duplikasi transaksi / konfirmasi status alat (aktif, dipindah, atau nonaktif).",Operations Admin,2026-08-22,OPEN
LOW,FRK 31,SUPPORT,Terdapat jeda panjang tanpa transaksi solar di tengah masa aktif unit.,"missing_data_penalty=100.0, data_completeness=0.0%","Cek kemungkinan duplikasi transaksi / konfirmasi status alat (aktif, dipindah, atau nonaktif).",Operations Admin,2026-08-22,OPEN
LOW,FRK 32,SUPPORT,Terdapat jeda panjang tanpa transaksi solar di tengah masa aktif unit.,"missing_data_penalty=100.0, data_completeness=0.0%","Cek kemungkinan duplikasi transaksi / konfirmasi status alat (aktif, dipindah, atau nonaktif).",Operations Admin,2026-08-22,OPEN
LOW,GALMON 04,KEND_OPS,Rata-rata konsumsi per pengisian jauh di atas median unit sejenis.,average_daily_fuel=57.8 L vs median kategori 32.2 L (rasio 1.79x),"Bandingkan jam operasi, trip, idle time, dan hour meter dengan unit sejenis.",Operations Admin,2026-08-22,OPEN
LOW,GALMON 08,KEND_OPS,Rata-rata konsumsi per pengisian jauh di atas median unit sejenis.,average_daily_fuel=65.9 L vs median kategori 32.2 L (rasio 2.04x),"Bandingkan jam operasi, trip, idle time, dan hour meter dengan unit sejenis.",Operations Admin,2026-08-22,OPEN
LOW,GALMON 08,KEND_OPS,Terdapat jeda panjang tanpa transaksi solar di tengah masa aktif unit.,"missing_data_penalty=100.0, data_completeness=0.0%","Cek kemungkinan duplikasi transaksi / konfirmasi status alat (aktif, dipindah, atau nonaktif).",Operations Admin,2026-08-22,OPEN
LOW,KT 8934 CY,KEND_OPS,Terdapat jeda panjang tanpa transaksi solar di tengah masa aktif unit.,"missing_data_penalty=69.0, data_completeness=31.0%","Cek kemungkinan duplikasi transaksi / konfirmasi status alat (aktif, dipindah, atau nonaktif).",Operations Admin,2026-08-22,OPEN
LOW,MODUL 1,MODUL,Terdapat jeda panjang tanpa transaksi solar di tengah masa aktif unit.,"missing_data_penalty=73.8, data_completeness=26.2%","Cek kemungkinan duplikasi transaksi / konfirmasi status alat (aktif, dipindah, atau nonaktif).",Operations Admin,2026-08-22,OPEN
LOW,Modul ST 18,MODUL,Rata-rata konsumsi per pengisian jauh di atas median unit sejenis.,average_daily_fuel=24.6 L vs median kategori 2.8 L (rasio 8.86x),"Bandingkan jam operasi, trip, idle time, dan hour meter dengan unit sejenis.",Operations Admin,2026-08-22,OPEN
LOW,RS 01,SUPPORT,Rata-rata konsumsi per pengisian jauh di atas median unit sejenis.,average_daily_fuel=147.7 L vs median kategori 32.5 L (rasio 4.54x),"Bandingkan jam operasi, trip, idle time, dan hour meter dengan unit sejenis.",Operations Admin,2026-08-22,OPEN
LOW,RS 01,SUPPORT,Terdapat jeda panjang tanpa transaksi solar di tengah masa aktif unit.,"missing_data_penalty=54.8, data_completeness=45.2%","Cek kemungkinan duplikasi transaksi / konfirmasi status alat (aktif, dipindah, atau nonaktif).",Operations Admin,2026-08-22,OPEN
LOW,RS 02,SUPPORT,Rata-rata konsumsi per pengisian jauh di atas median unit sejenis.,average_daily_fuel=141.0 L vs median kategori 32.5 L (rasio 4.33x),"Bandingkan jam operasi, trip, idle time, dan hour meter dengan unit sejenis.",Operations Admin,2026-08-22,OPEN
LOW,RS 02,SUPPORT,Terdapat jeda panjang tanpa transaksi solar di tengah masa aktif unit.,"missing_data_penalty=81.0, data_completeness=19.0%","Cek kemungkinan duplikasi transaksi / konfirmasi status alat (aktif, dipindah, atau nonaktif).",Operations Admin,2026-08-22,OPEN
LOW,RS 06,SUPPORT,Rata-rata konsumsi per pengisian jauh di atas median unit sejenis.,average_daily_fuel=146.6 L vs median kategori 32.5 L (rasio 4.51x),"Bandingkan jam operasi, trip, idle time, dan hour meter dengan unit sejenis.",Operations Admin,2026-08-22,OPEN
LOW,RS 06,SUPPORT,Terdapat jeda panjang tanpa transaksi solar di tengah masa aktif unit.,"missing_data_penalty=100.0, data_completeness=0.0%","Cek kemungkinan duplikasi transaksi / konfirmasi status alat (aktif, dipindah, atau nonaktif).",Operations Admin,2026-08-22,OPEN
LOW,RS 25,SUPPORT,Rata-rata konsumsi per pengisian jauh di atas median unit sejenis.,average_daily_fuel=160.8 L vs median kategori 32.5 L (rasio 4.94x),"Bandingkan jam operasi, trip, idle time, dan hour meter dengan unit sejenis.",Operations Admin,2026-08-22,OPEN
LOW,RS 25,SUPPORT,Terdapat jeda panjang tanpa transaksi solar di tengah masa aktif unit.,"missing_data_penalty=69.0, data_completeness=31.0%","Cek kemungkinan duplikasi transaksi / konfirmasi status alat (aktif, dipindah, atau nonaktif).",Operations Admin,2026-08-22,OPEN
LOW,SL 03,SUPPORT,Terdapat jeda panjang tanpa transaksi solar di tengah masa aktif unit.,"missing_data_penalty=100.0, data_completeness=0.0%","Cek kemungkinan duplikasi transaksi / konfirmasi status alat (aktif, dipindah, atau nonaktif).",Operations Admin,2026-08-22,OPEN
LOW,SL 04,SUPPORT,Rata-rata konsumsi per pengisian jauh di atas median unit sejenis.,average_daily_fuel=78.6 L vs median kategori 32.5 L (rasio 2.42x),"Bandingkan jam operasi, trip, idle time, dan hour meter dengan unit sejenis.",Operations Admin,2026-08-22,OPEN
LOW,SL 04,SUPPORT,Terdapat jeda panjang tanpa transaksi solar di tengah masa aktif unit.,"missing_data_penalty=100.0, data_completeness=0.0%","Cek kemungkinan duplikasi transaksi / konfirmasi status alat (aktif, dipindah, atau nonaktif).",Operations Admin,2026-08-22,OPEN
LOW,SL 05,SUPPORT,Rata-rata konsumsi per pengisian jauh di atas median unit sejenis.,average_daily_fuel=74.3 L vs median kategori 32.5 L (rasio 2.29x),"Bandingkan jam operasi, trip, idle time, dan hour meter dengan unit sejenis.",Operations Admin,2026-08-22,OPEN
LOW,SL 05,SUPPORT,Terdapat jeda panjang tanpa transaksi solar di tengah masa aktif unit.,"missing_data_penalty=100.0, data_completeness=0.0%","Cek kemungkinan duplikasi transaksi / konfirmasi status alat (aktif, dipindah, atau nonaktif).",Operations Admin,2026-08-22,OPEN
LOW,SL 10,SUPPORT,Rata-rata konsumsi per pengisian jauh di atas median unit sejenis.,average_daily_fuel=76.8 L vs median kategori 32.5 L (rasio 2.36x),"Bandingkan jam operasi, trip, idle time, dan hour meter dengan unit sejenis.",Operations Admin,2026-08-22,OPEN
LOW,SL 10,SUPPORT,Terdapat jeda panjang tanpa transaksi solar di tengah masa aktif unit.,"missing_data_penalty=100.0, data_completeness=0.0%","Cek kemungkinan duplikasi transaksi / konfirmasi status alat (aktif, dipindah, atau nonaktif).",Operations Admin,2026-08-22,OPEN
LOW,SL 11,SUPPORT,Rata-rata konsumsi per pengisian jauh di atas median unit sejenis.,average_daily_fuel=78.5 L vs median kategori 32.5 L (rasio 2.41x),"Bandingkan jam operasi, trip, idle time, dan hour meter dengan unit sejenis.",Operations Admin,2026-08-22,OPEN
LOW,SL 24,SUPPORT,Rata-rata konsumsi per pengisian jauh di atas median unit sejenis.,average_daily_fuel=74.8 L vs median kategori 32.5 L (rasio 2.30x),"Bandingkan jam operasi, trip, idle time, dan hour meter dengan unit sejenis.",Operations Admin,2026-08-22,OPEN
LOW,SL 24,SUPPORT,Terdapat jeda panjang tanpa transaksi solar di tengah masa aktif unit.,"missing_data_penalty=54.8, data_completeness=45.2%","Cek kemungkinan duplikasi transaksi / konfirmasi status alat (aktif, dipindah, atau nonaktif).",Operations Admin,2026-08-22,OPEN
