date,year,month,equipment_category,equipment_id,fuel_liter,status_text,source_sheet,source_file,source_row,data_status,issue_code
2026-10-05,2026,10,FRK,30,25.9,online,N/A,ujb_dashboard_scrape,1,VALID,
2026-10-05,2026,10,RANGGA,11,31.93,online,N/A,ujb_dashboard_scrape,2,VALID,
2026-10-05,2026,10,HEAD_TRUCK,157,104.62,online,N/A,ujb_dashboard_scrape,3,VALID,
2026-10-05,2026,10,HEAD_TRUCK,153,16.43,online,N/A,ujb_dashboard_scrape,4,VALID,
2026-10-05,2026,10,HEAD_TRUCK,211,104.53,online,N/A,ujb_dashboard_scrape,5,VALID,
2026-10-05,2026,10,HEAD_TRUCK,140,88.83,online,N/A,ujb_dashboard_scrape,6,VALID,
2026-10-05,2026,10,RANGGA,04,25.38,online,N/A,ujb_dashboard_scrape,7,VALID,
2026-10-05,2026,10,BUS,03,55.0,online,N/A,ujb_dashboard_scrape,8,VALID,
2026-10-05,2026,10,HEAD_TRUCK,178,114.01,online,N/A,ujb_dashboard_scrape,9,VALID,
2026-10-05,2026,10,RANGGA,06,40.0,online,N/A,ujb_dashboard_scrape,10,VALID,
2026-10-05,2026,10,HEAD_TRUCK,202,115.41,online,N/A,ujb_dashboard_scrape,11,VALID,
2026-10-05,2026,10,HEAD_TRUCK,188,69.44,online,N/A,ujb_dashboard_scrape,12,VALID,
2026-10-05,2026,10,HEAD_TRUCK,133,110.71,online,N/A,ujb_dashboard_scrape,13,VALID,
2026-10-05,2026,10,HEAD_TRUCK,151,118.66,online,N/A,ujb_dashboard_scrape,14,VALID,
2026-10-05,2026,10,HEAD_TRUCK,145,96.11,online,N/A,ujb_dashboard_scrape,15,VALID,
2026-10-05,2026,10,HEAD_TRUCK,182,71.53,online,N/A,ujb_dashboard_scrape,16,VALID,
2026-10-05,2026,10,HEAD_TRUCK,165,119.15,online,N/A,ujb_dashboard_scrape,17,VALID,
2026-10-05,2026,10,HEAD_TRUCK,132,99.54,online,N/A,ujb_dashboard_scrape,18,VALID,
2026-10-05,2026,10,HEAD_TRUCK,177,107.9,online,N/A,ujb_dashboard_scrape,19,VALID,
2026-10-05,2026,10,HEAD_TRUCK,177,9.34,online,N/A,ujb_dashboard_scrape,20,VALID,
2026-10-05,2026,10,B,9015 UBE,40.0,online,N/A,ujb_dashboard_scrape,21,VALID,
2026-10-05,2026,10,HEAD_TRUCK,135,109.85,online,N/A,ujb_dashboard_scrape,22,VALID,
2026-10-05,2026,10,RANGGA,16,32.73,online,N/A,ujb_dashboard_scrape,23,VALID,
2026-10-05,2026,10,HEAD_TRUCK,152,71.98,online,N/A,ujb_dashboard_scrape,24,VALID,
2026-10-05,2026,10,HEAD_TRUCK,199,76.88,online,N/A,ujb_dashboard_scrape,25,VALID,
2026-10-05,2026,10,HEAD_TRUCK,207,77.32,online,N/A,ujb_dashboard_scrape,26,VALID,
2026-10-05,2026,10,HEAD_TRUCK,197,88.45,online,N/A,ujb_dashboard_scrape,27,VALID,
2026-10-05,2026,10,BUS,02,43.98,online,N/A,ujb_dashboard_scrape,28,VALID,
2026-10-05,2026,10,HEAD_TRUCK,169,76.09,online,N/A,ujb_dashboard_scrape,29,VALID,
2026-10-05,2026,10,HEAD_TRUCK,208,86.56,online,N/A,ujb_dashboard_scrape,30,VALID,
2026-10-05,2026,10,HEAD_TRUCK,203,98.52,online,N/A,ujb_dashboard_scrape,31,VALID,
2026-10-05,2026,10,HEAD_TRUCK,201,80.61,online,N/A,ujb_dashboard_scrape,32,VALID,
2026-10-05,2026,10,HEAD_TRUCK,179,104.56,online,N/A,ujb_dashboard_scrape,33,VALID,
2026-10-05,2026,10,HEAD_TRUCK,95,113.25,online,N/A,ujb_dashboard_scrape,34,VALID,
2026-10-05,2026,10,HEAD_TRUCK,154,95.83,online,N/A,ujb_dashboard_scrape,35,VALID,
2026-10-05,2026,10,HEAD_TRUCK,141,119.96,online,N/A,ujb_dashboard_scrape,36,VALID,
2026-10-05,2026,10,HEAD_TRUCK,149,105.67,online,N/A,ujb_dashboard_scrape,37,VALID,
2026-10-05,2026,10,BUS,01,49.6,online,N/A,ujb_dashboard_scrape,38,VALID,
2026-10-05,2026,10,HEAD_TRUCK,180,60.65,online,N/A,ujb_dashboard_scrape,39,VALID,
2026-10-05,2026,10,HEAD_TRUCK,143,46.52,online,N/A,ujb_dashboard_scrape,40,VALID,
2026-10-05,2026,10,HEAD_TRUCK,212,83.25,online,N/A,ujb_dashboard_scrape,41,VALID,
2026-10-05,2026,10,HEAD_TRUCK,210,54.14,online,N/A,ujb_dashboard_scrape,42,VALID,
2026-10-05,2026,10,HEAD_TRUCK,144,72.64,online,N/A,ujb_dashboard_scrape,43,VALID,
2026-10-05,2026,10,HEAD_TRUCK,194,59.34,online,N/A,ujb_dashboard_scrape,44,VALID,
2026-10-05,2026,10,HEAD_TRUCK,163,82.54,online,N/A,ujb_dashboard_scrape,45,VALID,
2026-10-05,2026,10,HEAD_TRUCK,216,95.35,online,N/A,ujb_dashboard_scrape,46,VALID,
2026-10-05,2026,10,HEAD_TRUCK,186,83.25,online,N/A,ujb_dashboard_scrape,47,VALID,
2026-10-05,2026,10,HEAD_TRUCK,183,121.34,online,N/A,ujb_dashboard_scrape,48,VALID,
2026-10-05,2026,10,HEAD_TRUCK,206,61.98,online,N/A,ujb_dashboard_scrape,49,VALID,
2026-10-05,2026,10,HEAD_TRUCK,214,71.19,online,N/A,ujb_dashboard_scrape,50,VALID,
2026-10-05,2026,10,HEAD_TRUCK,185,71.86,online,N/A,ujb_dashboard_scrape,51,VALID,
2026-10-05,2026,10,HEAD_TRUCK,214,35.5,online,N/A,ujb_dashboard_scrape,52,VALID,
2026-10-05,2026,10,RANGGA,04,40.0,online,N/A,ujb_dashboard_scrape,53,VALID,
2026-10-05,2026,10,D,M,40.0,online,N/A,ujb_dashboard_scrape,54,VALID,
2026-10-05,2026,10,HEAD_TRUCK,137,68.87,online,N/A,ujb_dashboard_scrape,55,VALID,
2026-10-05,2026,10,HEAD_TRUCK,170,85.91,online,N/A,ujb_dashboard_scrape,56,VALID,
2026-10-05,2026,10,HEAD_TRUCK,195,135.12,online,N/A,ujb_dashboard_scrape,57,VALID,
2026-10-05,2026,10,HEAD_TRUCK,166,81.93,online,N/A,ujb_dashboard_scrape,58,VALID,
2026-10-05,2026,10,HEAD_TRUCK,161,77.73,online,N/A,ujb_dashboard_scrape,59,VALID,
2026-10-05,2026,10,RANGGA,13,40.0,online,N/A,ujb_dashboard_scrape,60,VALID,
2026-10-05,2026,10,HEAD_TRUCK,136,77.19,online,N/A,ujb_dashboard_scrape,61,VALID,
2026-10-05,2026,10,HEAD_TRUCK,190,71.72,online,N/A,ujb_dashboard_scrape,62,VALID,
2026-10-05,2026,10,HEAD_TRUCK,138,84.85,online,N/A,ujb_dashboard_scrape,63,VALID,
2026-10-05,2026,10,HEAD_TRUCK,181,86.31,online,N/A,ujb_dashboard_scrape,64,VALID,
2026-10-05,2026,10,HEAD_TRUCK,168,101.09,online,N/A,ujb_dashboard_scrape,65,VALID,
2026-10-05,2026,10,HEAD_TRUCK,164,61.7,online,N/A,ujb_dashboard_scrape,66,VALID,
2026-10-05,2026,10,HEAD_TRUCK,184,36.42,online,N/A,ujb_dashboard_scrape,67,VALID,
2026-10-05,2026,10,HEAD_TRUCK,184,22.59,online,N/A,ujb_dashboard_scrape,68,VALID,
2026-10-05,2026,10,HEAD_TRUCK,156,94.37,online,N/A,ujb_dashboard_scrape,69,VALID,
2026-10-05,2026,10,HEAD_TRUCK,171,113.85,online,N/A,ujb_dashboard_scrape,70,VALID,
2026-10-05,2026,10,HEAD_TRUCK,205,128.05,online,N/A,ujb_dashboard_scrape,71,VALID,
2026-10-05,2026,10,HEAD_TRUCK,131,107.58,online,N/A,ujb_dashboard_scrape,72,VALID,
2026-10-05,2026,10,ELF,03,35.0,online,N/A,ujb_dashboard_scrape,73,VALID,
2026-10-05,2026,10,HEAD_TRUCK,158,115.3,online,N/A,ujb_dashboard_scrape,74,VALID,
2026-10-05,2026,10,ELF,02,35.0,online,N/A,ujb_dashboard_scrape,75,VALID,
2026-10-05,2026,10,HEAD_TRUCK,172,108.72,online,N/A,ujb_dashboard_scrape,76,VALID,
2026-10-05,2026,10,HEAD_TRUCK,147,103.46,online,N/A,ujb_dashboard_scrape,77,VALID,
2026-10-05,2026,10,HEAD_TRUCK,148,95.52,online,N/A,ujb_dashboard_scrape,78,VALID,
2026-10-05,2026,10,ELF,01,35.0,online,N/A,ujb_dashboard_scrape,79,VALID,
2026-10-05,2026,10,HEAD_TRUCK,159,97.22,online,N/A,ujb_dashboard_scrape,80,VALID,
2026-10-05,2026,10,HEAD_TRUCK,196,96.11,online,N/A,ujb_dashboard_scrape,81,VALID,
2026-10-05,2026,10,HEAD_TRUCK,150,79.63,online,N/A,ujb_dashboard_scrape,82,VALID,
2026-10-05,2026,10,HEAD_TRUCK,192,36.67,online,N/A,ujb_dashboard_scrape,83,VALID,
2026-10-05,2026,10,HEAD_TRUCK,162,69.27,online,N/A,ujb_dashboard_scrape,84,VALID,
2026-10-05,2026,10,RANGGA,15,40.0,online,N/A,ujb_dashboard_scrape,85,VALID,
2026-10-05,2026,10,HEAD_TRUCK,139,57.47,online,N/A,ujb_dashboard_scrape,86,VALID,
2026-10-05,2026,10,HEAD_TRUCK,198,60.07,online,N/A,ujb_dashboard_scrape,87,VALID,
2026-10-05,2026,10,HEAD_TRUCK,128,92.86,online,N/A,ujb_dashboard_scrape,88,VALID,
2026-10-05,2026,10,HEAD_TRUCK,204,74.37,online,N/A,ujb_dashboard_scrape,89,VALID,
2026-10-05,2026,10,HEAD_TRUCK,193,71.58,online,N/A,ujb_dashboard_scrape,90,VALID,
2026-10-05,2026,10,HEAD_TRUCK,209,121.36,online,N/A,ujb_dashboard_scrape,91,VALID,
2026-10-05,2026,10,HEAD_TRUCK,174,75.49,online,N/A,ujb_dashboard_scrape,92,VALID,
2026-10-05,2026,10,HEAD_TRUCK,134,103.26,online,N/A,ujb_dashboard_scrape,93,VALID,
2026-10-05,2026,10,TRAGA,01,28.52,online,N/A,ujb_dashboard_scrape,94,VALID,
2026-10-05,2026,10,HEAD_TRUCK,191,68.49,online,N/A,ujb_dashboard_scrape,95,VALID,
2026-10-05,2026,10,HEAD_TRUCK,142,87.79,online,N/A,ujb_dashboard_scrape,96,VALID,
2026-10-04,2026,10,HEAD_TRUCK,210,74.28,online,N/A,ujb_dashboard_scrape,97,VALID,
2026-10-04,2026,10,HEAD_TRUCK,198,67.03,online,N/A,ujb_dashboard_scrape,98,VALID,
2026-10-04,2026,10,RANGGA,04,40.0,online,N/A,ujb_dashboard_scrape,99,VALID,
2026-10-04,2026,10,HEAD_TRUCK,185,106.44,online,N/A,ujb_dashboard_scrape,100,VALID,
